date,team,opponent,elo_after,elo_change,score
2021-06-03,Afghanistan,Bangladesh,1131,-14,1 - 1
2021-06-11,Afghanistan,Oman,1127,-4,2 - 1
2021-06-15,Afghanistan,India,1131,4,1 - 1
2021-11-16,Afghanistan,Indonesia,1141,10,1 - 0
2022-06-01,Afghanistan,Vietnam,1137,-4,2 - 0
2022-06-08,Afghanistan,Hong Kong,1117,-20,2 - 1
2022-06-11,Afghanistan,India,1107,-10,2 - 1
2022-06-14,Afghanistan,Cambodia,1094,-13,2 - 2
2023-06-10,Afghanistan,Kyrgyzstan,1086,-8,1 - 0
2023-06-13,Afghanistan,Iran,1085,-1,6 - 1
2023-09-03,Afghanistan,Bangladesh,1083,-2,0 - 0
2023-09-07,Afghanistan,Bangladesh,1081,-2,1 - 1
2023-09-12,Afghanistan,Philippines,1072,-9,2 - 1
2023-10-12,Afghanistan,Mongolia,1079,7,1 - 0
2023-10-17,Afghanistan,Mongolia,1090,11,0 - 1
2023-11-16,Afghanistan,Qatar,1086,-4,8 - 1
2023-11-21,Afghanistan,Kuwait,1073,-13,4 - 0
2024-03-21,Afghanistan,India,1082,9,0 - 0
2024-03-26,Afghanistan,India,1114,32,1 - 2
2024-06-06,Afghanistan,Qatar,1132,18,0 - 0
2024-06-11,Afghanistan,Kuwait,1126,-6,1 - 0
2024-11-16,Afghanistan,Nepal,1090,-36,2 - 0
2024-11-19,Afghanistan,Tajikistan,1083,-7,3 - 1
2025-03-21,Afghanistan,Thailand,1080,-3,2 - 0
2025-03-25,Afghanistan,Myanmar,1056,-24,2 - 1
2025-06-10,Afghanistan,Syria,1052,-4,1 - 0
2025-09-01,Afghanistan,Tajikistan,1043,-9,2 - 0
2025-09-04,Afghanistan,India,1050,7,0 - 0
2025-10-09,Afghanistan,Pakistan,1042,-8,0 - 0
2025-10-14,Afghanistan,Pakistan,1033,-11,1 - 1
2026-03-26,Afghanistan,Myanmar,1016,-19,2 - 1
2026-03-31,Afghanistan,Syria,1011,-5,5 - 1
2026-06-01,Afghanistan,Maldives,1023,12,0 - 1
2026-06-07,Afghanistan,Pakistan,990,-33,2 - 0
2026-06-10,Afghanistan,Pakistan,961,-29,2 - 0
2021-06-05,Albania,Wales,1560,8,0 - 0
2021-06-08,Albania,Czech Republic,1556,-4,3 - 1
2021-09-02,Albania,Poland,1546,-10,4 - 1
2021-09-05,Albania,Hungary,1571,25,1 - 0
2021-09-08,Albania,San Marino,1572,1,5 - 0
2021-10-09,Albania,Hungary,1604,32,0 - 1
2021-10-12,Albania,Poland,1588,-16,0 - 1
2021-11-12,Albania,England,1585,-3,5 - 0
2021-11-15,Albania,Andorra,1586,1,1 - 0
2022-03-26,Albania,Spain,1585,-1,2 - 1
2022-03-29,Albania,Georgia,1582,-3,0 - 0
2022-06-06,Albania,Iceland,1586,4,1 - 1
2022-06-10,Albania,Israel,1562,-24,1 - 2
2022-06-13,Albania,Estonia,1556,-6,0 - 0
2022-09-24,Albania,Israel,1546,-10,2 - 1
2022-09-27,Albania,Iceland,1541,-5,1 - 1
2022-10-26,Albania,Saudi Arabia,1544,3,1 - 1
2022-11-09,Albania,Qatar,1538,-6,1 - 0
2022-11-16,Albania,Italy,1535,-3,1 - 3
2022-11-19,Albania,Armenia,1543,8,2 - 0
2023-03-27,Albania,Poland,1538,-5,1 - 0
2023-06-17,Albania,Moldova,1544,6,2 - 0
2023-06-20,Albania,Faroe Islands,1562,18,1 - 3
2023-09-07,Albania,Czech Republic,1577,15,1 - 1
2023-09-10,Albania,Poland,1614,37,2 - 0
2023-10-12,Albania,Czech Republic,1657,43,3 - 0
2023-10-17,Albania,Bulgaria,1661,4,2 - 0
2023-11-17,Albania,Moldova,1649,-12,1 - 1
2023-11-20,Albania,Faroe Islands,1631,-18,0 - 0
2024-03-22,Albania,Chile,1617,-14,3 - 0
2024-03-25,Albania,Sweden,1612,-5,1 - 0
2024-06-03,Albania,Liechtenstein,1613,1,3 - 0
2024-06-07,Albania,Azerbaijan,1623,10,3 - 1
2024-06-15,Albania,Italy,1616,-7,2 - 1
2024-06-19,Albania,Croatia,1634,18,2 - 2
2024-06-24,Albania,Spain,1630,-4,1 - 0
2024-09-07,Albania,Ukraine,1660,30,2 - 1
2024-09-10,Albania,Georgia,1638,-22,0 - 1
2024-10-11,Albania,Czech Republic,1623,-15,2 - 0
2024-10-14,Albania,Georgia,1654,31,0 - 1
2024-11-16,Albania,Czech Republic,1653,-1,0 - 0
2024-11-19,Albania,Ukraine,1635,-18,1 - 2
2025-03-21,Albania,England,1631,-4,2 - 0
2025-03-24,Albania,Andorra,1633,2,3 - 0
2025-06-07,Albania,Serbia,1639,6,0 - 0
2025-06-10,Albania,Latvia,1627,-12,1 - 1
2025-09-04,Albania,Gibraltar,1628,1,0 - 1
2025-09-09,Albania,Latvia,1631,3,1 - 0
2025-10-11,Albania,Serbia,1664,33,0 - 1
2025-10-14,Albania,Jordan,1673,9,4 - 2
2025-11-13,Albania,Andorra,1675,2,0 - 1
2025-11-16,Albania,England,1664,-11,0 - 2
2026-03-26,Albania,Poland,1653,-11,2 - 1
2026-03-31,Albania,Ukraine,1646,-7,1 - 0
2026-06-03,Albania,Israel,1633,-13,0 - 1
2026-06-06,Albania,Luxembourg,1616,-17,0 - 1
2021-06-03,Algeria,Mauritania,1744,2,4 - 1
2021-06-06,Algeria,Mali,1747,3,1 - 0
2021-06-11,Algeria,Tunisia,1762,15,0 - 2
2021-06-17,Algeria,Liberia,1764,2,5 - 1
2021-09-02,Algeria,Djibouti,1769,0,8 - 0
2021-09-07,Algeria,Burkina Faso,1758,-11,1 - 1
2021-10-08,Algeria,Niger,1760,2,6 - 1
2021-10-12,Algeria,Niger,1766,6,0 - 4
2021-11-12,Algeria,Djibouti,1766,0,4 - 0
2021-11-16,Algeria,Burkina Faso,1752,-14,2 - 2
2021-12-01,Algeria,Sudan,1759,7,4 - 0
2021-12-04,Algeria,Lebanon,1765,6,2 - 0
2021-12-07,Algeria,Egypt,1759,-6,1 - 1
2021-12-11,Algeria,Morocco,1759,0,2 - 2
2021-12-15,Algeria,Qatar,1781,22,1 - 2
2021-12-18,Algeria,Tunisia,1801,20,2 - 0
2022-01-05,Algeria,Ghana,1810,9,3 - 0
2022-01-11,Algeria,Sierra Leone,1788,-22,0 - 0
2022-01-16,Algeria,Equatorial Guinea,1743,-45,1 - 0
2022-01-20,Algeria,Côte d'Ivoire,1695,-48,3 - 1
2022-03-25,Algeria,Cameroon,1716,21,0 - 1
2022-03-29,Algeria,Cameroon,1685,-31,1 - 2
2022-06-04,Algeria,Uganda,1692,7,2 - 0
2022-06-08,Algeria,Tanzania,1702,10,0 - 2
2022-06-12,Algeria,Iran,1715,13,2 - 1
2022-09-23,Algeria,Guinea,1717,2,1 - 0
2022-09-27,Algeria,Nigeria,1722,5,2 - 1
2022-11-16,Algeria,Mali,1717,-5,1 - 1
2022-11-19,Algeria,Sweden,1707,-10,2 - 0
2023-03-23,Algeria,Niger,1709,2,2 - 1
2023-03-27,Algeria,Niger,1712,3,1 - 0
2023-06-18,Algeria,Uganda,1717,5,2 - 1
2023-06-20,Algeria,Tunisia,1714,-3,1 - 1
2023-09-07,Algeria,Tanzania,1696,-18,0 - 0
2023-09-12,Algeria,Senegal,1710,14,0 - 1
2023-10-12,Algeria,Cabo Verde,1715,5,5 - 1
2023-10-16,Algeria,Egypt,1714,-1,1 - 1
2023-11-16,Algeria,Somalia,1714,0,3 - 1
2023-11-19,Algeria,Mozambique,1726,12,0 - 2
2024-01-05,Algeria,Togo,1733,7,0 - 3
2024-01-09,Algeria,Burundi,1736,3,4 - 0
2024-01-15,Algeria,Angola,1718,-18,1 - 1
2024-01-20,Algeria,Burkina Faso,1709,-9,2 - 2
2024-01-23,Algeria,Mauritania,1665,-44,1 - 0
2024-03-22,Algeria,Bolivia,1674,9,3 - 2
2024-03-26,Algeria,South Africa,1666,-8,3 - 3
2024-06-06,Algeria,Guinea,1632,-34,1 - 2
2024-06-10,Algeria,Uganda,1644,12,1 - 2
2024-09-05,Algeria,Equatorial Guinea,1659,15,2 - 0
2024-09-10,Algeria,Liberia,1671,12,0 - 3
2024-10-10,Algeria,Togo,1678,7,5 - 1
2024-10-14,Algeria,Togo,1687,9,0 - 1
2024-11-14,Algeria,Equatorial Guinea,1684,-3,0 - 0
2024-11-17,Algeria,Liberia,1688,4,5 - 1
2025-03-21,Algeria,Botswana,1701,13,1 - 3
2025-03-25,Algeria,Mozambique,1711,10,5 - 1
2025-06-05,Algeria,Rwanda,1711,2,2 - 0
2025-06-10,Algeria,Sweden,1705,-6,4 - 3
2025-09-04,Algeria,Botswana,1709,4,3 - 1
2025-09-08,Algeria,Guinea,1696,-13,0 - 0
2025-10-09,Algeria,Somalia,1696,0,3 - 0
2025-10-14,Algeria,Uganda,1700,4,2 - 1
2025-11-13,Algeria,Zimbabwe,1703,3,3 - 1
2025-11-18,Algeria,Saudi Arabia,1718,15,0 - 2
2025-12-03,Algeria,Sudan,1703,-15,0 - 0
2025-12-06,Algeria,Bahrain,1714,11,5 - 1
2025-12-09,Algeria,Iraq,1736,22,2 - 0
2025-12-12,Algeria,United Arab Emirates,1726,-10,1 - 1
2025-12-24,Algeria,Sudan,1735,9,3 - 0
2025-12-28,Algeria,Burkina Faso,1749,14,1 - 0
2025-12-31,Algeria,Equatorial Guinea,1757,8,3 - 1
2026-01-06,Algeria,DR Congo,1775,18,1 - 0
2026-01-10,Algeria,Nigeria,1728,-47,2 - 0
2026-03-27,Algeria,Guatemala,1739,11,7 - 0
2026-03-31,Algeria,Uruguay,1743,4,0 - 0
2026-06-03,Algeria,Netherlands,1760,17,0 - 1
2026-06-10,Algeria,Bolivia,1772,12,4 - 0
2021-06-03,Andorra,Republic of Ireland,1028,-2,1 - 4
2021-06-07,Andorra,Gibraltar,1027,-1,0 - 0
2021-09-02,Andorra,San Marino,1036,9,2 - 0
2021-09-05,Andorra,England,1036,0,4 - 0
2021-09-08,Andorra,Hungary,1036,0,2 - 1
2021-10-09,Andorra,England,1036,0,0 - 5
2021-10-12,Andorra,San Marino,1059,23,0 - 3
2021-11-12,Andorra,Poland,1057,-2,1 - 4
2021-11-15,Andorra,Albania,1056,-1,1 - 0
2022-03-25,Andorra,St Kitts and Nevis,1067,11,1 - 0
2022-03-28,Andorra,Grenada,1076,9,1 - 0
2022-06-03,Andorra,Latvia,1068,-8,3 - 0
2022-06-06,Andorra,Moldova,1072,4,0 - 0
2022-06-10,Andorra,Liechtenstein,1085,13,2 - 1
2022-06-14,Andorra,Moldova,1076,-9,2 - 1
2022-09-22,Andorra,Liechtenstein,1110,34,0 - 2
2022-09-25,Andorra,Latvia,1118,8,1 - 1
2022-11-16,Andorra,Austria,1117,-1,1 - 0
2022-11-19,Andorra,Gibraltar,1108,-9,1 - 0
2023-03-25,Andorra,Romania,1103,-5,0 - 2
2023-03-28,Andorra,Kosovo,1121,18,1 - 1
2023-06-16,Andorra,Switzerland,1120,-1,1 - 2
2023-06-19,Andorra,Israel,1119,-1,2 - 1
2023-09-09,Andorra,Belarus,1129,10,0 - 0
2023-09-12,Andorra,Switzerland,1128,-1,3 - 0
2023-10-12,Andorra,Kosovo,1115,-13,0 - 3
2023-10-15,Andorra,Romania,1113,-2,4 - 0
2023-11-18,Andorra,Belarus,1108,-5,1 - 0
2023-11-21,Andorra,Israel,1102,-6,0 - 2
2024-03-21,Andorra,South Africa,1115,13,1 - 1
2024-03-25,Andorra,Bolivia,1113,-2,1 - 0
2024-06-05,Andorra,Spain,1113,0,5 - 0
2024-06-11,Andorra,Northern Ireland,1110,-3,2 - 0
2024-09-04,Andorra,Gibraltar,1101,-9,1 - 0
2024-09-10,Andorra,Malta,1083,-18,0 - 1
2024-10-10,Andorra,Moldova,1077,-6,2 - 0
2024-10-13,Andorra,San Marino,1080,3,2 - 0
2024-11-16,Andorra,Moldova,1069,-11,0 - 1
2024-11-19,Andorra,Malta,1083,14,0 - 0
2025-03-21,Andorra,Latvia,1068,-15,0 - 1
2025-03-24,Andorra,Albania,1066,-2,3 - 0
2025-06-07,Andorra,England,1066,0,1 - 0
2025-06-10,Andorra,Serbia,1066,0,3 - 0
2025-09-06,Andorra,England,1066,0,2 - 0
2025-09-09,Andorra,Estonia,1074,8,0 - 0
2025-10-11,Andorra,Latvia,1089,15,2 - 2
2025-10-14,Andorra,Serbia,1087,-2,1 - 3
2025-11-13,Andorra,Albania,1085,-2,0 - 1
2025-11-17,Andorra,Finland,1083,-2,4 - 0
2026-03-27,Andorra,Montenegro,1081,-2,2 - 0
2026-03-31,Andorra,San Marino,1077,-4,0 - 0
2026-05-29,Andorra,Iraq,1076,-1,1 - 0
2026-06-04,Andorra,Liechtenstein,1081,5,2 - 0
2026-06-07,Andorra,Kosovo,1080,-1,3 - 0
2021-09-01,Angola,Egypt,1366,-5,1 - 0
2021-09-07,Angola,Libya,1340,-26,0 - 1
2021-10-08,Angola,Gabon,1368,28,3 - 1
2021-10-11,Angola,Gabon,1348,-20,2 - 0
2021-11-12,Angola,Egypt,1358,10,2 - 2
2021-11-16,Angola,Libya,1363,5,1 - 1
2022-03-26,Angola,Guinea-Bissau,1380,17,3 - 2
2022-03-29,Angola,Equatorial Guinea,1383,3,0 - 0
2022-06-01,Angola,Central African Republic,1392,9,2 - 1
2022-06-05,Angola,Madagascar,1393,1,1 - 1
2022-07-05,Angola,Comoros,1414,21,3 - 1
2022-07-07,Angola,Seychelles,1417,3,3 - 0
2022-07-10,Angola,Botswana,1392,-25,1 - 0
2022-11-17,Angola,Botswana,1401,9,1 - 0
2022-11-20,Angola,South Africa,1407,6,1 - 1
2023-03-23,Angola,Ghana,1401,-6,1 - 0
2023-03-27,Angola,Ghana,1407,6,1 - 1
2023-06-17,Angola,Central African Republic,1423,16,2 - 1
2023-07-07,Angola,Mozambique,1419,-4,1 - 1
2023-07-10,Angola,Mauritius,1381,-38,1 - 0
2023-07-12,Angola,Lesotho,1399,18,4 - 2
2023-09-07,Angola,Madagascar,1388,-11,0 - 0
2023-09-12,Angola,Iran,1386,-2,4 - 0
2023-10-13,Angola,Mozambique,1385,-1,1 - 1
2023-10-17,Angola,DR Congo,1389,4,0 - 0
2023-11-16,Angola,Cabo Verde,1399,10,0 - 0
2023-11-21,Angola,Mauritius,1386,-13,0 - 0
2024-01-06,Angola,DR Congo,1389,3,0 - 0
2024-01-10,Angola,Bahrain,1409,20,3 - 0
2024-01-15,Angola,Algeria,1427,18,1 - 1
2024-01-20,Angola,Mauritania,1449,22,3 - 2
2024-01-23,Angola,Burkina Faso,1501,52,2 - 0
2024-01-27,Angola,Namibia,1533,32,3 - 0
2024-02-02,Angola,Nigeria,1516,-17,1 - 0
2024-03-22,Angola,Morocco,1514,-2,1 - 0
2024-03-25,Angola,Comoros,1508,-6,0 - 0
2024-06-07,Angola,Eswatini,1513,5,1 - 0
2024-06-11,Angola,Cameroon,1511,-2,1 - 1
2024-06-28,Angola,Namibia,1504,-7,0 - 0
2024-07-01,Angola,Seychelles,1505,1,3 - 2
2024-07-03,Angola,Lesotho,1516,11,3 - 1
2024-07-05,Angola,Comoros,1527,11,2 - 1
2024-07-07,Angola,Namibia,1553,26,5 - 0
2024-09-05,Angola,Ghana,1578,25,0 - 1
2024-09-09,Angola,Sudan,1584,6,2 - 1
2024-10-11,Angola,Niger,1588,4,2 - 0
2024-10-15,Angola,Niger,1593,5,1 - 0
2024-11-15,Angola,Ghana,1581,-12,1 - 1
2024-11-18,Angola,Sudan,1570,-11,0 - 0
2025-03-20,Angola,Libya,1566,-4,1 - 1
2025-03-25,Angola,Cabo Verde,1536,-30,1 - 2
2025-06-05,Angola,Namibia,1524,-10,1 - 1
2025-06-08,Angola,Lesotho,1537,13,4 - 0
2025-06-10,Angola,Malawi,1544,7,1 - 0
2025-06-13,Angola,Madagascar,1559,15,4 - 1
2025-06-15,Angola,South Africa,1605,46,0 - 3
2025-09-04,Angola,Libya,1570,-35,0 - 1
2025-09-09,Angola,Mauritius,1572,2,3 - 1
2025-10-08,Angola,Eswatini,1559,-13,2 - 2
2025-10-13,Angola,Cameroon,1566,7,0 - 0
2025-11-14,Angola,Argentina,1563,-2,0 - 2
2025-11-18,Angola,Zambia,1566,3,3 - 2
2025-12-17,Angola,Mozambique,1575,9,4 - 1
2025-12-22,Angola,South Africa,1547,-28,2 - 1
2025-12-26,Angola,Zimbabwe,1534,-13,1 - 1
2025-12-29,Angola,Egypt,1541,7,0 - 0
2026-06-05,Angola,Mauritania,1537,-6,1 - 1
2026-06-09,Angola,Central African Republic,1542,5,3 - 0
2021-06-02,Anguilla,Dominica,557,-5,3 - 0
2022-01-27,Anguilla,British Virgin Islands,568,11,2 - 1
2022-02-13,Anguilla,St Martin,586,18,1 - 2
2022-06-02,Anguilla,Dominica,602,16,0 - 0
2022-06-05,Anguilla,Dominica,619,17,1 - 1
2022-06-12,Anguilla,St Lucia,616,-3,2 - 0
2023-03-04,Anguilla,St Martin,619,3,2 - 2
2023-03-24,Anguilla,St Lucia,614,-5,1 - 2
2023-09-07,Anguilla,St Martin,585,-29,0 - 6
2023-10-12,Anguilla,Bonaire,579,-6,2 - 0
2023-10-16,Anguilla,St Martin,565,-14,8 - 0
2023-11-18,Anguilla,Bonaire,548,-17,0 - 3
2024-03-17,Anguilla,Sint Maarten,556,8,1 - 1
2024-03-22,Anguilla,Turks and Caicos Islands,559,3,0 - 0
2024-03-26,Anguilla,Turks and Caicos Islands,571,12,1 - 1
2024-06-02,Anguilla,Sint Maarten,603,32,0 - 3
2024-06-08,Anguilla,Suriname,601,-2,0 - 4
2024-06-11,Anguilla,Puerto Rico,599,-2,8 - 0
2024-09-04,Anguilla,Turks and Caicos Islands,650,45,0 - 2
2024-09-10,Anguilla,Belize,646,-4,1 - 0
2024-10-09,Anguilla,Belize,644,-2,1 - 0
2024-10-12,Anguilla,Turks and Caicos Islands,623,-21,2 - 1
2025-04-17,Anguilla,British Virgin Islands,620,-3,0 - 0
2025-04-20,Anguilla,British Virgin Islands,627,7,1 - 0
2025-05-23,Anguilla,St Martin,625,-2,2 - 1
2025-05-24,Anguilla,St Kitts and Nevis,622,-3,4 - 2
2025-05-31,Anguilla,Grenada,621,-1,2 - 0
2025-06-04,Anguilla,St Vincent,618,-2,6 - 0
2025-06-07,Anguilla,El Salvador,617,-1,0 - 3
2025-11-09,Anguilla,St Martin,636,19,1 - 2
2025-11-12,Anguilla,Bahamas,657,21,2 - 1
2025-11-15,Anguilla,Cayman Islands,646,-11,4 - 0
2026-03-26,Anguilla,Bahamas,672,27,3 - 1
2026-03-29,Anguilla,British Virgin Islands,646,-26,4 - 0
2021-06-04,Antigua and Barbuda,Grenada,1171,17,1 - 0
2021-06-08,Antigua and Barbuda,El Salvador,1165,-6,3 - 0
2022-06-02,Antigua and Barbuda,Barbados,1178,13,1 - 0
2022-06-05,Antigua and Barbuda,Guadeloupe,1201,23,1 - 0
2022-06-09,Antigua and Barbuda,Cuba,1178,-23,2 - 0
2022-06-12,Antigua and Barbuda,Cuba,1165,-13,3 - 1
2023-03-23,Antigua and Barbuda,Guadeloupe,1193,28,0 - 1
2023-03-26,Antigua and Barbuda,Barbados,1160,-33,1 - 2
2023-06-16,Antigua and Barbuda,Guadeloupe,1122,-38,5 - 0
2023-09-09,Antigua and Barbuda,Guyana,1078,-44,1 - 5
2023-09-12,Antigua and Barbuda,Puerto Rico,1044,-34,5 - 0
2023-10-14,Antigua and Barbuda,Bahamas,1068,24,1 - 4
2023-10-17,Antigua and Barbuda,Bahamas,1052,-16,2 - 2
2023-11-18,Antigua and Barbuda,Puerto Rico,1030,-22,2 - 3
2023-11-21,Antigua and Barbuda,Guyana,1012,-18,6 - 0
2024-06-05,Antigua and Barbuda,Bermuda,1014,2,1 - 1
2024-06-08,Antigua and Barbuda,Cayman Islands,988,-26,1 - 0
2024-09-07,Antigua and Barbuda,Dominica,964,-24,1 - 2
2024-09-10,Antigua and Barbuda,Bermuda,947,-17,0 - 1
2024-10-12,Antigua and Barbuda,Dominican Republic,934,-13,5 - 0
2024-10-15,Antigua and Barbuda,Dominican Republic,923,-11,5 - 0
2024-11-16,Antigua and Barbuda,Bermuda,915,-8,2 - 1
2024-11-19,Antigua and Barbuda,Dominica,919,4,0 - 0
2025-06-06,Antigua and Barbuda,Cuba,910,-8,0 - 1
2025-06-10,Antigua and Barbuda,Honduras,909,-1,2 - 0
2025-11-12,Antigua and Barbuda,Aruba,904,-4,0 - 0
2025-11-18,Antigua and Barbuda,Guyana,894,-10,1 - 4
2021-06-03,Argentina,Chile,1978,-13,1 - 1
2021-06-08,Argentina,Colombia,1981,3,2 - 2
2021-06-14,Argentina,Chile,1970,-11,1 - 1
2021-06-18,Argentina,Uruguay,1993,23,1 - 0
2021-06-21,Argentina,Paraguay,2005,12,1 - 0
2021-06-28,Argentina,Bolivia,2012,7,4 - 1
2021-07-03,Argentina,Ecuador,2032,20,3 - 0
2021-07-06,Argentina,Colombia,2023,-9,1 - 1
2021-07-10,Argentina,Brazil,2063,40,0 - 1
2021-09-02,Argentina,Venezuela,2077,14,1 - 3
2021-09-09,Argentina,Bolivia,2079,2,3 - 0
2021-10-07,Argentina,Paraguay,2069,-10,0 - 0
2021-10-10,Argentina,Uruguay,2084,15,3 - 0
2021-10-14,Argentina,Peru,2088,4,1 - 0
2021-11-12,Argentina,Uruguay,2104,16,0 - 1
2021-11-16,Argentina,Brazil,2101,-3,0 - 0
2022-01-27,Argentina,Chile,2110,9,1 - 2
2022-02-01,Argentina,Colombia,2115,5,1 - 0
2022-03-25,Argentina,Venezuela,2118,3,3 - 0
2022-03-29,Argentina,Ecuador,2108,-10,1 - 1
2022-06-01,Argentina,Italy,2138,30,3 - 0
2022-06-05,Argentina,Estonia,2139,1,5 - 0
2022-09-23,Argentina,Honduras,2140,1,3 - 0
2022-09-27,Argentina,Jamaica,2141,1,3 - 0
2022-11-16,Argentina,United Arab Emirates,2143,2,0 - 5
2022-11-22,Argentina,Saudi Arabia,2086,-57,2 - 1
2022-11-26,Argentina,Mexico,2101,15,2 - 0
2022-11-30,Argentina,Poland,2118,17,2 - 0
2022-12-03,Argentina,Australia,2125,7,2 - 1
2022-12-09,Argentina,Netherlands,2120,-5,2 - 2
2022-12-13,Argentina,Croatia,2149,29,3 - 0
2022-12-18,Argentina,France,2143,-6,3 - 3
2023-03-23,Argentina,Panama,2144,1,2 - 0
2023-03-28,Argentina,Curaçao,2144,0,7 - 0
2023-06-15,Argentina,Australia,2147,3,2 - 0
2023-06-19,Argentina,Indonesia,2147,0,0 - 2
2023-09-07,Argentina,Ecuador,2151,4,1 - 0
2023-09-12,Argentina,Bolivia,2156,5,0 - 3
2023-10-12,Argentina,Paraguay,2158,2,1 - 0
2023-10-17,Argentina,Peru,2169,11,0 - 2
2023-11-16,Argentina,Uruguay,2117,-52,0 - 2
2023-11-21,Argentina,Brazil,2138,21,0 - 1
2024-03-22,Argentina,El Salvador,2138,0,3 - 0
2024-03-26,Argentina,Costa Rica,2139,1,3 - 1
2024-06-09,Argentina,Ecuador,2143,4,1 - 0
2024-06-14,Argentina,Guatemala,2144,1,4 - 1
2024-06-20,Argentina,Canada,2150,6,2 - 0
2024-06-25,Argentina,Chile,2154,4,1 - 0
2024-06-29,Argentina,Peru,2160,6,2 - 0
2024-07-04,Argentina,Ecuador,2142,-18,1 - 1
2024-07-09,Argentina,Canada,2149,7,2 - 0
2024-07-14,Argentina,Colombia,2168,19,1 - 0
2024-09-05,Argentina,Chile,2171,3,3 - 0
2024-09-10,Argentina,Colombia,2149,-22,2 - 1
2024-10-10,Argentina,Venezuela,2136,-13,1 - 1
2024-10-15,Argentina,Bolivia,2139,3,6 - 0
2024-11-14,Argentina,Paraguay,2105,-34,2 - 1
2024-11-19,Argentina,Peru,2107,2,1 - 0
2025-03-21,Argentina,Uruguay,2124,17,0 - 1
2025-03-25,Argentina,Brazil,2140,16,4 - 1
2025-06-05,Argentina,Chile,2146,6,0 - 1
2025-06-10,Argentina,Colombia,2132,-14,1 - 1
2025-09-04,Argentina,Venezuela,2136,4,3 - 0
2025-09-09,Argentina,Ecuador,2109,-27,1 - 0
2025-10-10,Argentina,Venezuela,2111,2,1 - 0
2025-10-14,Argentina,Puerto Rico,2111,0,6 - 0
2025-11-14,Argentina,Angola,2113,2,0 - 2
2026-03-27,Argentina,Mauritania,2113,0,2 - 1
2026-03-31,Argentina,Zambia,2113,0,5 - 0
2026-06-06,Argentina,Honduras,2114,1,2 - 0
2026-06-09,Argentina,Iceland,2115,1,3 - 0
2021-06-05,Armenia,Sweden,1584,-3,3 - 1
2021-09-02,Armenia,North Macedonia,1589,5,0 - 0
2021-09-05,Armenia,Germany,1582,-7,6 - 0
2021-09-08,Armenia,Liechtenstein,1563,-19,1 - 1
2021-10-08,Armenia,Iceland,1568,5,1 - 1
2021-10-11,Armenia,Romania,1558,-10,1 - 0
2021-11-11,Armenia,North Macedonia,1507,-51,0 - 5
2021-11-14,Armenia,Germany,1499,-8,1 - 4
2022-03-24,Armenia,Montenegro,1507,8,1 - 0
2022-03-29,Armenia,Norway,1501,-6,9 - 0
2022-06-04,Armenia,Republic of Ireland,1526,25,1 - 0
2022-06-08,Armenia,Scotland,1516,-10,2 - 0
2022-06-11,Armenia,Ukraine,1507,-9,3 - 0
2022-06-14,Armenia,Scotland,1479,-28,1 - 4
2022-09-24,Armenia,Ukraine,1462,-17,0 - 5
2022-09-27,Armenia,Republic of Ireland,1456,-6,3 - 2
2022-11-16,Armenia,Kosovo,1460,4,2 - 2
2022-11-19,Armenia,Albania,1452,-8,2 - 0
2023-03-25,Armenia,Turkey,1441,-11,1 - 2
2023-03-28,Armenia,Cyprus,1436,-5,2 - 2
2023-06-16,Armenia,Wales,1490,54,2 - 4
2023-06-19,Armenia,Latvia,1498,8,2 - 1
2023-09-08,Armenia,Turkey,1513,15,1 - 1
2023-09-11,Armenia,Croatia,1509,-4,0 - 1
2023-10-12,Armenia,Latvia,1471,-38,2 - 0
2023-10-17,Armenia,North Macedonia,1463,-8,3 - 1
2023-11-18,Armenia,Wales,1471,8,1 - 1
2023-11-21,Armenia,Croatia,1470,-1,1 - 0
2024-03-22,Armenia,Kosovo,1458,-12,0 - 1
2024-03-26,Armenia,Czech Republic,1456,-2,2 - 1
2024-06-04,Armenia,Slovenia,1454,-2,2 - 1
2024-06-07,Armenia,Kazakhstan,1462,8,2 - 1
2024-09-07,Armenia,Latvia,1476,14,4 - 1
2024-09-10,Armenia,North Macedonia,1459,-17,2 - 0
2024-10-10,Armenia,Faroe Islands,1453,-6,2 - 2
2024-10-13,Armenia,North Macedonia,1425,-28,0 - 2
2024-11-14,Armenia,Faroe Islands,1392,-33,0 - 1
2024-11-17,Armenia,Latvia,1412,20,1 - 2
2025-03-20,Armenia,Georgia,1394,-18,0 - 3
2025-03-23,Armenia,Georgia,1387,-7,6 - 1
2025-06-06,Armenia,Kosovo,1382,-5,5 - 2
2025-06-09,Armenia,Montenegro,1388,6,2 - 2
2025-09-06,Armenia,Portugal,1384,-3,0 - 5
2025-09-09,Armenia,Republic of Ireland,1412,28,2 - 1
2025-10-11,Armenia,Hungary,1406,-6,2 - 0
2025-10-14,Armenia,Republic of Ireland,1400,-6,1 - 0
2025-11-13,Armenia,Hungary,1391,-9,0 - 1
2025-11-16,Armenia,Portugal,1389,-2,9 - 1
2026-03-29,Armenia,Belarus,1379,-10,1 - 2
2026-06-06,Armenia,Kazakhstan,1378,-1,1 - 1
2026-06-09,Armenia,Moldova,1373,-5,1 - 1
2021-06-02,Aruba,Cayman Islands,913,32,3 - 1
2021-06-05,Aruba,Canada,911,-2,7 - 0
2021-10-01,Aruba,Curaçao,909,-2,7 - 1
2022-06-03,Aruba,St Martin,906,-3,0 - 0
2022-06-06,Aruba,St Martin,936,30,3 - 0
2022-06-09,Aruba,St Kitts and Nevis,928,-8,2 - 3
2022-11-24,Aruba,Curaçao,942,14,2 - 2
2022-11-26,Aruba,Bonaire,959,17,1 - 0
2023-03-27,Aruba,St Kitts and Nevis,951,-8,2 - 0
2023-09-11,Aruba,Cayman Islands,970,19,1 - 2
2023-10-14,Aruba,United States Virgin Islands,975,5,3 - 1
2023-11-16,Aruba,United States Virgin Islands,989,14,1 - 4
2023-11-20,Aruba,Cayman Islands,1002,13,5 - 1
2024-03-23,Aruba,Dominican Republic,998,-4,2 - 0
2024-06-08,Aruba,Curaçao,986,-12,0 - 2
2024-06-11,Aruba,St Lucia,992,6,2 - 2
2024-09-06,Aruba,Sint Maarten,951,-41,2 - 0
2024-09-09,Aruba,Puerto Rico,944,-7,1 - 0
2024-10-11,Aruba,Haiti,940,-4,1 - 3
2024-10-14,Aruba,Haiti,936,-4,3 - 5
2024-11-15,Aruba,Puerto Rico,924,-12,5 - 1
2024-11-18,Aruba,Sint Maarten,903,-21,1 - 0
2025-03-25,Aruba,Cambodia,914,11,1 - 2
2025-06-04,Aruba,Barbados,922,8,1 - 1
2025-06-07,Aruba,Haiti,918,-4,0 - 5
2025-11-12,Aruba,Antigua and Barbuda,921,4,0 - 0
2025-11-15,Aruba,Barbados,949,28,3 - 0
2026-03-26,Aruba,Macau,955,6,4 - 1
2026-03-29,Aruba,Liechtenstein,979,24,4 - 1
2026-06-06,Aruba,Curaçao,979,-1,4 - 0
2021-06-03,Australia,Kuwait,1728,16,0 - 3
2021-06-07,Australia,Taiwan,1729,1,5 - 1
2021-06-11,Australia,Nepal,1730,1,3 - 0
2021-06-15,Australia,Jordan,1737,7,1 - 0
2021-09-02,Australia,China,1752,15,3 - 0
2021-09-07,Australia,Vietnam,1760,8,0 - 1
2021-10-07,Australia,Oman,1772,12,3 - 1
2021-10-12,Australia,Japan,1755,-17,2 - 1
2021-11-11,Australia,Saudi Arabia,1745,-10,0 - 0
2021-11-16,Australia,China,1733,-12,1 - 1
2022-01-27,Australia,Vietnam,1737,4,4 - 0
2022-02-01,Australia,Oman,1730,-7,2 - 2
2022-03-24,Australia,Japan,1696,-34,0 - 2
2022-03-29,Australia,Saudi Arabia,1677,-19,1 - 0
2022-06-01,Australia,Jordan,1683,6,2 - 1
2022-06-07,Australia,United Arab Emirates,1694,11,2 - 1
2022-06-13,Australia,Peru,1703,9,0 - 0
2022-09-22,Australia,New Zealand,1707,4,1 - 0
2022-09-25,Australia,New Zealand,1719,12,0 - 2
2022-11-22,Australia,France,1702,-17,4 - 1
2022-11-26,Australia,Tunisia,1734,32,1 - 0
2022-11-30,Australia,Denmark,1779,45,1 - 0
2022-12-03,Australia,Argentina,1772,-7,2 - 1
2023-03-24,Australia,Ecuador,1786,14,3 - 1
2023-03-28,Australia,Ecuador,1774,-12,1 - 2
2023-06-15,Australia,Argentina,1771,-3,2 - 0
2023-09-09,Australia,Mexico,1773,2,2 - 2
2023-10-13,Australia,England,1770,-3,1 - 0
2023-10-17,Australia,New Zealand,1779,9,2 - 0
2023-11-16,Australia,Bangladesh,1779,0,7 - 0
2023-11-21,Australia,Palestine,1783,4,1 - 0
2024-01-06,Australia,Bahrain,1787,4,2 - 0
2024-01-13,Australia,India,1790,3,2 - 0
2024-01-18,Australia,Syria,1796,6,1 - 0
2024-01-23,Australia,Uzbekistan,1786,-10,1 - 1
2024-01-28,Australia,Indonesia,1791,5,4 - 0
2024-02-02,Australia,South Korea,1764,-27,2 - 1
2024-03-21,Australia,Lebanon,1766,2,2 - 0
2024-03-26,Australia,Lebanon,1769,3,5 - 0
2024-06-06,Australia,Bangladesh,1770,1,0 - 2
2024-06-11,Australia,Palestine,1775,5,5 - 0
2024-09-05,Australia,Bahrain,1738,-37,0 - 1
2024-09-10,Australia,Indonesia,1724,-14,0 - 0
2024-10-10,Australia,China,1728,4,3 - 1
2024-10-15,Australia,Japan,1741,13,1 - 1
2024-11-14,Australia,Saudi Arabia,1728,-13,0 - 0
2024-11-19,Australia,Bahrain,1718,-10,2 - 2
2025-03-20,Australia,Indonesia,1722,4,5 - 1
2025-03-25,Australia,China,1736,14,0 - 2
2025-06-05,Australia,Japan,1757,22,1 - 0
2025-06-10,Australia,Saudi Arabia,1774,17,1 - 2
2025-09-05,Australia,New Zealand,1777,3,1 - 0
2025-09-09,Australia,New Zealand,1789,12,1 - 3
2025-10-10,Australia,Canada,1802,13,0 - 1
2025-10-14,Australia,USA,1794,-10,2 - 1
2025-11-14,Australia,Venezuela,1782,-12,1 - 0
2025-11-18,Australia,Colombia,1774,-8,3 - 0
2026-03-27,Australia,Cameroon,1778,5,1 - 0
2026-03-31,Australia,Curaçao,1782,4,5 - 1
2026-05-30,Australia,Mexico,1774,-8,1 - 0
2026-06-06,Australia,Switzerland,1777,3,1 - 1
2021-06-02,Austria,England,1752,-3,1 - 0
2021-06-06,Austria,Slovakia,1747,-5,0 - 0
2021-06-13,Austria,North Macedonia,1770,23,3 - 1
2021-06-17,Austria,Netherlands,1758,-12,2 - 0
2021-06-21,Austria,Ukraine,1787,29,1 - 0
2021-06-26,Austria,Italy,1778,-9,2 - 1
2021-09-01,Austria,Moldova,1782,4,0 - 2
2021-09-04,Austria,Israel,1741,-41,5 - 2
2021-09-07,Austria,Scotland,1710,-31,0 - 1
2021-10-09,Austria,Faroe Islands,1717,7,0 - 2
2021-10-12,Austria,Denmark,1713,-4,1 - 0
2021-11-12,Austria,Israel,1729,16,4 - 2
2021-11-15,Austria,Moldova,1731,2,4 - 1
2022-03-24,Austria,Wales,1722,-9,2 - 1
2022-03-29,Austria,Scotland,1719,-3,2 - 2
2022-06-03,Austria,Croatia,1775,56,0 - 3
2022-06-06,Austria,Denmark,1760,-15,1 - 2
2022-06-10,Austria,France,1771,11,1 - 1
2022-06-13,Austria,Denmark,1761,-10,2 - 0
2022-09-22,Austria,France,1754,-7,2 - 0
2022-09-25,Austria,Croatia,1728,-26,1 - 3
2022-11-16,Austria,Andorra,1729,1,1 - 0
2022-11-20,Austria,Italy,1751,22,2 - 0
2023-03-24,Austria,Azerbaijan,1756,5,4 - 1
2023-03-27,Austria,Estonia,1759,3,2 - 1
2023-06-17,Austria,Belgium,1774,15,1 - 1
2023-06-20,Austria,Sweden,1794,20,2 - 0
2023-09-07,Austria,Moldova,1785,-9,1 - 1
2023-09-12,Austria,Sweden,1821,36,1 - 3
2023-10-13,Austria,Belgium,1805,-16,2 - 3
2023-10-16,Austria,Azerbaijan,1813,8,0 - 1
2023-11-16,Austria,Estonia,1821,8,0 - 2
2023-11-21,Austria,Germany,1835,14,2 - 0
2024-03-23,Austria,Slovakia,1847,12,0 - 2
2024-03-26,Austria,Turkey,1857,10,6 - 1
2024-06-04,Austria,Serbia,1862,5,2 - 1
2024-06-08,Austria,Switzerland,1863,1,1 - 1
2024-06-17,Austria,France,1852,-11,1 - 0
2024-06-21,Austria,Poland,1877,25,3 - 1
2024-06-25,Austria,Netherlands,1910,33,3 - 2
2024-07-02,Austria,Turkey,1876,-34,2 - 1
2024-09-06,Austria,Slovenia,1876,0,1 - 1
2024-09-09,Austria,Norway,1853,-23,2 - 1
2024-10-10,Austria,Kazakhstan,1857,4,4 - 0
2024-10-13,Austria,Norway,1876,19,5 - 1
2024-11-14,Austria,Kazakhstan,1884,8,0 - 2
2024-11-17,Austria,Slovenia,1871,-13,1 - 1
2025-03-20,Austria,Serbia,1862,-9,1 - 1
2025-03-23,Austria,Serbia,1837,-25,2 - 0
2025-06-07,Austria,Romania,1845,8,2 - 1
2025-06-10,Austria,San Marino,1845,0,0 - 4
2025-09-06,Austria,Cyprus,1846,1,1 - 0
2025-09-09,Austria,Bosnia and Herzegovina,1855,9,1 - 2
2025-10-09,Austria,San Marino,1855,0,10 - 0
2025-10-12,Austria,Romania,1829,-26,1 - 0
2025-11-15,Austria,Cyprus,1834,5,0 - 2
2025-11-18,Austria,Bosnia and Herzegovina,1818,-16,1 - 1
2026-03-27,Austria,Ghana,1821,3,5 - 1
2026-03-31,Austria,South Korea,1827,6,1 - 0
2026-06-01,Austria,Tunisia,1830,3,1 - 0
2021-06-02,Azerbaijan,Belarus,1388,16,1 - 2
2021-06-06,Azerbaijan,Moldova,1376,-12,1 - 0
2021-09-01,Azerbaijan,Luxembourg,1362,-14,2 - 1
2021-09-04,Azerbaijan,Republic of Ireland,1377,15,1 - 1
2021-09-07,Azerbaijan,Portugal,1374,-3,0 - 3
2021-10-09,Azerbaijan,Republic of Ireland,1352,-22,0 - 3
2021-10-12,Azerbaijan,Serbia,1350,-2,3 - 1
2021-11-11,Azerbaijan,Luxembourg,1315,-35,1 - 3
2021-11-14,Azerbaijan,Qatar,1321,6,2 - 2
2022-03-25,Azerbaijan,Malta,1311,-10,1 - 0
2022-03-29,Azerbaijan,Latvia,1301,-10,1 - 0
2022-06-03,Azerbaijan,Kazakhstan,1282,-19,2 - 0
2022-06-06,Azerbaijan,Belarus,1292,10,0 - 0
2022-06-10,Azerbaijan,Slovakia,1285,-7,0 - 1
2022-06-13,Azerbaijan,Belarus,1321,36,2 - 0
2022-09-22,Azerbaijan,Slovakia,1357,36,1 - 2
2022-09-25,Azerbaijan,Kazakhstan,1390,33,3 - 0
2022-11-16,Azerbaijan,Moldova,1399,9,1 - 2
2022-11-20,Azerbaijan,North Macedonia,1423,24,1 - 3
2023-03-24,Azerbaijan,Austria,1418,-5,4 - 1
2023-03-27,Azerbaijan,Sweden,1412,-6,5 - 0
2023-06-17,Azerbaijan,Estonia,1408,-4,1 - 1
2023-09-09,Azerbaijan,Belgium,1406,-2,0 - 1
2023-09-12,Azerbaijan,Jordan,1418,12,2 - 1
2023-10-13,Azerbaijan,Estonia,1457,39,0 - 2
2023-10-16,Azerbaijan,Austria,1449,-8,0 - 1
2023-11-16,Azerbaijan,Sweden,1501,52,3 - 0
2023-11-19,Azerbaijan,Belgium,1498,-3,5 - 0
2024-03-22,Azerbaijan,Mongolia,1498,0,1 - 0
2024-03-25,Azerbaijan,Bulgaria,1493,-5,1 - 1
2024-06-07,Azerbaijan,Albania,1483,-10,3 - 1
2024-06-11,Azerbaijan,Kazakhstan,1492,9,3 - 2
2024-09-05,Azerbaijan,Sweden,1469,-23,1 - 3
2024-09-08,Azerbaijan,Slovakia,1461,-8,2 - 0
2024-10-11,Azerbaijan,Estonia,1431,-30,3 - 1
2024-10-14,Azerbaijan,Slovakia,1414,-17,1 - 3
2024-11-16,Azerbaijan,Estonia,1406,-8,0 - 0
2024-11-19,Azerbaijan,Sweden,1399,-7,6 - 0
2025-03-22,Azerbaijan,Haiti,1384,-15,0 - 3
2025-03-25,Azerbaijan,Belarus,1369,-15,0 - 2
2025-06-07,Azerbaijan,Latvia,1369,1,0 - 0
2025-06-10,Azerbaijan,Hungary,1365,-4,1 - 2
2025-09-05,Azerbaijan,Iceland,1352,-13,5 - 0
2025-09-09,Azerbaijan,Ukraine,1367,15,1 - 1
2025-10-10,Azerbaijan,France,1366,-1,3 - 0
2025-10-13,Azerbaijan,Ukraine,1363,-3,2 - 1
2025-11-13,Azerbaijan,Iceland,1341,-22,0 - 2
2025-11-16,Azerbaijan,France,1339,-2,1 - 3
2026-03-27,Azerbaijan,St Lucia,1344,5,6 - 1
2026-03-30,Azerbaijan,Sierra Leone,1340,-4,1 - 1
2026-06-05,Azerbaijan,Malta,1321,-19,2 - 0
2026-06-09,Azerbaijan,San Marino,1322,1,2 - 1
2021-06-02,Bahamas,Puerto Rico,856,-20,7 - 0
2021-06-05,Bahamas,Trinidad and Tobago,872,16,0 - 0
2021-07-03,Bahamas,Guadeloupe,865,-7,2 - 0
2022-03-26,Bahamas,St Martin,853,-12,2 - 0
2022-05-12,Bahamas,Turks and Caicos Islands,861,8,4 - 2
2022-05-14,Bahamas,Turks and Caicos Islands,846,-15,1 - 2
2022-06-03,Bahamas,St Vincent,875,29,1 - 0
2022-06-06,Bahamas,Trinidad and Tobago,874,-1,1 - 0
2022-06-10,Bahamas,Nicaragua,864,-10,0 - 2
2022-06-13,Bahamas,Nicaragua,860,-4,4 - 0
2023-03-03,Bahamas,Turks and Caicos Islands,844,-16,1 - 2
2023-03-04,Bahamas,Turks and Caicos Islands,851,7,2 - 0
2023-03-24,Bahamas,Trinidad and Tobago,845,-6,0 - 3
2023-03-27,Bahamas,St Vincent,859,14,1 - 1
2023-09-09,Bahamas,Puerto Rico,835,-24,1 - 6
2023-09-12,Bahamas,Guyana,832,-3,3 - 2
2023-10-14,Bahamas,Antigua and Barbuda,808,-24,1 - 4
2023-10-17,Bahamas,Antigua and Barbuda,824,16,2 - 2
2023-11-21,Bahamas,Puerto Rico,817,-7,6 - 1
2024-06-08,Bahamas,Trinidad and Tobago,814,-3,7 - 1
2024-06-11,Bahamas,St Kitts and Nevis,810,-4,1 - 0
2024-09-04,Bahamas,United States Virgin Islands,805,-5,3 - 3
2024-09-07,Bahamas,Barbados,792,-13,3 - 2
2024-10-12,Bahamas,United States Virgin Islands,807,15,3 - 1
2024-10-15,Bahamas,Barbados,793,-14,6 - 2
2025-06-04,Bahamas,Grenada,784,-8,6 - 0
2025-06-07,Bahamas,Costa Rica,783,-1,8 - 0
2025-11-12,Bahamas,Anguilla,761,-21,2 - 1
2025-11-15,Bahamas,British Virgin Islands,719,-42,6 - 0
2026-03-26,Bahamas,Anguilla,692,-27,3 - 1
2026-03-29,Bahamas,Cayman Islands,685,-7,1 - 0
2021-06-03,Bahrain,Cambodia,1566,1,8 - 0
2021-06-07,Bahrain,Iran,1541,-25,0 - 3
2021-06-15,Bahrain,Hong Kong,1546,5,4 - 0
2021-06-25,Bahrain,Kuwait,1563,17,2 - 0
2021-09-01,Bahrain,Haiti,1582,19,6 - 1
2021-09-07,Bahrain,Jordan,1558,-24,1 - 2
2021-10-06,Bahrain,Curaçao,1570,12,4 - 0
2021-10-12,Bahrain,New Zealand,1548,-22,0 - 1
2021-11-16,Bahrain,Kyrgyzstan,1551,3,4 - 2
2021-11-30,Bahrain,Qatar,1541,-10,1 - 0
2021-12-03,Bahrain,Iraq,1543,2,0 - 0
2021-12-06,Bahrain,Oman,1504,-39,3 - 0
2022-01-27,Bahrain,Uganda,1513,9,3 - 1
2022-02-01,Bahrain,DR Congo,1520,7,1 - 0
2022-03-23,Bahrain,India,1522,2,2 - 1
2022-03-26,Bahrain,Burundi,1524,2,1 - 0
2022-03-29,Bahrain,Belarus,1510,-14,0 - 1
2022-05-24,Bahrain,Thailand,1494,-16,3 - 1
2022-05-27,Bahrain,Myanmar,1495,1,2 - 0
2022-05-31,Bahrain,Thailand,1505,10,1 - 2
2022-06-08,Bahrain,Bangladesh,1506,1,2 - 0
2022-06-11,Bahrain,Malaysia,1515,9,1 - 2
2022-06-14,Bahrain,Turkmenistan,1522,7,1 - 0
2022-09-23,Bahrain,Cabo Verde,1508,-14,1 - 2
2022-09-27,Bahrain,Panama,1495,-13,0 - 2
2022-11-11,Bahrain,Canada,1500,5,2 - 2
2022-11-18,Bahrain,Serbia,1494,-6,1 - 5
2023-01-07,Bahrain,United Arab Emirates,1514,20,2 - 1
2023-01-10,Bahrain,Qatar,1538,24,2 - 1
2023-01-13,Bahrain,Kuwait,1527,-11,1 - 1
2023-01-16,Bahrain,Oman,1511,-16,1 - 0
2023-03-25,Bahrain,Palestine,1496,-15,1 - 2
2023-03-28,Bahrain,Syria,1501,5,1 - 0
2023-09-07,Bahrain,Kuwait,1481,-20,3 - 1
2023-09-12,Bahrain,Turkmenistan,1475,-6,1 - 1
2023-10-12,Bahrain,Kyrgyzstan,1479,4,2 - 0
2023-10-17,Bahrain,Philippines,1480,1,1 - 0
2023-11-16,Bahrain,Yemen,1486,6,2 - 0
2023-11-21,Bahrain,United Arab Emirates,1448,-38,0 - 2
2024-01-06,Bahrain,Australia,1444,-4,2 - 0
2024-01-10,Bahrain,Angola,1424,-20,3 - 0
2024-01-15,Bahrain,South Korea,1416,-8,3 - 1
2024-01-20,Bahrain,Malaysia,1432,16,1 - 0
2024-01-25,Bahrain,Jordan,1465,33,1 - 0
2024-01-31,Bahrain,Japan,1458,-7,3 - 1
2024-03-21,Bahrain,Nepal,1460,2,5 - 0
2024-03-26,Bahrain,Nepal,1461,1,3 - 0
2024-06-06,Bahrain,Yemen,1444,-17,0 - 0
2024-06-11,Bahrain,United Arab Emirates,1453,9,1 - 1
2024-09-05,Bahrain,Australia,1490,37,0 - 1
2024-09-10,Bahrain,Japan,1476,-14,0 - 5
2024-10-10,Bahrain,Indonesia,1465,-11,2 - 2
2024-10-15,Bahrain,Saudi Arabia,1476,11,0 - 0
2024-11-14,Bahrain,China,1446,-30,0 - 1
2024-11-19,Bahrain,Australia,1456,10,2 - 2
2024-12-22,Bahrain,Saudi Arabia,1481,25,3 - 2
2024-12-25,Bahrain,Iraq,1526,45,2 - 0
2024-12-28,Bahrain,Yemen,1489,-37,2 - 1
2024-12-31,Bahrain,Kuwait,1507,18,0 - 1
2025-01-04,Bahrain,Oman,1528,21,2 - 1
2025-03-20,Bahrain,Japan,1524,-4,2 - 0
2025-03-25,Bahrain,Indonesia,1498,-26,1 - 0
2025-06-05,Bahrain,Saudi Arabia,1465,-32,0 - 2
2025-06-10,Bahrain,China,1446,-19,1 - 0
2025-09-03,Bahrain,Qatar,1450,4,2 - 2
2025-09-08,Bahrain,United Arab Emirates,1445,-5,1 - 0
2025-10-09,Bahrain,Morocco,1444,-1,1 - 0
2025-11-17,Bahrain,Somalia,1426,-20,1 - 2
2025-11-21,Bahrain,Somalia,1407,-19,0 - 1
2025-11-26,Bahrain,Djibouti,1409,2,1 - 0
2025-12-03,Bahrain,Iraq,1399,-10,2 - 1
2025-12-06,Bahrain,Algeria,1388,-11,5 - 1
2025-12-09,Bahrain,Sudan,1417,29,3 - 1
2026-06-05,Bahrain,Georgia,1414,-4,2 - 0
2021-06-03,Bangladesh,Afghanistan,854,14,1 - 1
2021-06-07,Bangladesh,India,846,-8,2 - 0
2021-06-15,Bangladesh,Oman,844,-2,3 - 0
2021-09-05,Bangladesh,Palestine,842,-2,2 - 0
2021-09-07,Bangladesh,Kyrgyzstan,840,-2,4 - 1
2021-10-01,Bangladesh,Sri Lanka,850,10,1 - 0
2021-10-04,Bangladesh,India,865,15,1 - 1
2021-10-07,Bangladesh,Maldives,848,-17,2 - 0
2021-10-13,Bangladesh,Nepal,854,6,1 - 1
2021-11-10,Bangladesh,Seychelles,856,2,1 - 1
2021-11-13,Bangladesh,Maldives,874,18,2 - 1
2021-11-16,Bangladesh,Sri Lanka,854,-20,2 - 1
2022-03-24,Bangladesh,Maldives,845,-9,2 - 0
2022-03-29,Bangladesh,Mongolia,840,-5,0 - 0
2022-06-01,Bangladesh,Indonesia,849,9,0 - 0
2022-06-08,Bangladesh,Bahrain,848,-1,2 - 0
2022-06-11,Bangladesh,Turkmenistan,844,-4,2 - 1
2022-06-14,Bangladesh,Malaysia,839,-5,4 - 1
2022-09-22,Bangladesh,Cambodia,852,13,0 - 1
2022-09-27,Bangladesh,Nepal,844,-8,3 - 1
2023-03-15,Bangladesh,Malawi,852,8,1 - 1
2023-03-25,Bangladesh,Seychelles,860,8,1 - 0
2023-03-28,Bangladesh,Seychelles,848,-12,0 - 1
2023-06-15,Bangladesh,Cambodia,862,14,0 - 1
2023-06-22,Bangladesh,Lebanon,857,-5,2 - 0
2023-06-25,Bangladesh,Maldives,894,37,3 - 1
2023-06-28,Bangladesh,Bhutan,902,8,3 - 1
2023-07-01,Bangladesh,Kuwait,900,-2,1 - 0
2023-09-03,Bangladesh,Afghanistan,902,2,0 - 0
2023-09-07,Bangladesh,Afghanistan,904,2,1 - 1
2023-10-12,Bangladesh,Maldives,909,5,1 - 1
2023-10-17,Bangladesh,Maldives,923,14,2 - 1
2023-11-21,Bangladesh,Lebanon,937,14,1 - 1
2024-03-10,Bangladesh,Sudan,945,8,0 - 0
2024-03-14,Bangladesh,Sudan,941,-4,3 - 0
2024-03-21,Bangladesh,Palestine,936,-5,5 - 0
2024-03-26,Bangladesh,Palestine,932,-4,0 - 1
2024-06-06,Bangladesh,Australia,931,-1,0 - 2
2024-06-11,Bangladesh,Lebanon,923,-8,4 - 0
2024-09-05,Bangladesh,Bhutan,927,4,0 - 1
2024-09-08,Bangladesh,Bhutan,911,-16,1 - 0
2024-11-13,Bangladesh,Maldives,897,-14,0 - 1
2024-11-16,Bangladesh,Maldives,904,7,2 - 1
2025-03-25,Bangladesh,India,920,16,0 - 0
2025-06-04,Bangladesh,Bhutan,922,3,2 - 0
2025-06-10,Bangladesh,Singapore,904,-18,1 - 2
2025-09-06,Bangladesh,Nepal,908,3,0 - 0
2025-10-09,Bangladesh,Hong Kong,897,-11,3 - 4
2025-10-14,Bangladesh,Hong Kong,915,16,1 - 1
2025-11-13,Bangladesh,Nepal,912,-3,2 - 2
2025-11-18,Bangladesh,India,940,28,1 - 0
2026-03-26,Bangladesh,Vietnam,938,-2,3 - 0
2026-03-31,Bangladesh,Singapore,932,-6,1 - 0
2026-06-05,Bangladesh,San Marino,942,10,1 - 2
2021-06-04,Barbados,Dominican Republic,1114,9,1 - 1
2021-06-08,Barbados,Dominica,1109,-5,1 - 1
2021-07-02,Barbados,Bermuda,1079,-30,8 - 1
2022-01-28,Barbados,Suriname,1076,-3,1 - 0
2022-01-30,Barbados,Guyana,1079,3,0 - 0
2022-02-22,Barbados,Martinique,1076,-3,3 - 1
2022-03-25,Barbados,Trinidad and Tobago,1069,-7,9 - 0
2022-03-27,Barbados,Guyana,1045,-24,5 - 0
2022-06-02,Barbados,Antigua and Barbuda,1032,-13,1 - 0
2022-06-05,Barbados,Cuba,1023,-9,3 - 0
2022-06-09,Barbados,Guadeloupe,1012,-11,0 - 1
2022-06-12,Barbados,Guadeloupe,1006,-6,2 - 1
2023-02-22,Barbados,Grenada,1012,6,1 - 1
2023-02-24,Barbados,Grenada,1018,6,2 - 2
2023-02-26,Barbados,Grenada,1023,5,2 - 2
2023-03-23,Barbados,Cuba,1014,-9,0 - 1
2023-03-26,Barbados,Antigua and Barbuda,1047,33,1 - 2
2023-09-08,Barbados,Montserrat,1018,-29,2 - 3
2023-09-11,Barbados,Nicaragua,1011,-7,5 - 1
2023-10-13,Barbados,Dominican Republic,979,-32,0 - 5
2023-10-16,Barbados,Dominican Republic,970,-9,5 - 2
2023-11-17,Barbados,Nicaragua,956,-14,0 - 4
2023-11-20,Barbados,Montserrat,938,-18,4 - 2
2024-06-05,Barbados,Curaçao,934,-4,4 - 1
2024-06-09,Barbados,Haiti,930,-4,1 - 3
2024-09-07,Barbados,Bahamas,943,13,3 - 2
2024-09-10,Barbados,United States Virgin Islands,958,15,0 - 3
2024-10-09,Barbados,United States Virgin Islands,964,6,5 - 0
2024-10-15,Barbados,Bahamas,978,14,6 - 2
2024-11-15,Barbados,Guyana,956,-22,1 - 4
2024-11-19,Barbados,Guyana,950,-6,5 - 3
2025-05-08,Barbados,Dominica,955,4,0 - 0
2025-05-11,Barbados,Dominica,958,3,0 - 0
2025-06-04,Barbados,Aruba,949,-8,1 - 1
2025-06-10,Barbados,St Lucia,939,-10,2 - 1
2025-11-12,Barbados,Bonaire,949,11,3 - 2
2025-11-15,Barbados,Aruba,921,-28,3 - 0
2026-03-26,Barbados,St Martin,904,-17,3 - 1
2026-03-29,Barbados,St Vincent,898,-6,3 - 2
2021-06-02,Belarus,Azerbaijan,1492,-16,1 - 2
2021-09-02,Belarus,Czech Republic,1489,-3,1 - 0
2021-09-05,Belarus,Wales,1484,-5,3 - 2
2021-09-08,Belarus,Belgium,1483,-1,0 - 1
2021-10-08,Belarus,Estonia,1456,-27,2 - 0
2021-10-11,Belarus,Czech Republic,1449,-7,2 - 0
2021-11-13,Belarus,Wales,1444,-5,5 - 1
2021-11-16,Belarus,Jordan,1453,9,1 - 0
2022-03-26,Belarus,India,1460,7,3 - 0
2022-03-29,Belarus,Bahrain,1474,14,0 - 1
2022-06-03,Belarus,Slovakia,1464,-10,1 - 0
2022-06-06,Belarus,Azerbaijan,1454,-10,0 - 0
2022-06-10,Belarus,Kazakhstan,1450,-4,1 - 1
2022-06-13,Belarus,Azerbaijan,1414,-36,2 - 0
2022-09-22,Belarus,Kazakhstan,1400,-14,2 - 1
2022-09-25,Belarus,Slovakia,1414,14,1 - 1
2022-11-17,Belarus,Syria,1425,11,1 - 0
2022-11-20,Belarus,Oman,1415,-10,2 - 0
2023-03-25,Belarus,Switzerland,1410,-5,0 - 5
2023-03-28,Belarus,Romania,1404,-6,2 - 1
2023-06-16,Belarus,Israel,1394,-10,2 - 1
2023-06-19,Belarus,Kosovo,1420,26,2 - 1
2023-09-09,Belarus,Andorra,1410,-10,0 - 0
2023-09-12,Belarus,Israel,1404,-6,1 - 0
2023-10-12,Belarus,Romania,1416,12,0 - 0
2023-10-15,Belarus,Switzerland,1434,18,3 - 3
2023-11-18,Belarus,Andorra,1439,5,1 - 0
2023-11-21,Belarus,Kosovo,1469,30,0 - 1
2024-03-21,Belarus,Montenegro,1457,-12,2 - 0
2024-03-26,Belarus,Malta,1454,-3,0 - 0
2024-06-07,Belarus,Russia,1446,-8,0 - 4
2024-06-11,Belarus,Israel,1433,-13,4 - 0
2024-09-05,Belarus,Bulgaria,1436,3,0 - 0
2024-09-08,Belarus,Luxembourg,1464,28,0 - 1
2024-10-12,Belarus,Northern Ireland,1467,3,0 - 0
2024-10-15,Belarus,Luxembourg,1467,0,1 - 1
2024-11-15,Belarus,Northern Ireland,1451,-16,2 - 0
2024-11-18,Belarus,Bulgaria,1459,8,1 - 1
2025-03-20,Belarus,Tajikistan,1476,17,0 - 5
2025-03-25,Belarus,Azerbaijan,1491,15,0 - 2
2025-06-05,Belarus,Kazakhstan,1501,10,4 - 1
2025-06-10,Belarus,Russia,1492,-9,1 - 4
2025-09-05,Belarus,Greece,1487,-5,5 - 1
2025-09-08,Belarus,Scotland,1475,-12,2 - 0
2025-10-09,Belarus,Denmark,1468,-7,6 - 0
2025-10-12,Belarus,Scotland,1464,-4,2 - 1
2025-11-15,Belarus,Denmark,1482,18,2 - 2
2025-11-18,Belarus,Greece,1496,14,0 - 0
2026-03-26,Belarus,Cyprus,1503,7,0 - 1
2026-03-29,Belarus,Armenia,1513,10,1 - 2
2026-06-05,Belarus,Syria,1525,12,4 - 1
2026-06-09,Belarus,Burkina Faso,1522,-3,2 - 2
2021-06-03,Belgium,Greece,2098,-9,1 - 1
2021-06-06,Belgium,Croatia,2100,2,1 - 0
2021-06-12,Belgium,Russia,2116,16,0 - 3
2021-06-17,Belgium,Denmark,2135,19,1 - 2
2021-06-21,Belgium,Finland,2141,6,2 - 0
2021-06-27,Belgium,Portugal,2158,17,1 - 0
2021-07-02,Belgium,Italy,2126,-32,2 - 1
2021-09-02,Belgium,Estonia,2128,2,2 - 5
2021-09-05,Belgium,Czech Republic,2135,7,3 - 0
2021-09-08,Belgium,Belarus,2136,1,0 - 1
2021-10-07,Belgium,France,2105,-31,3 - 2
2021-10-10,Belgium,Italy,2082,-23,2 - 1
2021-11-13,Belgium,Estonia,2083,1,3 - 1
2021-11-16,Belgium,Wales,2075,-8,1 - 1
2022-03-26,Belgium,Republic of Ireland,2068,-7,2 - 2
2022-03-29,Belgium,Burkina Faso,2069,1,3 - 0
2022-06-03,Belgium,Netherlands,2014,-55,1 - 4
2022-06-08,Belgium,Poland,2026,12,6 - 1
2022-06-11,Belgium,Wales,2020,-6,1 - 1
2022-06-14,Belgium,Poland,2034,14,0 - 1
2022-09-22,Belgium,Wales,2040,6,2 - 1
2022-09-25,Belgium,Netherlands,2025,-15,1 - 0
2022-11-18,Belgium,Egypt,2007,-18,2 - 1
2022-11-23,Belgium,Canada,2020,13,1 - 0
2022-11-27,Belgium,Morocco,1948,-72,2 - 0
2022-12-01,Belgium,Croatia,1948,0,0 - 0
2023-03-24,Belgium,Sweden,1976,28,0 - 3
2023-03-28,Belgium,Germany,1988,12,2 - 3
2023-06-17,Belgium,Austria,1973,-15,1 - 1
2023-06-20,Belgium,Estonia,1979,6,0 - 3
2023-09-09,Belgium,Azerbaijan,1981,2,0 - 1
2023-09-12,Belgium,Estonia,1983,2,5 - 0
2023-10-13,Belgium,Austria,1999,16,2 - 3
2023-10-16,Belgium,Sweden,1983,-16,1 - 1
2023-11-15,Belgium,Serbia,1987,4,1 - 0
2023-11-19,Belgium,Azerbaijan,1990,3,5 - 0
2024-03-23,Belgium,Republic of Ireland,1983,-7,0 - 0
2024-03-26,Belgium,England,1986,3,2 - 2
2024-06-05,Belgium,Montenegro,1987,1,2 - 0
2024-06-08,Belgium,Luxembourg,1988,1,3 - 0
2024-06-17,Belgium,Slovakia,1945,-43,1 - 0
2024-06-22,Belgium,Romania,1961,16,2 - 0
2024-06-26,Belgium,Ukraine,1951,-10,0 - 0
2024-07-01,Belgium,France,1934,-17,1 - 0
2024-09-06,Belgium,Israel,1940,6,3 - 1
2024-09-09,Belgium,France,1923,-17,2 - 0
2024-10-10,Belgium,Italy,1930,7,2 - 2
2024-10-14,Belgium,France,1909,-21,1 - 2
2024-11-14,Belgium,Italy,1885,-24,0 - 1
2024-11-17,Belgium,Israel,1851,-34,1 - 0
2025-03-20,Belgium,Ukraine,1817,-34,3 - 1
2025-03-23,Belgium,Ukraine,1844,27,3 - 0
2025-06-06,Belgium,North Macedonia,1837,-7,1 - 1
2025-06-09,Belgium,Wales,1847,10,4 - 3
2025-09-04,Belgium,Liechtenstein,1848,1,0 - 6
2025-09-07,Belgium,Kazakhstan,1851,3,6 - 0
2025-10-10,Belgium,North Macedonia,1836,-15,0 - 0
2025-10-13,Belgium,Wales,1865,29,2 - 4
2025-11-15,Belgium,Kazakhstan,1849,-15,1 - 1
2025-11-18,Belgium,Liechtenstein,1849,0,7 - 0
2026-03-28,Belgium,USA,1867,17,2 - 5
2026-03-31,Belgium,Mexico,1867,0,1 - 1
2026-06-02,Belgium,Croatia,1889,22,0 - 2
2026-06-06,Belgium,Tunisia,1894,5,5 - 0
2021-06-04,Belize,Nicaragua,1126,-19,3 - 0
2022-01-29,Belize,Nicaragua,1117,-9,4 - 0
2022-02-01,Belize,Nicaragua,1123,6,1 - 1
2022-03-27,Belize,Cuba,1108,-15,0 - 3
2022-06-02,Belize,Dominican Republic,1075,-33,0 - 2
2022-06-05,Belize,Guatemala,1072,-3,2 - 0
2022-06-09,Belize,French Guiana,1081,9,1 - 1
2022-06-14,Belize,French Guiana,1076,-5,1 - 0
2023-03-24,Belize,Guatemala,1069,-7,1 - 2
2023-03-27,Belize,Dominican Republic,1056,-13,2 - 0
2023-09-08,Belize,St Vincent,1030,-26,1 - 2
2023-09-12,Belize,French Guiana,1084,54,0 - 2
2023-10-13,Belize,Bermuda,1062,-22,0 - 1
2023-10-17,Belize,Bermuda,1073,11,1 - 1
2023-11-17,Belize,French Guiana,1099,26,1 - 0
2023-11-21,Belize,St Vincent,1058,-41,3 - 0
2024-03-21,Belize,Puerto Rico,1058,0,1 - 1
2024-03-24,Belize,Puerto Rico,1075,17,3 - 0
2024-06-08,Belize,Nicaragua,1053,-22,0 - 4
2024-06-11,Belize,Guyana,1039,-14,3 - 1
2024-09-07,Belize,Turks and Caicos Islands,1051,12,0 - 4
2024-09-10,Belize,Anguilla,1055,4,1 - 0
2024-10-09,Belize,Anguilla,1057,2,1 - 0
2024-10-15,Belize,Turks and Caicos Islands,1061,4,3 - 0
2024-11-14,Belize,French Guiana,1086,25,2 - 1
2024-11-19,Belize,French Guiana,1094,8,2 - 2
2025-03-21,Belize,Costa Rica,1088,-6,0 - 7
2025-03-25,Belize,Costa Rica,1086,-2,6 - 1
2025-06-04,Belize,Montserrat,1058,-27,1 - 0
2025-06-07,Belize,Panama,1056,-2,0 - 2
2025-11-15,Belize,St Martin,1069,13,1 - 0
2025-11-18,Belize,St Kitts and Nevis,1103,34,2 - 6
2026-03-27,Belize,Sint Maarten,1084,-21,3 - 2
2026-03-30,Belize,Guyana,1073,-11,3 - 1
2021-06-08,Benin,Zambia,1463,-2,2 - 2
2021-06-15,Benin,Sierra Leone,1435,-28,1 - 0
2021-09-02,Benin,Madagascar,1469,21,0 - 1
2021-09-06,Benin,DR Congo,1463,-6,1 - 1
2021-10-07,Benin,Tanzania,1482,19,0 - 1
2021-10-10,Benin,Tanzania,1449,-33,0 - 1
2021-11-11,Benin,Madagascar,1463,14,2 - 0
2021-11-14,Benin,DR Congo,1444,-19,2 - 0
2022-03-24,Benin,Liberia,1458,14,4 - 0
2022-03-27,Benin,Zambia,1467,9,2 - 1
2022-03-29,Benin,Togo,1464,-3,1 - 1
2022-06-04,Benin,Senegal,1457,-7,3 - 1
2022-06-08,Benin,Mozambique,1424,-33,0 - 1
2022-09-24,Benin,Mauritania,1412,-12,1 - 0
2022-09-27,Benin,Madagascar,1392,-20,3 - 1
2023-03-22,Benin,Rwanda,1381,-11,1 - 1
2023-03-29,Benin,Rwanda,1381,0,1 - 1
2023-06-17,Benin,Senegal,1394,13,1 - 1
2023-09-09,Benin,Mozambique,1376,-18,3 - 2
2023-10-14,Benin,Sierra Leone,1374,-2,1 - 1
2023-10-17,Benin,Madagascar,1361,-13,2 - 1
2023-11-18,Benin,South Africa,1354,-7,2 - 1
2023-11-21,Benin,Lesotho,1348,-6,0 - 0
2024-03-23,Benin,Côte d'Ivoire,1355,7,2 - 2
2024-03-26,Benin,Senegal,1353,-2,1 - 0
2024-06-06,Benin,Rwanda,1372,19,1 - 0
2024-06-10,Benin,Nigeria,1404,32,2 - 1
2024-09-07,Benin,Nigeria,1393,-11,3 - 0
2024-09-10,Benin,Libya,1413,20,2 - 1
2024-10-11,Benin,Rwanda,1442,29,3 - 0
2024-10-15,Benin,Rwanda,1421,-21,2 - 1
2024-11-14,Benin,Nigeria,1430,9,1 - 1
2024-11-18,Benin,Libya,1434,4,0 - 0
2025-03-20,Benin,Zimbabwe,1431,-3,2 - 2
2025-03-25,Benin,South Africa,1413,-18,2 - 0
2025-06-09,Benin,Morocco,1410,-1,1 - 0
2025-09-05,Benin,Zimbabwe,1429,19,1 - 0
2025-09-09,Benin,Lesotho,1446,17,4 - 0
2025-10-10,Benin,Rwanda,1466,20,0 - 1
2025-10-14,Benin,Nigeria,1449,-16,4 - 0
2025-11-18,Benin,Burkina Faso,1436,-13,3 - 0
2025-12-23,Benin,DR Congo,1423,-13,1 - 0
2025-12-27,Benin,Botswana,1440,17,1 - 0
2025-12-30,Benin,Senegal,1430,-10,3 - 0
2026-01-05,Benin,Egypt,1410,-18,3 - 1
2026-03-27,Benin,Liberia,1417,7,1 - 0
2026-03-31,Benin,Guinea,1429,12,1 - 0
2026-06-05,Benin,Niger,1428,-1,1 - 1
2026-06-09,Benin,Togo,1405,-23,5 - 1
2021-06-04,Bermuda,Suriname,1259,-26,6 - 0
2021-06-08,Bermuda,Cayman Islands,1243,-16,1 - 1
2021-06-28,Bermuda,Guyana,1230,-13,1 - 0
2021-07-02,Bermuda,Barbados,1260,30,8 - 1
2021-07-06,Bermuda,Haiti,1248,-12,4 - 1
2022-06-04,Bermuda,Haiti,1257,9,0 - 0
2022-06-07,Bermuda,Guyana,1239,-18,2 - 1
2022-06-11,Bermuda,Montserrat,1205,-34,3 - 2
2023-03-25,Bermuda,Guyana,1165,-40,0 - 2
2023-03-28,Bermuda,Haiti,1159,-6,3 - 1
2023-07-11,Bermuda,Greenland,1169,10,3 - 2
2023-09-08,Bermuda,French Guiana,1171,2,0 - 0
2023-09-12,Bermuda,St Vincent,1151,-20,4 - 3
2023-10-13,Bermuda,Belize,1173,22,0 - 1
2023-10-17,Bermuda,Belize,1162,-11,1 - 1
2023-11-17,Bermuda,St Vincent,1176,14,3 - 1
2023-11-21,Bermuda,French Guiana,1149,-27,3 - 0
2024-03-22,Bermuda,Brunei,1151,2,2 - 0
2024-03-25,Bermuda,Guinea,1143,-8,5 - 1
2024-06-05,Bermuda,Antigua and Barbuda,1141,-2,1 - 1
2024-06-09,Bermuda,Honduras,1126,-15,1 - 6
2024-09-07,Bermuda,Dominican Republic,1111,-15,3 - 2
2024-09-10,Bermuda,Antigua and Barbuda,1128,17,0 - 1
2024-10-12,Bermuda,Dominica,1146,18,6 - 1
2024-10-15,Bermuda,Dominica,1154,8,3 - 2
2024-11-16,Bermuda,Antigua and Barbuda,1162,8,2 - 1
2024-11-19,Bermuda,Dominican Republic,1143,-19,6 - 1
2025-03-21,Bermuda,Honduras,1134,-9,3 - 5
2025-03-25,Bermuda,Honduras,1131,-3,2 - 0
2025-06-04,Bermuda,Cayman Islands,1138,7,5 - 0
2025-06-10,Bermuda,Cuba,1169,31,1 - 2
2025-09-05,Bermuda,Jamaica,1156,-13,0 - 4
2025-09-09,Bermuda,Curaçao,1151,-5,3 - 2
2025-10-10,Bermuda,Trinidad and Tobago,1129,-22,0 - 3
2025-10-14,Bermuda,Jamaica,1124,-4,4 - 0
2025-11-13,Bermuda,Curaçao,1103,-21,0 - 7
2025-11-18,Bermuda,Trinidad and Tobago,1120,17,2 - 2
2026-03-25,Bermuda,DR Congo,1119,-1,2 - 0
2026-06-06,Bermuda,Cabo Verde,1117,-2,3 - 0
2023-03-25,Bhutan,Laos,552,-11,2 - 1
2023-03-28,Bhutan,Nepal,565,13,1 - 1
2023-06-22,Bhutan,Maldives,559,-6,2 - 0
2023-06-25,Bhutan,Lebanon,558,-1,4 - 1
2023-06-28,Bhutan,Bangladesh,550,-8,3 - 1
2023-09-06,Bhutan,Macau,566,16,0 - 1
2023-10-12,Bhutan,Hong Kong,564,-2,4 - 0
2023-10-17,Bhutan,Hong Kong,620,56,2 - 0
2024-03-22,Bhutan,Central African Republic,619,-1,6 - 0
2024-03-25,Bhutan,Sri Lanka,607,-12,2 - 0
2024-09-05,Bhutan,Bangladesh,603,-4,0 - 1
2024-09-08,Bhutan,Bangladesh,619,16,1 - 0
2025-03-25,Bhutan,Yemen,635,16,0 - 0
2025-06-04,Bhutan,Bangladesh,631,-3,2 - 0
2025-06-10,Bhutan,Brunei,618,-13,2 - 1
2025-10-09,Bhutan,Lebanon,619,-1,2 - 0
2025-10-14,Bhutan,Lebanon,620,-1,4 - 0
2025-11-13,Bhutan,India,619,-1,6 - 1
2025-11-18,Bhutan,Yemen,615,-4,7 - 1
2026-03-31,Bhutan,Brunei,637,22,2 - 1
2026-06-04,Bhutan,Cambodia,632,-5,4 - 0
2026-06-08,Bhutan,Sri Lanka,623,-9,4 - 1
2021-06-03,Bolivia,Venezuela,1618,40,3 - 1
2021-06-08,Bolivia,Chile,1632,14,1 - 1
2021-06-14,Bolivia,Paraguay,1609,-23,3 - 1
2021-06-18,Bolivia,Chile,1598,-11,1 - 0
2021-06-24,Bolivia,Uruguay,1587,-11,2 - 0
2021-06-28,Bolivia,Argentina,1580,-7,4 - 1
2021-09-02,Bolivia,Colombia,1592,12,1 - 1
2021-09-05,Bolivia,Uruguay,1588,-4,4 - 2
2021-09-09,Bolivia,Argentina,1586,-2,3 - 0
2021-10-07,Bolivia,Ecuador,1576,-10,3 - 0
2021-10-10,Bolivia,Peru,1605,29,1 - 0
2021-10-14,Bolivia,Paraguay,1651,46,4 - 0
2021-11-05,Bolivia,El Salvador,1657,6,1 - 0
2021-11-11,Bolivia,Peru,1643,-14,3 - 0
2021-11-16,Bolivia,Uruguay,1693,50,3 - 0
2022-01-21,Bolivia,Trinidad and Tobago,1696,3,5 - 0
2022-01-28,Bolivia,Venezuela,1669,-27,4 - 1
2022-02-01,Bolivia,Chile,1650,-19,2 - 3
2022-03-24,Bolivia,Colombia,1641,-9,3 - 0
2022-03-29,Bolivia,Brazil,1634,-7,0 - 4
2022-09-24,Bolivia,Senegal,1621,-13,2 - 0
2022-11-19,Bolivia,Peru,1618,-3,1 - 0
2023-03-24,Bolivia,Uzbekistan,1607,-11,1 - 0
2023-03-28,Bolivia,Saudi Arabia,1619,12,1 - 2
2023-06-17,Bolivia,Ecuador,1615,-4,1 - 0
2023-06-20,Bolivia,Chile,1615,0,0 - 0
2023-09-08,Bolivia,Brazil,1602,-2,5 - 1
2023-09-12,Bolivia,Argentina,1597,-5,0 - 3
2023-10-12,Bolivia,Ecuador,1586,-11,1 - 2
2023-10-17,Bolivia,Paraguay,1577,-9,1 - 0
2023-11-16,Bolivia,Peru,1616,39,2 - 0
2023-11-21,Bolivia,Uruguay,1612,-4,3 - 0
2024-03-22,Bolivia,Algeria,1603,-9,3 - 2
2024-03-25,Bolivia,Andorra,1605,2,1 - 0
2024-05-31,Bolivia,Mexico,1600,-5,1 - 0
2024-06-12,Bolivia,Ecuador,1595,-5,3 - 1
2024-06-15,Bolivia,Colombia,1592,-3,3 - 0
2024-06-23,Bolivia,USA,1581,-11,2 - 0
2024-06-27,Bolivia,Uruguay,1573,-8,5 - 0
2024-07-01,Bolivia,Panama,1551,-22,3 - 1
2024-09-05,Bolivia,Venezuela,1606,55,4 - 0
2024-09-10,Bolivia,Chile,1637,31,1 - 2
2024-10-10,Bolivia,Colombia,1672,35,1 - 0
2024-10-15,Bolivia,Argentina,1669,-3,6 - 0
2024-11-14,Bolivia,Ecuador,1658,-11,4 - 0
2024-11-19,Bolivia,Paraguay,1659,1,2 - 2
2025-03-20,Bolivia,Peru,1642,-17,3 - 1
2025-03-25,Bolivia,Uruguay,1652,10,0 - 0
2025-06-06,Bolivia,Venezuela,1636,-15,2 - 0
2025-06-10,Bolivia,Chile,1664,28,2 - 0
2025-09-04,Bolivia,Colombia,1657,-7,3 - 0
2025-09-09,Bolivia,Brazil,1689,32,1 - 0
2025-10-10,Bolivia,Jordan,1697,8,1 - 0
2025-10-14,Bolivia,Russia,1688,-8,3 - 0
2025-11-14,Bolivia,South Korea,1680,-8,2 - 0
2025-11-18,Bolivia,Japan,1675,-5,3 - 0
2025-12-21,Bolivia,Peru,1665,-10,2 - 0
2026-01-18,Bolivia,Panama,1665,-1,1 - 1
2026-01-25,Bolivia,Mexico,1657,-8,0 - 1
2026-03-15,Bolivia,Trinidad and Tobago,1661,4,3 - 0
2026-03-26,Bolivia,Suriname,1670,9,2 - 1
2026-03-31,Bolivia,Iraq,1645,-25,2 - 1
2026-06-06,Bolivia,Scotland,1633,-12,4 - 0
2026-06-10,Bolivia,Algeria,1621,-12,4 - 0
2021-10-03,Bonaire,Curaçao,958,-1,1 - 0
2022-06-03,Bonaire,Turks and Caicos Islands,986,28,1 - 4
2022-06-06,Bonaire,Sint Maarten,975,-11,2 - 2
2022-06-11,Bonaire,United States Virgin Islands,990,15,0 - 2
2022-06-14,Bonaire,United States Virgin Islands,998,8,2 - 0
2022-11-24,Bonaire,Suriname,990,-8,4 - 1
2022-11-26,Bonaire,Aruba,973,-17,1 - 0
2023-03-25,Bonaire,Sint Maarten,911,-62,6 - 1
2023-03-28,Bonaire,Turks and Caicos Islands,878,-33,1 - 2
2023-09-11,Bonaire,St Martin,857,-21,2 - 1
2023-10-12,Bonaire,Anguilla,863,6,2 - 0
2023-11-18,Bonaire,Anguilla,880,17,0 - 3
2023-11-21,Bonaire,St Martin,834,-46,0 - 4
2024-03-20,Bonaire,El Salvador,843,9,1 - 1
2024-06-04,Bonaire,Sint Maarten,828,-15,3 - 1
2024-09-05,Bonaire,St Vincent,836,8,1 - 1
2024-09-08,Bonaire,El Salvador,834,-2,1 - 2
2024-10-10,Bonaire,Montserrat,822,-12,1 - 0
2024-10-13,Bonaire,Montserrat,851,29,1 - 0
2024-11-14,Bonaire,El Salvador,850,-1,1 - 0
2024-11-17,Bonaire,St Vincent,840,-10,3 - 1
2025-03-25,Bonaire,Niger,838,-2,6 - 0
2025-11-12,Bonaire,Barbados,825,-11,3 - 2
2025-11-15,Bonaire,Guyana,823,-2,2 - 1
2026-03-26,Bonaire,St Vincent,859,36,3 - 1
2026-03-29,Bonaire,St Martin,837,-22,0 - 3
2026-06-06,Bonaire,British Virgin Islands,817,-20,2 - 0
2021-06-02,Bosnia and Herzegovina,Montenegro,1630,-5,0 - 0
2021-06-06,Bosnia and Herzegovina,Denmark,1628,-2,2 - 0
2021-09-01,Bosnia and Herzegovina,France,1646,18,1 - 1
2021-09-04,Bosnia and Herzegovina,Kuwait,1648,2,1 - 0
2021-09-07,Bosnia and Herzegovina,Kazakhstan,1632,-16,2 - 2
2021-10-09,Bosnia and Herzegovina,Kazakhstan,1649,17,0 - 2
2021-10-12,Bosnia and Herzegovina,Ukraine,1662,13,1 - 1
2021-11-13,Bosnia and Herzegovina,Finland,1626,-36,1 - 3
2021-11-16,Bosnia and Herzegovina,Ukraine,1602,-24,0 - 2
2021-12-18,Bosnia and Herzegovina,USA,1600,-2,1 - 0
2022-03-25,Bosnia and Herzegovina,Georgia,1586,-14,0 - 1
2022-03-29,Bosnia and Herzegovina,Luxembourg,1589,3,1 - 0
2022-06-04,Bosnia and Herzegovina,Finland,1600,11,1 - 1
2022-06-07,Bosnia and Herzegovina,Romania,1616,16,1 - 0
2022-06-11,Bosnia and Herzegovina,Montenegro,1617,1,1 - 1
2022-06-14,Bosnia and Herzegovina,Finland,1635,18,3 - 2
2022-09-23,Bosnia and Herzegovina,Montenegro,1647,12,1 - 0
2022-09-26,Bosnia and Herzegovina,Romania,1616,-31,4 - 1
2023-03-23,Bosnia and Herzegovina,Iceland,1634,18,3 - 0
2023-03-26,Bosnia and Herzegovina,Slovakia,1607,-27,2 - 0
2023-06-17,Bosnia and Herzegovina,Portugal,1603,-4,3 - 0
2023-06-20,Bosnia and Herzegovina,Luxembourg,1554,-49,0 - 2
2023-09-08,Bosnia and Herzegovina,Liechtenstein,1555,1,2 - 1
2023-09-11,Bosnia and Herzegovina,Iceland,1536,-19,1 - 0
2023-10-13,Bosnia and Herzegovina,Liechtenstein,1540,4,0 - 2
2023-10-16,Bosnia and Herzegovina,Portugal,1532,-8,0 - 5
2023-11-16,Bosnia and Herzegovina,Luxembourg,1503,-29,4 - 1
2023-11-19,Bosnia and Herzegovina,Slovakia,1485,-18,1 - 2
2024-03-21,Bosnia and Herzegovina,Ukraine,1478,-7,1 - 2
2024-06-03,Bosnia and Herzegovina,England,1477,-1,3 - 0
2024-06-09,Bosnia and Herzegovina,Italy,1476,-1,1 - 0
2024-09-07,Bosnia and Herzegovina,Netherlands,1474,-2,5 - 2
2024-09-10,Bosnia and Herzegovina,Hungary,1491,17,0 - 0
2024-10-11,Bosnia and Herzegovina,Germany,1487,-4,1 - 2
2024-10-14,Bosnia and Herzegovina,Hungary,1472,-15,0 - 2
2024-11-16,Bosnia and Herzegovina,Germany,1469,-3,7 - 0
2024-11-19,Bosnia and Herzegovina,Netherlands,1485,16,1 - 1
2025-03-21,Bosnia and Herzegovina,Romania,1520,35,0 - 1
2025-03-24,Bosnia and Herzegovina,Cyprus,1526,6,2 - 1
2025-06-07,Bosnia and Herzegovina,San Marino,1526,0,1 - 0
2025-06-10,Bosnia and Herzegovina,Slovenia,1523,-3,2 - 1
2025-09-06,Bosnia and Herzegovina,San Marino,1525,3,0 - 6
2025-09-09,Bosnia and Herzegovina,Austria,1516,-9,1 - 2
2025-10-09,Bosnia and Herzegovina,Cyprus,1510,-6,2 - 2
2025-10-12,Bosnia and Herzegovina,Malta,1520,10,1 - 4
2025-11-15,Bosnia and Herzegovina,Romania,1555,35,3 - 1
2025-11-18,Bosnia and Herzegovina,Austria,1571,16,1 - 1
2026-03-26,Bosnia and Herzegovina,Wales,1584,12,1 - 1
2026-03-31,Bosnia and Herzegovina,Italy,1594,10,1 - 1
2026-05-29,Bosnia and Herzegovina,North Macedonia,1591,-3,0 - 0
2026-06-06,Bosnia and Herzegovina,Panama,1595,4,1 - 1
2021-07-04,Botswana,Namibia,1292,1,1 - 1
2021-07-06,Botswana,South Africa,1286,-6,1 - 0
2021-07-10,Botswana,Lesotho,1319,33,4 - 0
2021-07-13,Botswana,Zambia,1305,-14,2 - 1
2021-07-14,Botswana,Eswatini,1300,-5,1 - 1
2022-05-27,Botswana,Eswatini,1309,9,1 - 0
2022-06-01,Botswana,Libya,1296,-13,1 - 0
2022-06-05,Botswana,Tunisia,1308,12,0 - 0
2022-07-05,Botswana,Seychelles,1312,4,1 - 0
2022-07-07,Botswana,Comoros,1329,17,1 - 0
2022-07-10,Botswana,Angola,1354,25,1 - 0
2022-07-12,Botswana,Zambia,1358,4,1 - 1
2022-07-15,Botswana,Eswatini,1385,27,2 - 0
2022-07-17,Botswana,South Africa,1377,-8,2 - 1
2022-09-27,Botswana,South Africa,1373,-4,1 - 0
2022-11-17,Botswana,Angola,1364,-9,1 - 0
2023-03-24,Botswana,Equatorial Guinea,1348,-16,2 - 0
2023-03-28,Botswana,Equatorial Guinea,1328,-20,2 - 3
2023-06-17,Botswana,Libya,1343,15,1 - 0
2023-07-05,Botswana,Eswatini,1359,16,1 - 0
2023-07-08,Botswana,South Africa,1353,-6,2 - 1
2023-07-11,Botswana,Namibia,1354,1,0 - 0
2023-09-07,Botswana,Tunisia,1350,-4,3 - 0
2023-09-30,Botswana,Zimbabwe,1346,-4,1 - 1
2023-10-16,Botswana,Eswatini,1352,6,2 - 1
2023-11-16,Botswana,Mozambique,1326,-26,2 - 3
2023-11-21,Botswana,Guinea,1347,21,1 - 0
2024-01-08,Botswana,Mozambique,1348,1,1 - 1
2024-03-22,Botswana,Rwanda,1346,-2,0 - 0
2024-03-25,Botswana,Burundi,1343,-3,0 - 0
2024-06-07,Botswana,Uganda,1330,-13,1 - 0
2024-06-10,Botswana,Somalia,1335,5,3 - 1
2024-06-26,Botswana,Eswatini,1329,-6,0 - 0
2024-06-29,Botswana,South Africa,1344,15,0 - 0
2024-07-02,Botswana,Mozambique,1319,-25,3 - 1
2024-09-07,Botswana,Mauritania,1301,-13,1 - 0
2024-09-10,Botswana,Egypt,1287,-14,0 - 4
2024-10-10,Botswana,Cabo Verde,1323,36,0 - 1
2024-10-15,Botswana,Cabo Verde,1348,25,1 - 0
2024-11-15,Botswana,Mauritania,1342,-6,1 - 1
2024-11-19,Botswana,Egypt,1359,17,1 - 1
2025-03-21,Botswana,Algeria,1346,-13,1 - 3
2025-03-25,Botswana,Somalia,1349,3,2 - 0
2025-06-09,Botswana,Comoros,1352,5,0 - 0
2025-06-11,Botswana,Zambia,1354,2,3 - 3
2025-07-06,Botswana,Malawi,1353,0,1 - 1
2025-09-04,Botswana,Algeria,1348,-4,3 - 1
2025-09-08,Botswana,Mozambique,1330,-18,2 - 0
2025-10-09,Botswana,Uganda,1309,-21,0 - 1
2025-10-14,Botswana,Guinea,1319,10,2 - 2
2025-12-18,Botswana,Tunisia,1317,-2,2 - 1
2025-12-23,Botswana,Senegal,1312,-5,3 - 0
2025-12-27,Botswana,Benin,1295,-17,1 - 0
2025-12-30,Botswana,DR Congo,1285,-10,3 - 0
2026-03-28,Botswana,Zimbabwe,1256,-29,0 - 3
2026-03-31,Botswana,Malawi,1267,11,1 - 0
2021-06-04,Brazil,Ecuador,2141,5,2 - 0
2021-06-08,Brazil,Paraguay,2152,11,0 - 2
2021-06-13,Brazil,Venezuela,2157,5,3 - 0
2021-06-17,Brazil,Peru,2163,6,4 - 0
2021-06-23,Brazil,Colombia,2168,5,2 - 1
2021-06-27,Brazil,Ecuador,2146,-22,1 - 1
2021-07-02,Brazil,Chile,2150,4,1 - 0
2021-07-05,Brazil,Peru,2154,4,1 - 0
2021-07-10,Brazil,Argentina,2114,-40,0 - 1
2021-09-02,Brazil,Chile,2123,9,0 - 1
2021-09-09,Brazil,Peru,2128,5,2 - 0
2021-10-07,Brazil,Venezuela,2136,8,1 - 3
2021-10-10,Brazil,Colombia,2130,-6,0 - 0
2021-10-14,Brazil,Uruguay,2140,10,4 - 1
2021-11-11,Brazil,Colombia,2146,6,1 - 0
2021-11-16,Brazil,Argentina,2149,3,0 - 0
2022-01-27,Brazil,Ecuador,2139,-10,1 - 1
2022-02-01,Brazil,Paraguay,2142,3,4 - 0
2022-03-24,Brazil,Chile,2148,6,4 - 0
2022-03-29,Brazil,Bolivia,2155,7,0 - 4
2022-06-02,Brazil,South Korea,2162,7,1 - 5
2022-06-06,Brazil,Japan,2166,4,0 - 1
2022-09-23,Brazil,Ghana,2167,1,3 - 0
2022-09-27,Brazil,Tunisia,2169,2,5 - 1
2022-11-24,Brazil,Serbia,2185,16,2 - 0
2022-11-28,Brazil,Switzerland,2195,10,1 - 0
2022-12-02,Brazil,Cameroon,2137,-58,1 - 0
2022-12-05,Brazil,South Korea,2150,13,4 - 1
2022-12-09,Brazil,Croatia,2134,-16,1 - 1
2023-03-25,Brazil,Morocco,2120,-14,2 - 1
2023-06-17,Brazil,Guinea,2121,1,4 - 1
2023-06-20,Brazil,Senegal,2094,-27,4 - 2
2023-09-08,Brazil,Bolivia,2096,2,5 - 1
2023-09-12,Brazil,Peru,2108,12,0 - 1
2023-10-12,Brazil,Venezuela,2090,-18,1 - 1
2023-10-17,Brazil,Uruguay,2054,-36,2 - 0
2023-11-16,Brazil,Colombia,2033,-21,2 - 1
2023-11-21,Brazil,Argentina,2012,-21,0 - 1
2024-03-23,Brazil,England,2025,13,0 - 1
2024-03-26,Brazil,Spain,2028,3,3 - 3
2024-06-08,Brazil,Mexico,2032,4,3 - 2
2024-06-12,Brazil,USA,2028,-4,1 - 1
2024-06-24,Brazil,Costa Rica,2007,-21,0 - 0
2024-06-28,Brazil,Paraguay,2020,13,4 - 1
2024-07-02,Brazil,Colombia,2021,1,1 - 1
2024-07-06,Brazil,Uruguay,2021,0,0 - 0
2024-09-06,Brazil,Ecuador,2029,8,1 - 0
2024-09-10,Brazil,Paraguay,1997,-32,1 - 0
2024-10-10,Brazil,Chile,2006,9,1 - 2
2024-10-15,Brazil,Peru,2014,8,4 - 0
2024-11-14,Brazil,Venezuela,2006,-8,1 - 1
2024-11-19,Brazil,Uruguay,1997,-9,1 - 1
2025-03-20,Brazil,Colombia,2010,13,2 - 1
2025-03-25,Brazil,Argentina,1994,-16,4 - 1
2025-06-05,Brazil,Ecuador,1994,1,0 - 0
2025-06-10,Brazil,Paraguay,2001,7,1 - 0
2025-09-04,Brazil,Chile,2007,6,3 - 0
2025-09-09,Brazil,Bolivia,1975,-32,1 - 0
2025-10-10,Brazil,South Korea,1989,14,0 - 5
2025-10-14,Brazil,Japan,1978,-11,3 - 2
2025-11-15,Brazil,Senegal,1986,8,2 - 0
2025-11-18,Brazil,Tunisia,1978,-8,1 - 1
2026-03-26,Brazil,France,1970,-8,2 - 1
2026-03-31,Brazil,Croatia,1984,14,3 - 1
2026-05-31,Brazil,Panama,1988,4,6 - 2
2026-06-06,Brazil,Egypt,1991,3,2 - 1
2021-06-02,British Virgin Islands,Cuba,603,-2,5 - 0
2021-06-05,British Virgin Islands,Curaçao,602,-1,8 - 0
2022-01-27,British Virgin Islands,Anguilla,591,-11,2 - 1
2022-06-03,British Virgin Islands,Cayman Islands,601,10,1 - 1
2022-06-06,British Virgin Islands,Cayman Islands,617,16,1 - 1
2022-06-12,British Virgin Islands,Puerto Rico,614,-3,6 - 0
2023-03-23,British Virgin Islands,Puerto Rico,608,-6,1 - 3
2023-09-09,British Virgin Islands,Turks and Caicos Islands,644,36,3 - 1
2023-10-12,British Virgin Islands,Dominica,659,15,1 - 1
2023-10-16,British Virgin Islands,Turks and Caicos Islands,668,9,2 - 2
2023-11-16,British Virgin Islands,Dominica,659,-9,1 - 2
2024-03-22,British Virgin Islands,United States Virgin Islands,662,3,1 - 1
2024-03-26,British Virgin Islands,United States Virgin Islands,654,-8,0 - 0
2024-06-08,British Virgin Islands,Guatemala,653,-1,0 - 3
2024-06-11,British Virgin Islands,Dominican Republic,651,-2,4 - 0
2024-09-04,British Virgin Islands,Cayman Islands,644,-7,1 - 0
2024-09-10,British Virgin Islands,St Kitts and Nevis,640,-4,2 - 0
2024-10-09,British Virgin Islands,St Kitts and Nevis,638,-2,3 - 1
2024-10-12,British Virgin Islands,Cayman Islands,627,-11,1 - 0
2025-04-17,British Virgin Islands,Anguilla,630,3,0 - 0
2025-04-20,British Virgin Islands,Anguilla,623,-7,1 - 0
2025-05-29,British Virgin Islands,St Vincent,633,10,1 - 1
2025-06-04,British Virgin Islands,Dominica,627,-5,3 - 0
2025-10-08,British Virgin Islands,Grenada,626,-1,4 - 1
2025-11-12,British Virgin Islands,Cayman Islands,651,25,1 - 2
2025-11-15,British Virgin Islands,Bahamas,693,42,6 - 0
2026-03-26,British Virgin Islands,Cayman Islands,701,8,1 - 1
2026-03-29,British Virgin Islands,Anguilla,727,26,4 - 0
2026-06-03,British Virgin Islands,Gibraltar,723,-4,4 - 0
2026-06-06,British Virgin Islands,Bonaire,743,20,2 - 0
2022-03-27,Brunei,Laos,614,-6,3 - 2
2022-05-27,Brunei,Malaysia,613,-1,4 - 0
2022-09-21,Brunei,Maldives,600,-13,0 - 3
2022-09-27,Brunei,Laos,614,14,1 - 0
2022-11-05,Brunei,Timor-Leste,642,28,6 - 2
2022-11-08,Brunei,Timor-Leste,614,-28,0 - 1
2022-12-20,Brunei,Thailand,613,-1,5 - 0
2022-12-23,Brunei,Philippines,610,-3,5 - 1
2022-12-26,Brunei,Indonesia,608,-2,7 - 0
2022-12-29,Brunei,Cambodia,600,-8,5 - 1
2023-09-11,Brunei,Hong Kong,599,-1,10 - 0
2023-10-12,Brunei,Indonesia,598,-1,6 - 0
2023-10-17,Brunei,Indonesia,595,-3,0 - 6
2024-03-22,Brunei,Bermuda,593,-2,2 - 0
2024-03-26,Brunei,Vanuatu,621,28,3 - 2
2024-06-08,Brunei,Sri Lanka,631,10,1 - 0
2024-06-11,Brunei,Sri Lanka,640,9,1 - 0
2024-09-06,Brunei,Macau,668,28,3 - 0
2024-09-10,Brunei,Macau,692,24,0 - 1
2024-10-08,Brunei,Timor-Leste,664,-28,0 - 1
2024-10-15,Brunei,Timor-Leste,665,1,0 - 0
2025-03-25,Brunei,Lebanon,663,-2,5 - 0
2025-06-05,Brunei,Sri Lanka,654,-8,1 - 0
2025-06-10,Brunei,Bhutan,667,13,2 - 1
2025-10-09,Brunei,Yemen,661,-7,0 - 2
2025-10-14,Brunei,Yemen,656,-6,9 - 0
2025-11-18,Brunei,Lebanon,654,-2,0 - 3
2026-03-31,Brunei,Bhutan,633,-22,2 - 1
2026-06-02,Brunei,Timor-Leste,592,-41,0 - 3
2026-06-09,Brunei,Timor-Leste,572,-20,3 - 1
2021-06-05,Bulgaria,Russia,1501,-2,1 - 0
2021-06-08,Bulgaria,France,1500,-1,3 - 0
2021-09-02,Bulgaria,Italy,1519,19,1 - 1
2021-09-05,Bulgaria,Lithuania,1524,5,1 - 0
2021-09-08,Bulgaria,Georgia,1535,11,4 - 1
2021-10-09,Bulgaria,Lithuania,1493,-42,3 - 1
2021-10-12,Bulgaria,Northern Ireland,1514,21,2 - 1
2021-11-11,Bulgaria,Ukraine,1522,8,1 - 1
2021-11-15,Bulgaria,Switzerland,1518,-4,4 - 0
2022-03-26,Bulgaria,Qatar,1514,-4,2 - 1
2022-03-29,Bulgaria,Croatia,1512,-2,2 - 1
2022-06-02,Bulgaria,North Macedonia,1515,3,1 - 1
2022-06-05,Bulgaria,Georgia,1475,-40,2 - 5
2022-06-09,Bulgaria,Gibraltar,1460,-15,1 - 1
2022-06-12,Bulgaria,Georgia,1474,14,0 - 0
2022-09-23,Bulgaria,Gibraltar,1478,4,5 - 1
2022-09-26,Bulgaria,North Macedonia,1509,31,0 - 1
2022-11-16,Bulgaria,Cyprus,1521,12,0 - 2
2022-11-20,Bulgaria,Luxembourg,1522,1,0 - 0
2023-03-24,Bulgaria,Montenegro,1497,-25,0 - 1
2023-03-27,Bulgaria,Hungary,1492,-5,3 - 0
2023-06-17,Bulgaria,Lithuania,1485,-7,1 - 1
2023-06-20,Bulgaria,Serbia,1498,13,1 - 1
2023-09-07,Bulgaria,Iran,1493,-5,0 - 1
2023-09-10,Bulgaria,Montenegro,1481,-12,2 - 1
2023-10-14,Bulgaria,Lithuania,1429,-52,0 - 2
2023-10-17,Bulgaria,Albania,1425,-4,2 - 0
2023-11-16,Bulgaria,Hungary,1439,14,2 - 2
2023-11-19,Bulgaria,Serbia,1457,18,2 - 2
2024-03-22,Bulgaria,Tanzania,1468,11,1 - 0
2024-03-25,Bulgaria,Azerbaijan,1473,5,1 - 1
2024-06-04,Bulgaria,Romania,1480,7,0 - 0
2024-06-08,Bulgaria,Slovenia,1488,8,1 - 1
2024-09-05,Bulgaria,Belarus,1485,-3,0 - 0
2024-09-08,Bulgaria,Northern Ireland,1502,17,1 - 0
2024-10-12,Bulgaria,Luxembourg,1494,-8,0 - 0
2024-10-15,Bulgaria,Northern Ireland,1468,-26,5 - 0
2024-11-15,Bulgaria,Luxembourg,1494,26,0 - 1
2024-11-18,Bulgaria,Belarus,1486,-8,1 - 1
2025-03-20,Bulgaria,Republic of Ireland,1467,-19,1 - 2
2025-03-23,Bulgaria,Republic of Ireland,1460,-7,2 - 1
2025-06-06,Bulgaria,Cyprus,1454,-6,2 - 2
2025-06-10,Bulgaria,Greece,1452,-2,4 - 0
2025-09-04,Bulgaria,Spain,1450,-2,0 - 3
2025-09-07,Bulgaria,Georgia,1441,-9,3 - 0
2025-10-11,Bulgaria,Turkey,1429,-12,1 - 6
2025-10-14,Bulgaria,Spain,1428,-1,4 - 0
2025-11-15,Bulgaria,Turkey,1425,-3,2 - 0
2025-11-18,Bulgaria,Georgia,1453,28,2 - 1
2026-03-27,Bulgaria,Solomon Islands,1461,8,10 - 2
2026-03-30,Bulgaria,Indonesia,1475,14,0 - 1
2026-06-01,Bulgaria,Montenegro,1461,-14,0 - 1
2026-06-05,Bulgaria,Moldova,1458,-3,2 - 2
2021-06-05,Burkina Faso,Côte d'Ivoire,1551,-5,2 - 1
2021-06-12,Burkina Faso,Morocco,1547,-4,1 - 0
2021-09-02,Burkina Faso,Niger,1556,9,2 - 0
2021-09-07,Burkina Faso,Algeria,1567,11,1 - 1
2021-10-08,Burkina Faso,Djibouti,1569,2,4 - 0
2021-10-11,Burkina Faso,Djibouti,1570,1,2 - 0
2021-11-12,Burkina Faso,Niger,1555,-15,1 - 1
2021-11-16,Burkina Faso,Algeria,1569,14,2 - 2
2021-12-30,Burkina Faso,Mauritania,1563,-6,0 - 0
2022-01-02,Burkina Faso,Gabon,1574,11,3 - 0
2022-01-09,Burkina Faso,Cameroon,1558,-16,2 - 1
2022-01-13,Burkina Faso,Cabo Verde,1578,20,1 - 0
2022-01-17,Burkina Faso,Ethiopia,1562,-16,1 - 1
2022-01-23,Burkina Faso,Gabon,1554,-8,1 - 1
2022-01-29,Burkina Faso,Tunisia,1584,30,1 - 0
2022-02-02,Burkina Faso,Senegal,1560,-24,3 - 1
2022-02-05,Burkina Faso,Cameroon,1571,11,3 - 3
2022-03-24,Burkina Faso,Kosovo,1551,-20,5 - 0
2022-03-29,Burkina Faso,Belgium,1550,-1,3 - 0
2022-06-03,Burkina Faso,Cabo Verde,1574,24,2 - 0
2022-06-07,Burkina Faso,Eswatini,1583,9,3 - 1
2022-09-23,Burkina Faso,DR Congo,1589,6,1 - 0
2022-09-27,Burkina Faso,Comoros,1591,2,2 - 1
2022-11-19,Burkina Faso,Côte d'Ivoire,1604,13,2 - 1
2023-03-24,Burkina Faso,Togo,1610,6,1 - 0
2023-03-28,Burkina Faso,Togo,1600,-10,1 - 1
2023-06-18,Burkina Faso,Cabo Verde,1569,-31,3 - 1
2023-09-08,Burkina Faso,Eswatini,1555,-14,0 - 0
2023-09-12,Burkina Faso,Morocco,1552,-3,1 - 0
2023-10-13,Burkina Faso,Equatorial Guinea,1553,1,0 - 0
2023-10-17,Burkina Faso,Mauritania,1559,6,2 - 1
2023-11-17,Burkina Faso,Guinea-Bissau,1551,-8,1 - 1
2023-11-21,Burkina Faso,Ethiopia,1565,14,3 - 0
2024-01-05,Burkina Faso,Iran,1563,-2,2 - 1
2024-01-10,Burkina Faso,DR Congo,1571,8,2 - 1
2024-01-16,Burkina Faso,Mauritania,1585,14,1 - 0
2024-01-20,Burkina Faso,Algeria,1594,9,2 - 2
2024-01-23,Burkina Faso,Angola,1542,-52,2 - 0
2024-01-30,Burkina Faso,Mali,1523,-19,2 - 1
2024-03-22,Burkina Faso,Libya,1510,-13,2 - 1
2024-03-26,Burkina Faso,Niger,1503,-7,1 - 1
2024-06-06,Burkina Faso,Egypt,1495,-8,2 - 1
2024-06-10,Burkina Faso,Sierra Leone,1485,-10,2 - 2
2024-09-06,Burkina Faso,Senegal,1501,16,1 - 1
2024-09-10,Burkina Faso,Malawi,1514,13,3 - 1
2024-10-10,Burkina Faso,Burundi,1531,17,4 - 1
2024-10-13,Burkina Faso,Burundi,1543,12,2 - 0
2024-11-14,Burkina Faso,Senegal,1534,-9,1 - 0
2024-11-18,Burkina Faso,Malawi,1483,-51,3 - 0
2025-03-21,Burkina Faso,Djibouti,1486,3,4 - 1
2025-03-24,Burkina Faso,Guinea-Bissau,1501,15,1 - 2
2025-06-02,Burkina Faso,Tunisia,1492,-7,2 - 0
2025-06-06,Burkina Faso,Zimbabwe,1502,10,2 - 0
2025-09-05,Burkina Faso,Djibouti,1505,3,6 - 0
2025-09-09,Burkina Faso,Egypt,1509,4,0 - 0
2025-10-08,Burkina Faso,Sierra Leone,1521,12,1 - 0
2025-10-12,Burkina Faso,Ethiopia,1528,7,3 - 1
2025-11-14,Burkina Faso,Niger,1534,7,3 - 2
2025-11-18,Burkina Faso,Benin,1547,13,3 - 0
2025-12-24,Burkina Faso,Equatorial Guinea,1564,17,2 - 1
2025-12-28,Burkina Faso,Algeria,1550,-14,1 - 0
2025-12-31,Burkina Faso,Sudan,1570,20,2 - 0
2026-01-06,Burkina Faso,Côte d'Ivoire,1534,-37,3 - 0
2026-03-28,Burkina Faso,Guinea-Bissau,1538,4,5 - 0
2026-03-31,Burkina Faso,Guinea-Bissau,1530,-8,1 - 1
2026-06-05,Burkina Faso,Russia,1526,-4,3 - 0
2026-06-09,Burkina Faso,Belarus,1529,3,2 - 2
2021-09-04,Burundi,Seychelles,1256,8,8 - 1
2021-09-07,Burundi,Comoros,1244,-12,1 - 0
2021-11-13,Burundi,Myanmar,1248,4,2 - 1
2022-03-26,Burundi,Bahrain,1246,-2,1 - 0
2022-03-29,Burundi,Liberia,1258,12,2 - 1
2022-06-04,Burundi,Namibia,1263,5,1 - 1
2022-06-09,Burundi,Cameroon,1259,-4,1 - 0
2022-11-16,Burundi,Côte d'Ivoire,1256,-3,4 - 0
2023-03-25,Burundi,Indonesia,1246,-10,3 - 1
2023-03-28,Burundi,Indonesia,1250,4,2 - 2
2023-06-20,Burundi,Namibia,1279,29,3 - 2
2023-09-12,Burundi,Cameroon,1274,-5,3 - 0
2023-11-16,Burundi,Gambia,1303,29,3 - 2
2023-11-19,Burundi,Gabon,1290,-13,2 - 1
2024-01-09,Burundi,Algeria,1287,-3,4 - 0
2024-03-22,Burundi,Madagascar,1277,-10,1 - 0
2024-03-25,Burundi,Botswana,1280,3,0 - 0
2024-06-07,Burundi,Kenya,1287,7,1 - 1
2024-06-11,Burundi,Seychelles,1292,5,3 - 1
2024-09-05,Burundi,Malawi,1318,26,2 - 3
2024-09-09,Burundi,Senegal,1315,-3,1 - 0
2024-10-10,Burundi,Burkina Faso,1298,-17,4 - 1
2024-10-13,Burundi,Burkina Faso,1286,-12,2 - 0
2024-11-14,Burundi,Malawi,1284,-2,0 - 0
2024-11-19,Burundi,Senegal,1282,-2,2 - 0
2025-03-21,Burundi,Côte d'Ivoire,1276,-6,1 - 0
2025-03-25,Burundi,Seychelles,1283,7,5 - 0
2025-06-06,Burundi,Guinea-Bissau,1292,10,1 - 0
2025-06-10,Burundi,Mauritania,1293,1,0 - 0
2025-09-05,Burundi,Côte d'Ivoire,1289,-4,1 - 0
2025-09-09,Burundi,Gambia,1270,-19,2 - 0
2025-10-09,Burundi,Kenya,1248,-22,0 - 1
2025-10-14,Burundi,Gabon,1239,-8,2 - 0
2026-03-27,Burundi,Chad,1274,35,0 - 4
2026-03-31,Burundi,Chad,1286,12,4 - 0
2026-05-26,Burundi,Morocco,1285,-1,5 - 0
2021-06-08,Cabo Verde,Senegal,1444,-3,2 - 0
2021-09-01,Cabo Verde,Central African Republic,1435,-9,1 - 1
2021-09-07,Cabo Verde,Nigeria,1422,-13,1 - 2
2021-10-07,Cabo Verde,Liberia,1439,17,2 - 1
2021-10-10,Cabo Verde,Liberia,1449,10,1 - 0
2021-11-13,Cabo Verde,Central African Republic,1457,8,2 - 1
2021-11-16,Cabo Verde,Nigeria,1471,14,1 - 1
2022-01-09,Cabo Verde,Ethiopia,1488,17,1 - 0
2022-01-13,Cabo Verde,Burkina Faso,1468,-20,1 - 0
2022-01-17,Cabo Verde,Cameroon,1484,16,1 - 1
2022-01-25,Cabo Verde,Senegal,1465,-19,2 - 0
2022-03-23,Cabo Verde,Guadeloupe,1471,6,2 - 0
2022-03-25,Cabo Verde,Liechtenstein,1475,4,6 - 0
2022-03-28,Cabo Verde,San Marino,1476,1,2 - 0
2022-06-03,Cabo Verde,Burkina Faso,1452,-24,2 - 0
2022-06-07,Cabo Verde,Togo,1472,20,2 - 0
2022-06-11,Cabo Verde,Ecuador,1470,-2,1 - 0
2022-09-23,Cabo Verde,Bahrain,1484,14,1 - 2
2023-03-24,Cabo Verde,Eswatini,1470,-14,0 - 0
2023-03-28,Cabo Verde,Eswatini,1482,12,1 - 0
2023-06-12,Cabo Verde,Morocco,1491,9,0 - 0
2023-06-18,Cabo Verde,Burkina Faso,1522,31,3 - 1
2023-09-10,Cabo Verde,Togo,1498,-24,3 - 2
2023-10-12,Cabo Verde,Algeria,1493,-5,5 - 1
2023-10-17,Cabo Verde,Comoros,1476,-17,2 - 1
2023-11-16,Cabo Verde,Angola,1466,-10,0 - 0
2023-11-21,Cabo Verde,Eswatini,1481,15,2 - 0
2024-01-10,Cabo Verde,Tunisia,1477,-4,2 - 0
2024-01-14,Cabo Verde,Ghana,1507,30,2 - 1
2024-01-19,Cabo Verde,Mozambique,1536,29,3 - 0
2024-01-22,Cabo Verde,Egypt,1544,8,2 - 2
2024-01-29,Cabo Verde,Mauritania,1560,16,1 - 0
2024-02-03,Cabo Verde,South Africa,1561,1,0 - 0
2024-03-21,Cabo Verde,Guyana,1566,5,1 - 0
2024-03-25,Cabo Verde,Equatorial Guinea,1581,15,1 - 0
2024-06-08,Cabo Verde,Cameroon,1554,-27,4 - 1
2024-06-11,Cabo Verde,Libya,1562,8,1 - 0
2024-09-06,Cabo Verde,Egypt,1543,-19,3 - 0
2024-09-10,Cabo Verde,Mauritania,1553,10,2 - 0
2024-10-10,Cabo Verde,Botswana,1517,-36,0 - 1
2024-10-15,Cabo Verde,Botswana,1492,-25,1 - 0
2024-11-15,Cabo Verde,Egypt,1497,5,1 - 1
2024-11-19,Cabo Verde,Mauritania,1474,-23,1 - 0
2025-03-20,Cabo Verde,Mauritius,1476,2,1 - 0
2025-03-25,Cabo Verde,Angola,1506,30,1 - 2
2025-05-29,Cabo Verde,Malaysia,1502,-4,1 - 1
2025-06-03,Cabo Verde,Malaysia,1511,11,0 - 3
2025-06-08,Cabo Verde,Georgia,1518,7,1 - 1
2025-09-04,Cabo Verde,Mauritius,1527,8,0 - 2
2025-09-09,Cabo Verde,Cameroon,1545,18,1 - 0
2025-10-08,Cabo Verde,Libya,1544,-1,3 - 3
2025-10-13,Cabo Verde,Eswatini,1550,6,3 - 0
2025-11-13,Cabo Verde,Iran,1557,8,0 - 0
2025-11-17,Cabo Verde,Egypt,1561,4,1 - 1
2026-03-27,Cabo Verde,Chile,1549,-12,4 - 2
2026-03-30,Cabo Verde,Finland,1549,0,1 - 1
2026-05-31,Cabo Verde,Serbia,1576,27,3 - 0
2026-06-06,Cabo Verde,Bermuda,1578,2,3 - 0
2021-06-03,Cambodia,Bahrain,836,-1,8 - 0
2021-06-07,Cambodia,Iraq,835,-1,4 - 1
2021-10-09,Cambodia,Guam,849,14,1 - 0
2021-10-12,Cambodia,Guam,861,12,2 - 1
2021-12-06,Cambodia,Malaysia,853,-8,3 - 1
2021-12-09,Cambodia,Indonesia,843,-10,4 - 2
2021-12-15,Cambodia,Laos,863,20,3 - 0
2021-12-19,Cambodia,Vietnam,859,-4,4 - 0
2022-06-02,Cambodia,Timor-Leste,862,3,2 - 1
2022-06-08,Cambodia,India,857,-5,2 - 0
2022-06-11,Cambodia,Hong Kong,847,-10,3 - 0
2022-06-14,Cambodia,Afghanistan,860,13,2 - 2
2022-09-22,Cambodia,Bangladesh,847,-13,0 - 1
2022-12-09,Cambodia,Malaysia,845,-2,4 - 0
2022-12-20,Cambodia,Philippines,873,28,3 - 2
2022-12-23,Cambodia,Indonesia,871,-2,2 - 1
2022-12-29,Cambodia,Brunei,879,8,5 - 1
2023-01-02,Cambodia,Thailand,877,-2,3 - 1
2023-06-15,Cambodia,Bangladesh,863,-14,0 - 1
2023-09-07,Cambodia,Hong Kong,867,4,1 - 1
2023-09-11,Cambodia,Macau,873,6,4 - 0
2023-10-12,Cambodia,Pakistan,864,-9,0 - 0
2023-10-17,Cambodia,Pakistan,847,-17,1 - 0
2024-03-22,Cambodia,Equatorial Guinea,846,-1,2 - 0
2024-03-26,Cambodia,Guyana,842,-4,4 - 1
2024-06-07,Cambodia,Mongolia,851,9,2 - 0
2024-06-11,Cambodia,Mongolia,842,-9,2 - 1
2024-09-05,Cambodia,Sri Lanka,839,-3,0 - 0
2024-09-10,Cambodia,Sri Lanka,827,-12,2 - 2
2024-10-11,Cambodia,Taiwan,836,9,3 - 2
2024-10-15,Cambodia,Hong Kong,832,-4,3 - 0
2024-12-08,Cambodia,Malaysia,847,15,2 - 2
2024-12-11,Cambodia,Singapore,842,-5,2 - 1
2024-12-17,Cambodia,Timor-Leste,849,7,2 - 1
2024-12-20,Cambodia,Thailand,848,-1,3 - 2
2025-03-19,Cambodia,Vietnam,847,-1,2 - 1
2025-03-25,Cambodia,Aruba,836,-11,1 - 2
2025-06-05,Cambodia,Tajikistan,834,-2,1 - 2
2025-11-13,Cambodia,Hong Kong,846,9,1 - 1
2026-06-04,Cambodia,Bhutan,849,5,4 - 0
2026-06-09,Cambodia,Hong Kong,871,22,2 - 0
2021-06-04,Cameroon,Nigeria,1564,14,1 - 0
2021-06-08,Cameroon,Nigeria,1567,3,0 - 0
2021-09-03,Cameroon,Malawi,1574,7,2 - 0
2021-09-06,Cameroon,Côte d'Ivoire,1563,-11,2 - 1
2021-10-08,Cameroon,Mozambique,1570,7,3 - 1
2021-10-11,Cameroon,Mozambique,1577,7,1 - 0
2021-11-13,Cameroon,Malawi,1590,13,4 - 0
2021-11-16,Cameroon,Côte d'Ivoire,1609,19,1 - 0
2022-01-09,Cameroon,Burkina Faso,1625,16,2 - 1
2022-01-13,Cameroon,Ethiopia,1633,8,4 - 1
2022-01-17,Cameroon,Cabo Verde,1617,-16,1 - 1
2022-01-24,Cameroon,Comoros,1621,4,2 - 1
2022-01-29,Cameroon,Gambia,1635,14,2 - 0
2022-02-03,Cameroon,Egypt,1632,-3,0 - 0
2022-02-05,Cameroon,Burkina Faso,1621,-11,3 - 3
2022-03-25,Cameroon,Algeria,1600,-21,0 - 1
2022-03-29,Cameroon,Algeria,1631,31,1 - 2
2022-06-09,Cameroon,Burundi,1635,4,1 - 0
2022-09-23,Cameroon,Uzbekistan,1617,-18,2 - 0
2022-09-27,Cameroon,South Korea,1613,-4,1 - 0
2022-11-09,Cameroon,Jamaica,1609,-4,1 - 1
2022-11-18,Cameroon,Panama,1610,1,1 - 1
2022-11-24,Cameroon,Switzerland,1601,-9,1 - 0
2022-11-28,Cameroon,Serbia,1621,20,3 - 3
2022-12-02,Cameroon,Brazil,1679,58,1 - 0
2023-03-24,Cameroon,Namibia,1662,-17,1 - 1
2023-03-28,Cameroon,Namibia,1629,-33,2 - 1
2023-06-10,Cameroon,Mexico,1634,5,2 - 2
2023-09-12,Cameroon,Burundi,1639,5,3 - 0
2023-10-12,Cameroon,Russia,1635,-4,1 - 0
2023-10-16,Cameroon,Senegal,1628,-7,1 - 0
2023-11-17,Cameroon,Mauritius,1629,1,3 - 0
2023-11-21,Cameroon,Libya,1620,-9,1 - 1
2024-01-09,Cameroon,Zambia,1616,-4,1 - 1
2024-01-15,Cameroon,Guinea,1605,-11,1 - 1
2024-01-19,Cameroon,Senegal,1582,-23,3 - 1
2024-01-23,Cameroon,Gambia,1593,11,3 - 2
2024-01-27,Cameroon,Nigeria,1558,-35,2 - 0
2024-06-08,Cameroon,Cabo Verde,1585,27,4 - 1
2024-06-11,Cameroon,Angola,1587,2,1 - 1
2024-09-07,Cameroon,Namibia,1593,6,1 - 0
2024-09-10,Cameroon,Zimbabwe,1580,-13,0 - 0
2024-10-11,Cameroon,Kenya,1594,14,4 - 1
2024-10-14,Cameroon,Kenya,1605,11,1 - 0
2024-11-13,Cameroon,Namibia,1591,-14,0 - 0
2024-11-19,Cameroon,Zimbabwe,1597,6,2 - 1
2025-03-19,Cameroon,Eswatini,1581,-16,0 - 0
2025-03-25,Cameroon,Libya,1591,10,3 - 1
2025-06-06,Cameroon,Uganda,1597,8,3 - 0
2025-06-09,Cameroon,Equatorial Guinea,1594,-3,1 - 1
2025-09-04,Cameroon,Eswatini,1598,4,3 - 0
2025-09-09,Cameroon,Cabo Verde,1580,-18,1 - 0
2025-10-08,Cameroon,Mauritius,1586,6,0 - 2
2025-10-13,Cameroon,Angola,1579,-7,0 - 0
2025-11-13,Cameroon,DR Congo,1559,-19,1 - 0
2025-12-24,Cameroon,Gabon,1578,19,1 - 0
2025-12-28,Cameroon,Côte d'Ivoire,1581,3,1 - 1
2025-12-31,Cameroon,Mozambique,1594,13,2 - 1
2026-01-04,Cameroon,South Africa,1616,22,2 - 1
2026-01-09,Cameroon,Morocco,1606,-10,2 - 0
2026-03-27,Cameroon,Australia,1601,-5,1 - 0
2026-03-31,Cameroon,China,1614,13,2 - 0
2021-06-05,Canada,Aruba,1615,2,7 - 0
2021-06-08,Canada,Suriname,1628,13,4 - 0
2021-06-12,Canada,Haiti,1650,22,0 - 1
2021-06-15,Canada,Haiti,1675,25,3 - 0
2021-07-11,Canada,Martinique,1692,17,4 - 1
2021-07-15,Canada,Haiti,1717,25,4 - 1
2021-07-18,Canada,USA,1705,-12,1 - 0
2021-07-25,Canada,Costa Rica,1738,33,2 - 0
2021-07-29,Canada,Mexico,1724,-14,2 - 1
2021-09-02,Canada,Honduras,1712,-12,1 - 1
2021-09-05,Canada,USA,1724,12,1 - 1
2021-09-08,Canada,El Salvador,1736,12,3 - 0
2021-10-07,Canada,Mexico,1749,13,1 - 1
2021-10-10,Canada,Jamaica,1742,-7,0 - 0
2021-10-13,Canada,Panama,1757,15,4 - 1
2021-11-12,Canada,Costa Rica,1765,8,1 - 0
2021-11-16,Canada,Mexico,1785,20,2 - 1
2022-01-27,Canada,Honduras,1800,15,0 - 2
2022-01-30,Canada,USA,1827,27,2 - 0
2022-02-02,Canada,El Salvador,1842,15,0 - 2
2022-03-24,Canada,Costa Rica,1818,-24,1 - 0
2022-03-27,Canada,Jamaica,1825,7,4 - 0
2022-03-30,Canada,Panama,1798,-27,1 - 0
2022-06-09,Canada,Curaçao,1802,4,4 - 0
2022-06-13,Canada,Honduras,1769,-33,2 - 1
2022-09-23,Canada,Qatar,1779,10,2 - 0
2022-09-27,Canada,Uruguay,1770,-9,2 - 0
2022-11-11,Canada,Bahrain,1765,-5,2 - 2
2022-11-17,Canada,Japan,1776,11,2 - 1
2022-11-23,Canada,Belgium,1763,-13,1 - 0
2022-11-27,Canada,Croatia,1732,-31,4 - 1
2022-12-01,Canada,Morocco,1712,-20,2 - 1
2023-03-25,Canada,Curaçao,1724,12,0 - 2
2023-03-28,Canada,Honduras,1733,9,4 - 1
2023-06-15,Canada,Panama,1758,25,2 - 0
2023-06-18,Canada,USA,1742,-16,2 - 0
2023-06-27,Canada,Guadeloupe,1719,-23,2 - 2
2023-07-01,Canada,Guatemala,1705,-14,0 - 0
2023-07-04,Canada,Cuba,1711,6,4 - 2
2023-07-09,Canada,USA,1725,14,2 - 2
2023-10-13,Canada,Japan,1719,-6,4 - 1
2023-11-18,Canada,Jamaica,1738,19,1 - 2
2023-11-21,Canada,Jamaica,1706,-32,2 - 3
2024-03-23,Canada,Trinidad and Tobago,1716,10,2 - 0
2024-06-06,Canada,Netherlands,1712,-4,4 - 0
2024-06-09,Canada,France,1721,9,0 - 0
2024-06-20,Canada,Argentina,1715,-6,2 - 0
2024-06-25,Canada,Peru,1742,27,1 - 0
2024-06-29,Canada,Chile,1741,-1,0 - 0
2024-07-05,Canada,Venezuela,1747,6,1 - 1
2024-07-09,Canada,Argentina,1740,-7,2 - 0
2024-07-13,Canada,Uruguay,1756,16,2 - 2
2024-09-07,Canada,USA,1769,13,1 - 2
2024-09-10,Canada,Mexico,1770,1,0 - 0
2024-10-15,Canada,Panama,1776,6,2 - 1
2024-11-15,Canada,Suriname,1782,6,0 - 1
2024-11-19,Canada,Suriname,1785,3,3 - 0
2025-03-20,Canada,Mexico,1754,-31,2 - 0
2025-03-23,Canada,USA,1779,25,1 - 2
2025-06-07,Canada,Ukraine,1797,18,4 - 2
2025-06-10,Canada,Côte d'Ivoire,1786,-11,0 - 0
2025-06-17,Canada,Honduras,1800,14,6 - 0
2025-06-21,Canada,Curaçao,1779,-21,1 - 1
2025-06-24,Canada,El Salvador,1785,6,2 - 0
2025-06-29,Canada,Guatemala,1769,-16,1 - 1
2025-09-05,Canada,Romania,1786,18,0 - 3
2025-09-09,Canada,Wales,1797,11,0 - 1
2025-10-10,Canada,Australia,1784,-13,0 - 1
2025-10-14,Canada,Colombia,1790,5,0 - 0
2025-11-13,Canada,Ecuador,1791,1,0 - 0
2025-11-18,Canada,Venezuela,1803,12,2 - 0
2026-01-17,Canada,Guatemala,1805,3,1 - 0
2026-03-28,Canada,Iceland,1794,-11,2 - 2
2026-03-31,Canada,Tunisia,1784,-10,0 - 0
2026-06-01,Canada,Uzbekistan,1793,9,2 - 0
2026-06-05,Canada,Republic of Ireland,1788,-5,1 - 1
2021-06-02,Cayman Islands,Aruba,876,-32,3 - 1
2021-06-08,Cayman Islands,Bermuda,892,16,1 - 1
2022-06-03,Cayman Islands,British Virgin Islands,882,-10,1 - 1
2022-06-06,Cayman Islands,British Virgin Islands,866,-16,1 - 1
2022-06-09,Cayman Islands,Puerto Rico,840,-26,0 - 3
2023-03-26,Cayman Islands,Puerto Rico,831,-9,5 - 1
2023-09-07,Cayman Islands,United States Virgin Islands,826,-5,2 - 2
2023-09-11,Cayman Islands,Aruba,807,-19,1 - 2
2023-10-17,Cayman Islands,United States Virgin Islands,814,7,2 - 1
2023-11-20,Cayman Islands,Aruba,801,-13,5 - 1
2024-03-26,Cayman Islands,Moldova,799,-2,4 - 0
2024-06-08,Cayman Islands,Antigua and Barbuda,825,26,1 - 0
2024-09-04,Cayman Islands,British Virgin Islands,832,7,1 - 0
2024-09-07,Cayman Islands,St Kitts and Nevis,811,-21,1 - 4
2024-10-12,Cayman Islands,British Virgin Islands,822,11,1 - 0
2024-10-15,Cayman Islands,St Kitts and Nevis,838,16,1 - 1
2024-11-15,Cayman Islands,Guadeloupe,830,-8,0 - 6
2024-11-19,Cayman Islands,Guadeloupe,829,-1,1 - 0
2025-06-04,Cayman Islands,Bermuda,822,-7,5 - 0
2025-06-07,Cayman Islands,Honduras,821,-1,0 - 1
2025-11-12,Cayman Islands,British Virgin Islands,795,-25,1 - 2
2025-11-15,Cayman Islands,Anguilla,806,11,4 - 0
2026-03-26,Cayman Islands,British Virgin Islands,798,-8,1 - 1
2026-03-29,Cayman Islands,Bahamas,805,7,1 - 0
2026-06-06,Cayman Islands,Gibraltar,800,-5,4 - 1
2021-06-04,Central African Republic,Rwanda,1299,-11,2 - 0
2021-06-07,Central African Republic,Rwanda,1285,-14,5 - 0
2021-09-01,Central African Republic,Cabo Verde,1294,9,1 - 1
2021-09-06,Central African Republic,Liberia,1277,-17,1 - 0
2021-10-07,Central African Republic,Nigeria,1315,38,0 - 1
2021-10-10,Central African Republic,Nigeria,1307,-8,2 - 0
2021-11-13,Central African Republic,Cabo Verde,1299,-8,2 - 1
2021-11-16,Central African Republic,Liberia,1272,-27,3 - 1
2022-03-23,Central African Republic,Tanzania,1258,-14,3 - 1
2022-03-26,Central African Republic,Sudan,1260,2,0 - 0
2022-06-01,Central African Republic,Angola,1251,-9,2 - 1
2022-06-05,Central African Republic,Ghana,1265,14,1 - 1
2023-03-23,Central African Republic,Madagascar,1313,48,0 - 3
2023-03-27,Central African Republic,Madagascar,1338,25,2 - 0
2023-06-11,Central African Republic,Uganda,1340,2,1 - 1
2023-06-17,Central African Republic,Angola,1324,-16,2 - 1
2023-09-07,Central African Republic,Ghana,1320,-4,2 - 1
2023-11-17,Central African Republic,Comoros,1289,-31,4 - 2
2023-11-20,Central African Republic,Mali,1306,17,1 - 1
2024-03-22,Central African Republic,Bhutan,1307,1,6 - 0
2024-03-25,Central African Republic,Papua New Guinea,1320,13,4 - 0
2024-06-05,Central African Republic,Chad,1333,13,1 - 0
2024-06-10,Central African Republic,Ghana,1327,-6,4 - 3
2024-09-05,Central African Republic,Lesotho,1349,22,3 - 1
2024-09-10,Central African Republic,Gabon,1334,-15,2 - 0
2024-10-12,Central African Republic,Morocco,1331,-3,5 - 0
2024-10-15,Central African Republic,Morocco,1328,-3,4 - 0
2024-11-14,Central African Republic,Lesotho,1301,-27,1 - 0
2024-11-18,Central African Republic,Gabon,1288,-13,1 - 0
2025-03-19,Central African Republic,Madagascar,1253,-35,4 - 1
2025-03-24,Central African Republic,Mali,1269,16,0 - 0
2025-06-06,Central African Republic,Mauritania,1279,12,2 - 1
2025-09-04,Central African Republic,Madagascar,1250,-29,2 - 0
2025-09-07,Central African Republic,Comoros,1233,-17,2 - 0
2025-10-08,Central African Republic,Ghana,1218,-15,5 - 0
2025-10-12,Central African Republic,Chad,1239,21,2 - 3
2026-06-05,Central African Republic,Togo,1241,3,1 - 1
2026-06-09,Central African Republic,Angola,1236,-5,3 - 0
2022-03-23,Chad,Gambia,1176,-7,1 - 0
2022-03-29,Chad,Gambia,1189,13,2 - 2
2023-10-17,Chad,Sudan,1182,-7,1 - 0
2023-10-20,Chad,Sudan,1185,3,1 - 1
2023-11-17,Chad,Mali,1183,-2,3 - 1
2023-11-20,Chad,Madagascar,1159,-24,3 - 0
2024-03-22,Chad,Mauritius,1173,14,1 - 0
2024-03-26,Chad,Mauritius,1190,17,1 - 2
2024-06-05,Chad,Central African Republic,1177,-13,1 - 0
2024-06-11,Chad,Comoros,1156,-21,2 - 0
2024-09-06,Chad,Sierra Leone,1165,9,0 - 0
2024-09-10,Chad,Côte d'Ivoire,1161,-4,2 - 0
2024-10-11,Chad,Zambia,1175,14,0 - 0
2024-10-15,Chad,Zambia,1164,-11,1 - 0
2024-11-13,Chad,Sierra Leone,1173,9,1 - 1
2024-11-19,Chad,Côte d'Ivoire,1169,-4,4 - 0
2025-03-21,Chad,Ghana,1160,-9,5 - 0
2025-03-25,Chad,Comoros,1152,-8,1 - 0
2025-06-07,Chad,Kenya,1156,6,0 - 0
2025-06-10,Chad,Kenya,1152,-4,2 - 1
2025-09-04,Chad,Ghana,1164,11,1 - 1
2025-09-08,Chad,Madagascar,1146,-18,3 - 1
2025-10-08,Chad,Mali,1139,-7,0 - 2
2025-10-12,Chad,Central African Republic,1118,-21,2 - 3
2025-11-14,Chad,Uganda,1112,-3,2 - 1
2025-11-17,Chad,Mozambique,1119,7,2 - 2
2026-03-27,Chad,Burundi,1085,-35,0 - 4
2026-03-31,Chad,Burundi,1073,-12,4 - 0
2023-07-03,Chagos Islands,Falkland Islands,785,9,4 - 0
2021-06-03,Chile,Argentina,1829,13,1 - 1
2021-06-08,Chile,Bolivia,1815,-14,1 - 1
2021-06-14,Chile,Argentina,1826,11,1 - 1
2021-06-18,Chile,Bolivia,1837,11,1 - 0
2021-06-21,Chile,Uruguay,1842,5,1 - 1
2021-06-24,Chile,Paraguay,1798,-44,2 - 0
2021-07-02,Chile,Brazil,1794,-4,1 - 0
2021-09-02,Chile,Brazil,1785,-9,0 - 1
2021-09-05,Chile,Ecuador,1792,7,0 - 0
2021-09-09,Chile,Colombia,1779,-13,3 - 1
2021-10-07,Chile,Peru,1760,-19,2 - 0
2021-10-10,Chile,Paraguay,1786,26,2 - 0
2021-10-14,Chile,Venezuela,1806,20,3 - 0
2021-11-11,Chile,Paraguay,1828,22,0 - 1
2021-11-16,Chile,Ecuador,1789,-39,0 - 2
2021-12-08,Chile,Mexico,1791,2,2 - 2
2021-12-11,Chile,El Salvador,1794,3,1 - 0
2022-01-27,Chile,Argentina,1785,-9,1 - 2
2022-02-01,Chile,Bolivia,1804,19,2 - 3
2022-03-24,Chile,Brazil,1798,-6,4 - 0
2022-03-29,Chile,Uruguay,1768,-30,0 - 2
2022-06-06,Chile,South Korea,1758,-10,2 - 0
2022-06-10,Chile,Tunisia,1727,-31,2 - 0
2022-06-14,Chile,Ghana,1719,-8,0 - 0
2022-09-23,Chile,Morocco,1705,-14,2 - 0
2022-09-27,Chile,Qatar,1703,-2,2 - 2
2022-11-16,Chile,Poland,1698,-5,1 - 0
2022-11-20,Chile,Slovakia,1697,-1,0 - 0
2023-03-27,Chile,Paraguay,1705,8,3 - 2
2023-06-11,Chile,Cuba,1707,2,3 - 0
2023-06-16,Chile,Dominican Republic,1708,1,5 - 0
2023-06-20,Chile,Bolivia,1708,0,0 - 0
2023-09-08,Chile,Uruguay,1699,-9,3 - 1
2023-09-12,Chile,Colombia,1707,8,0 - 0
2023-10-12,Chile,Peru,1739,32,2 - 0
2023-10-17,Chile,Venezuela,1713,-26,3 - 0
2023-11-16,Chile,Paraguay,1707,-6,0 - 0
2023-11-21,Chile,Ecuador,1700,-7,1 - 0
2024-03-22,Chile,Albania,1714,14,3 - 0
2024-03-26,Chile,France,1713,-1,3 - 2
2024-06-11,Chile,Paraguay,1725,12,3 - 0
2024-06-21,Chile,Peru,1726,1,0 - 0
2024-06-25,Chile,Argentina,1722,-4,1 - 0
2024-06-29,Chile,Canada,1723,1,0 - 0
2024-09-05,Chile,Argentina,1720,-3,3 - 0
2024-09-10,Chile,Bolivia,1689,-31,1 - 2
2024-10-10,Chile,Brazil,1680,-9,1 - 2
2024-10-15,Chile,Colombia,1675,-5,4 - 0
2024-11-15,Chile,Peru,1684,9,0 - 0
2024-11-19,Chile,Venezuela,1713,29,4 - 2
2025-02-08,Chile,Panama,1728,15,6 - 1
2025-03-20,Chile,Paraguay,1716,-12,1 - 0
2025-03-25,Chile,Ecuador,1722,6,0 - 0
2025-06-05,Chile,Argentina,1716,-6,0 - 1
2025-06-10,Chile,Bolivia,1688,-28,2 - 0
2025-09-04,Chile,Brazil,1682,-6,3 - 0
2025-09-09,Chile,Uruguay,1689,7,0 - 0
2025-10-10,Chile,Peru,1697,8,2 - 1
2025-11-15,Chile,Russia,1721,23,0 - 2
2025-11-18,Chile,Peru,1731,10,2 - 1
2026-03-27,Chile,Cabo Verde,1743,12,4 - 2
2026-03-30,Chile,New Zealand,1710,-33,4 - 1
2026-06-06,Chile,Portugal,1708,-2,2 - 1
2026-06-09,Chile,DR Congo,1717,9,2 - 1
2021-09-07,China,Japan,1481,-8,1 - 0
2021-10-07,China,Vietnam,1496,15,3 - 2
2021-10-12,China,Saudi Arabia,1489,-7,3 - 2
2021-11-11,China,Oman,1491,2,1 - 1
2021-11-16,China,Australia,1503,12,1 - 1
2022-01-27,China,Japan,1496,-7,2 - 0
2022-02-01,China,Vietnam,1461,-35,3 - 1
2022-03-24,China,Saudi Arabia,1470,9,1 - 1
2022-03-29,China,Oman,1453,-17,2 - 0
2022-07-20,China,South Korea,1445,-8,3 - 0
2022-07-24,China,Japan,1462,17,0 - 0
2022-07-27,China,Hong Kong,1468,6,1 - 0
2023-03-23,China,New Zealand,1472,4,0 - 0
2023-03-26,China,New Zealand,1466,-6,2 - 1
2023-06-16,China,Myanmar,1467,1,4 - 0
2023-06-20,China,Palestine,1477,10,2 - 0
2023-09-09,China,Malaysia,1470,-7,1 - 1
2023-09-12,China,Syria,1456,-14,0 - 1
2023-10-10,China,Vietnam,1465,9,2 - 0
2023-10-16,China,Uzbekistan,1456,-9,1 - 2
2023-11-16,China,Thailand,1478,22,1 - 2
2023-11-21,China,South Korea,1461,-17,0 - 3
2023-12-29,China,Oman,1449,-12,2 - 0
2024-01-01,China,Hong Kong,1431,-18,2 - 1
2024-01-13,China,Tajikistan,1427,-4,0 - 0
2024-01-17,China,Lebanon,1418,-9,0 - 0
2024-01-22,China,Qatar,1407,-11,1 - 0
2024-03-21,China,Singapore,1397,-10,2 - 2
2024-03-26,China,Singapore,1404,7,4 - 1
2024-06-06,China,Thailand,1399,-5,1 - 1
2024-06-11,China,South Korea,1396,-3,1 - 0
2024-09-05,China,Japan,1393,-3,7 - 0
2024-09-10,China,Saudi Arabia,1377,-16,1 - 2
2024-10-10,China,Australia,1373,-4,3 - 1
2024-10-15,China,Indonesia,1387,14,2 - 1
2024-11-14,China,Bahrain,1417,30,0 - 1
2024-11-19,China,Japan,1410,-7,1 - 3
2025-03-15,China,Kuwait,1422,12,3 - 1
2025-03-20,China,Saudi Arabia,1413,-9,1 - 0
2025-03-25,China,Australia,1399,-14,0 - 2
2025-06-05,China,Indonesia,1381,-18,1 - 0
2025-06-10,China,Bahrain,1400,19,1 - 0
2025-07-07,China,South Korea,1396,-4,3 - 0
2025-07-12,China,Japan,1392,-4,2 - 0
2025-07-15,China,Hong Kong,1400,8,1 - 0
2026-01-26,China,Uzbekistan,1410,7,2 - 2
2026-03-27,China,Curaçao,1436,26,2 - 0
2026-03-31,China,Cameroon,1423,-13,2 - 0
2026-06-05,China,Singapore,1428,5,1 - 2
2026-06-09,China,Thailand,1424,-4,0 - 0
2021-06-03,Colombia,Peru,1931,35,0 - 3
2021-06-08,Colombia,Argentina,1928,-3,2 - 2
2021-06-13,Colombia,Ecuador,1944,16,1 - 0
2021-06-17,Colombia,Venezuela,1932,-12,0 - 0
2021-06-20,Colombia,Peru,1897,-35,2 - 1
2021-06-23,Colombia,Brazil,1892,-5,2 - 1
2021-07-03,Colombia,Uruguay,1895,3,0 - 0
2021-07-06,Colombia,Argentina,1904,9,1 - 1
2021-07-09,Colombia,Peru,1924,20,3 - 2
2021-09-02,Colombia,Bolivia,1912,-12,1 - 1
2021-09-05,Colombia,Paraguay,1911,-1,1 - 1
2021-09-09,Colombia,Chile,1924,13,3 - 1
2021-10-07,Colombia,Uruguay,1931,7,0 - 0
2021-10-10,Colombia,Brazil,1937,6,0 - 0
2021-10-14,Colombia,Ecuador,1924,-13,0 - 0
2021-11-11,Colombia,Brazil,1918,-6,1 - 0
2021-11-16,Colombia,Paraguay,1904,-14,0 - 0
2022-01-16,Colombia,Honduras,1906,2,2 - 1
2022-01-28,Colombia,Peru,1877,-29,0 - 1
2022-02-01,Colombia,Argentina,1872,-5,1 - 0
2022-03-24,Colombia,Bolivia,1881,9,3 - 0
2022-03-29,Colombia,Venezuela,1896,15,0 - 1
2022-06-05,Colombia,Saudi Arabia,1900,4,1 - 0
2022-09-24,Colombia,Guatemala,1903,3,4 - 1
2022-09-27,Colombia,Mexico,1911,8,3 - 2
2022-11-19,Colombia,Paraguay,1919,8,2 - 0
2023-01-28,Colombia,USA,1919,0,0 - 0
2023-03-24,Colombia,South Korea,1918,-1,2 - 2
2023-03-28,Colombia,Japan,1929,11,1 - 2
2023-06-16,Colombia,Iraq,1932,3,1 - 0
2023-06-20,Colombia,Germany,1951,19,0 - 2
2023-09-07,Colombia,Venezuela,1956,5,1 - 0
2023-09-12,Colombia,Chile,1948,-8,0 - 0
2023-10-12,Colombia,Uruguay,1940,-8,2 - 2
2023-10-17,Colombia,Ecuador,1942,2,0 - 0
2023-11-16,Colombia,Brazil,1963,21,2 - 1
2023-11-21,Colombia,Paraguay,1975,12,0 - 1
2023-12-10,Colombia,Venezuela,1980,5,1 - 0
2023-12-16,Colombia,Mexico,1985,5,3 - 2
2024-03-22,Colombia,Spain,1996,11,1 - 0
2024-03-26,Colombia,Romania,1999,3,3 - 2
2024-06-08,Colombia,USA,2013,14,1 - 5
2024-06-15,Colombia,Bolivia,2016,3,3 - 0
2024-06-24,Colombia,Paraguay,2023,7,2 - 1
2024-06-28,Colombia,Costa Rica,2032,9,3 - 0
2024-07-02,Colombia,Brazil,2031,-1,1 - 1
2024-07-06,Colombia,Panama,2047,16,5 - 0
2024-07-10,Colombia,Uruguay,2071,24,1 - 0
2024-07-14,Colombia,Argentina,2052,-19,1 - 0
2024-09-06,Colombia,Peru,2040,-12,1 - 1
2024-09-10,Colombia,Argentina,2062,22,2 - 1
2024-10-10,Colombia,Bolivia,2027,-35,1 - 0
2024-10-15,Colombia,Chile,2032,5,4 - 0
2024-11-15,Colombia,Uruguay,2011,-21,3 - 2
2024-11-19,Colombia,Ecuador,1979,-32,0 - 1
2025-03-20,Colombia,Brazil,1966,-13,2 - 1
2025-03-25,Colombia,Paraguay,1953,-13,2 - 2
2025-06-06,Colombia,Peru,1937,-15,0 - 0
2025-06-10,Colombia,Argentina,1951,14,1 - 1
2025-09-04,Colombia,Bolivia,1958,7,3 - 0
2025-09-09,Colombia,Venezuela,1982,24,3 - 6
2025-10-11,Colombia,Mexico,1994,12,4 - 0
2025-10-14,Colombia,Canada,1988,-5,0 - 0
2025-11-15,Colombia,New Zealand,1990,2,2 - 1
2025-11-18,Colombia,Australia,1998,8,3 - 0
2026-03-26,Colombia,Croatia,1986,-12,2 - 1
2026-03-29,Colombia,France,1975,-11,3 - 1
2026-06-01,Colombia,Costa Rica,1977,2,3 - 1
2026-06-07,Colombia,Jordan,1982,5,2 - 0
2021-06-24,Comoros,Palestine,1215,-19,5 - 1
2021-09-01,Comoros,Seychelles,1221,6,7 - 1
2021-09-07,Comoros,Burundi,1233,12,1 - 0
2021-11-13,Comoros,Sierra Leone,1253,20,2 - 0
2021-12-31,Comoros,Malawi,1244,-9,2 - 1
2022-01-10,Comoros,Gabon,1230,-14,1 - 0
2022-01-14,Comoros,Morocco,1227,-3,2 - 0
2022-01-18,Comoros,Ghana,1271,44,3 - 2
2022-01-24,Comoros,Cameroon,1267,-4,2 - 1
2022-03-25,Comoros,Ethiopia,1276,9,2 - 1
2022-06-03,Comoros,Lesotho,1293,17,2 - 0
2022-06-07,Comoros,Zambia,1284,-9,2 - 1
2022-07-05,Comoros,Angola,1263,-21,3 - 1
2022-07-07,Comoros,Botswana,1246,-17,1 - 0
2022-07-10,Comoros,Seychelles,1251,5,2 - 1
2022-09-22,Comoros,Tunisia,1249,-2,1 - 0
2022-09-27,Comoros,Burkina Faso,1247,-2,2 - 1
2023-03-24,Comoros,Côte d'Ivoire,1244,-3,3 - 1
2023-03-28,Comoros,Côte d'Ivoire,1236,-8,0 - 2
2023-06-17,Comoros,Lesotho,1255,19,1 - 0
2023-07-06,Comoros,Seychelles,1263,8,3 - 0
2023-07-09,Comoros,Zambia,1254,-9,2 - 1
2023-07-11,Comoros,Malawi,1228,-26,2 - 0
2023-09-02,Comoros,Mauritius,1183,-35,2 - 0
2023-09-09,Comoros,Zambia,1195,12,1 - 1
2023-10-17,Comoros,Cabo Verde,1212,17,2 - 1
2023-11-17,Comoros,Central African Republic,1243,31,4 - 2
2023-11-21,Comoros,Ghana,1275,32,1 - 0
2024-03-22,Comoros,Uganda,1299,24,4 - 0
2024-03-25,Comoros,Angola,1305,6,0 - 0
2024-06-07,Comoros,Madagascar,1284,-21,2 - 1
2024-06-11,Comoros,Chad,1305,21,2 - 0
2024-06-27,Comoros,Zimbabwe,1284,-21,1 - 0
2024-06-30,Comoros,Kenya,1327,43,2 - 0
2024-07-02,Comoros,Zambia,1350,23,1 - 0
2024-07-05,Comoros,Angola,1339,-11,2 - 1
2024-07-07,Comoros,Mozambique,1344,5,2 - 2
2024-09-04,Comoros,Gambia,1344,0,1 - 1
2024-09-09,Comoros,Madagascar,1343,-1,1 - 1
2024-10-11,Comoros,Tunisia,1380,37,0 - 1
2024-10-15,Comoros,Tunisia,1393,13,1 - 1
2024-11-15,Comoros,Gambia,1411,18,2 - 1
2024-11-18,Comoros,Madagascar,1425,14,1 - 0
2025-03-25,Comoros,Chad,1415,8,1 - 0
2025-06-06,Comoros,Zambia,1433,20,1 - 0
2025-06-09,Comoros,Kosovo,1428,-5,4 - 2
2025-06-09,Comoros,Botswana,1423,-5,0 - 0
2025-06-13,Comoros,South Africa,1411,-12,3 - 1
2025-06-15,Comoros,Madagascar,1425,14,1 - 0
2025-09-04,Comoros,Mali,1406,-19,3 - 0
2025-09-07,Comoros,Central African Republic,1423,17,2 - 0
2025-10-08,Comoros,Madagascar,1398,-25,2 - 1
2025-10-12,Comoros,Ghana,1389,-9,1 - 0
2025-11-14,Comoros,Namibia,1394,6,1 - 0
2025-11-17,Comoros,Namibia,1404,10,4 - 0
2025-11-26,Comoros,Yemen,1391,-13,4 - 4
2025-12-02,Comoros,Morocco,1387,-4,3 - 1
2025-12-05,Comoros,Saudi Arabia,1373,-14,3 - 1
2025-12-08,Comoros,Oman,1359,-14,2 - 1
2025-12-21,Comoros,Morocco,1357,-2,2 - 0
2025-12-26,Comoros,Zambia,1358,1,0 - 0
2025-12-29,Comoros,Mali,1374,16,0 - 0
2026-03-28,Comoros,Namibia,1372,-3,0 - 0
2026-03-31,Comoros,Kazakhstan,1363,-9,1 - 0
2026-06-09,Comoros,Equatorial Guinea,1373,11,1 - 0
2021-06-09,Congo,Niger,1367,7,1 - 0
2021-09-02,Congo,Namibia,1367,0,1 - 1
2021-09-07,Congo,Senegal,1354,-13,1 - 3
2021-10-09,Congo,Togo,1354,0,1 - 1
2021-10-12,Congo,Togo,1324,-30,1 - 2
2021-11-11,Congo,Namibia,1322,-2,1 - 1
2021-11-14,Congo,Senegal,1318,-4,2 - 0
2022-03-25,Congo,Zambia,1307,-11,3 - 1
2022-03-29,Congo,Sierra Leone,1298,-9,2 - 1
2022-06-04,Congo,Mali,1291,-7,4 - 0
2022-06-08,Congo,Gambia,1314,23,1 - 0
2022-09-24,Congo,Madagascar,1313,-1,3 - 3
2022-09-27,Congo,Mauritania,1301,-12,2 - 0
2023-03-23,Congo,South Sudan,1267,-34,1 - 2
2023-03-27,Congo,South Sudan,1280,13,1 - 0
2023-06-18,Congo,Mali,1267,-13,0 - 2
2023-09-10,Congo,Gambia,1277,10,2 - 2
2023-11-17,Congo,Zambia,1270,-7,4 - 2
2024-03-25,Congo,Gabon,1274,4,1 - 1
2024-06-11,Congo,Morocco,1271,-3,6 - 0
2024-09-05,Congo,South Sudan,1279,8,1 - 0
2024-09-09,Congo,Uganda,1265,-14,2 - 0
2024-10-11,Congo,South Africa,1257,-8,5 - 0
2024-10-15,Congo,South Africa,1268,11,1 - 1
2024-11-14,Congo,South Sudan,1244,-24,3 - 2
2024-11-19,Congo,Uganda,1226,-18,0 - 1
2025-09-05,Congo,Tanzania,1229,4,1 - 1
2025-10-08,Congo,Niger,1210,-19,3 - 1
2025-10-14,Congo,Morocco,1206,-1,1 - 0
2022-03-17,Cook Islands,Solomon Islands,683,-4,2 - 0
2023-11-21,Cook Islands,Tonga,692,12,2 - 1
2023-11-24,Cook Islands,New Caledonia,687,-5,8 - 0
2024-03-23,Cook Islands,Samoa,669,-18,1 - 0
2024-03-26,Cook Islands,Tonga,685,16,0 - 1
2024-09-06,Cook Islands,Tonga,639,-46,3 - 1
2024-09-09,Cook Islands,American Samoa,623,-16,2 - 1
2021-06-03,Costa Rica,Mexico,1637,14,0 - 0
2021-06-06,Costa Rica,Honduras,1635,-2,2 - 2
2021-06-09,Costa Rica,USA,1628,-7,4 - 0
2021-07-12,Costa Rica,Guadeloupe,1635,7,3 - 1
2021-07-16,Costa Rica,Suriname,1642,7,2 - 1
2021-07-20,Costa Rica,Jamaica,1664,22,1 - 0
2021-07-25,Costa Rica,Canada,1631,-33,2 - 0
2021-09-02,Costa Rica,Panama,1629,1,0 - 0
2021-09-05,Costa Rica,Mexico,1618,-11,0 - 1
2021-09-08,Costa Rica,Jamaica,1608,-10,1 - 1
2021-10-07,Costa Rica,Honduras,1612,4,0 - 0
2021-10-10,Costa Rica,El Salvador,1623,11,2 - 1
2021-10-13,Costa Rica,USA,1617,-6,2 - 1
2021-11-12,Costa Rica,Canada,1609,-8,1 - 0
2021-11-16,Costa Rica,Honduras,1618,9,2 - 1
2022-01-27,Costa Rica,Panama,1633,15,1 - 0
2022-01-30,Costa Rica,Mexico,1648,15,0 - 0
2022-02-02,Costa Rica,Jamaica,1669,21,0 - 1
2022-03-24,Costa Rica,Canada,1693,24,1 - 0
2022-03-27,Costa Rica,El Salvador,1709,16,1 - 2
2022-03-30,Costa Rica,USA,1743,34,2 - 0
2022-06-02,Costa Rica,Panama,1711,-32,2 - 0
2022-06-05,Costa Rica,Martinique,1716,5,2 - 0
2022-06-14,Costa Rica,New Zealand,1727,11,1 - 0
2022-09-23,Costa Rica,South Korea,1731,4,2 - 2
2022-09-27,Costa Rica,Uzbekistan,1737,6,2 - 1
2022-11-09,Costa Rica,Nigeria,1744,7,2 - 0
2022-11-23,Costa Rica,Spain,1724,-20,7 - 0
2022-11-27,Costa Rica,Japan,1763,39,1 - 0
2022-12-01,Costa Rica,Germany,1738,-25,4 - 2
2023-03-25,Costa Rica,Martinique,1746,8,1 - 2
2023-03-28,Costa Rica,Panama,1715,-31,0 - 1
2023-06-15,Costa Rica,Guatemala,1699,-16,1 - 0
2023-06-20,Costa Rica,Ecuador,1690,-9,3 - 1
2023-06-26,Costa Rica,Panama,1661,-29,2 - 1
2023-06-30,Costa Rica,El Salvador,1647,-14,0 - 0
2023-07-04,Costa Rica,Martinique,1664,17,6 - 4
2023-07-08,Costa Rica,Mexico,1638,-26,2 - 0
2023-09-08,Costa Rica,Saudi Arabia,1650,12,3 - 1
2023-09-12,Costa Rica,United Arab Emirates,1624,-26,4 - 1
2023-11-16,Costa Rica,Panama,1588,-36,0 - 3
2023-11-20,Costa Rica,Panama,1577,-11,3 - 1
2024-02-02,Costa Rica,El Salvador,1582,5,2 - 0
2024-03-23,Costa Rica,Honduras,1606,24,3 - 1
2024-03-26,Costa Rica,Argentina,1605,-1,3 - 1
2024-05-31,Costa Rica,Uruguay,1612,7,0 - 0
2024-06-06,Costa Rica,St Kitts and Nevis,1614,2,4 - 0
2024-06-09,Costa Rica,Grenada,1620,6,0 - 3
2024-06-24,Costa Rica,Brazil,1641,21,0 - 0
2024-06-28,Costa Rica,Colombia,1632,-9,3 - 0
2024-07-02,Costa Rica,Paraguay,1661,29,2 - 1
2024-09-05,Costa Rica,Guadeloupe,1666,5,3 - 0
2024-09-09,Costa Rica,Guatemala,1662,-4,0 - 0
2024-10-11,Costa Rica,Suriname,1651,-11,1 - 1
2024-10-15,Costa Rica,Guatemala,1666,15,3 - 0
2024-11-14,Costa Rica,Panama,1643,-23,0 - 1
2024-11-18,Costa Rica,Panama,1653,10,2 - 2
2025-01-22,Costa Rica,USA,1645,-8,3 - 0
2025-03-21,Costa Rica,Belize,1651,6,0 - 7
2025-03-25,Costa Rica,Belize,1653,2,6 - 1
2025-06-07,Costa Rica,Bahamas,1654,1,8 - 0
2025-06-10,Costa Rica,Trinidad and Tobago,1659,5,2 - 1
2025-06-15,Costa Rica,Suriname,1669,10,4 - 3
2025-06-18,Costa Rica,Dominican Republic,1674,5,2 - 1
2025-06-22,Costa Rica,Mexico,1684,10,0 - 0
2025-06-29,Costa Rica,USA,1693,9,2 - 2
2025-09-05,Costa Rica,Nicaragua,1680,-13,1 - 1
2025-09-09,Costa Rica,Haiti,1666,-14,3 - 3
2025-10-09,Costa Rica,Honduras,1667,1,0 - 0
2025-10-13,Costa Rica,Nicaragua,1672,5,4 - 1
2025-11-13,Costa Rica,Haiti,1643,-29,1 - 0
2025-11-18,Costa Rica,Honduras,1633,-10,0 - 0
2026-03-27,Costa Rica,Jordan,1634,2,2 - 2
2026-03-31,Costa Rica,Iran,1613,-21,0 - 5
2026-06-01,Costa Rica,Colombia,1611,-2,3 - 1
2026-06-10,Costa Rica,England,1608,-3,3 - 0
2021-06-06,Croatia,Belgium,1825,-2,1 - 0
2021-06-13,Croatia,England,1816,-9,1 - 0
2021-06-18,Croatia,Czech Republic,1815,-1,1 - 1
2021-06-22,Croatia,Scotland,1847,32,1 - 3
2021-06-28,Croatia,Spain,1826,-21,5 - 3
2021-09-01,Croatia,Russia,1826,0,0 - 0
2021-09-04,Croatia,Slovakia,1843,17,0 - 1
2021-09-07,Croatia,Slovenia,1852,9,3 - 0
2021-10-08,Croatia,Cyprus,1857,5,0 - 3
2021-10-11,Croatia,Slovakia,1843,-14,2 - 2
2021-11-11,Croatia,Malta,1848,5,1 - 7
2021-11-14,Croatia,Russia,1859,11,1 - 0
2022-03-26,Croatia,Slovenia,1853,-6,1 - 1
2022-03-29,Croatia,Bulgaria,1855,2,2 - 1
2022-06-03,Croatia,Austria,1799,-56,0 - 3
2022-06-06,Croatia,France,1809,10,1 - 1
2022-06-10,Croatia,Denmark,1842,33,0 - 1
2022-06-13,Croatia,France,1877,35,0 - 1
2022-09-22,Croatia,Denmark,1896,19,2 - 1
2022-09-25,Croatia,Austria,1922,26,1 - 3
2022-11-16,Croatia,Saudi Arabia,1927,5,0 - 1
2022-11-23,Croatia,Morocco,1914,-13,0 - 0
2022-11-27,Croatia,Canada,1945,31,4 - 1
2022-12-01,Croatia,Belgium,1945,0,0 - 0
2022-12-05,Croatia,Japan,1936,-9,1 - 1
2022-12-09,Croatia,Brazil,1952,16,1 - 1
2022-12-13,Croatia,Argentina,1923,-29,3 - 0
2022-12-17,Croatia,Morocco,1951,28,2 - 1
2023-03-25,Croatia,Wales,1936,-15,1 - 1
2023-03-28,Croatia,Turkey,1957,21,0 - 2
2023-06-14,Croatia,Netherlands,2013,56,2 - 4
2023-06-18,Croatia,Spain,2011,-2,0 - 0
2023-09-08,Croatia,Latvia,2012,1,5 - 0
2023-09-11,Croatia,Armenia,2016,4,0 - 1
2023-10-12,Croatia,Turkey,1979,-37,0 - 1
2023-10-15,Croatia,Wales,1948,-31,2 - 1
2023-11-18,Croatia,Latvia,1951,3,0 - 2
2023-11-21,Croatia,Armenia,1952,1,1 - 0
2024-03-23,Croatia,Tunisia,1942,-10,0 - 0
2024-03-26,Croatia,Egypt,1953,11,2 - 4
2024-06-03,Croatia,North Macedonia,1955,2,3 - 0
2024-06-08,Croatia,Portugal,1969,14,1 - 2
2024-06-15,Croatia,Spain,1932,-37,3 - 0
2024-06-19,Croatia,Albania,1914,-18,2 - 2
2024-06-24,Croatia,Italy,1916,2,1 - 1
2024-09-05,Croatia,Portugal,1904,-12,2 - 1
2024-09-08,Croatia,Poland,1912,8,1 - 0
2024-10-12,Croatia,Scotland,1918,6,2 - 1
2024-10-15,Croatia,Poland,1913,-5,3 - 3
2024-11-15,Croatia,Scotland,1887,-26,1 - 0
2024-11-18,Croatia,Portugal,1887,0,1 - 1
2025-03-20,Croatia,France,1932,45,2 - 0
2025-03-23,Croatia,France,1912,-20,2 - 0
2025-06-06,Croatia,Gibraltar,1912,1,7 - 0
2025-06-09,Croatia,Czech Republic,1927,15,5 - 1
2025-09-05,Croatia,Faroe Islands,1929,2,0 - 1
2025-09-08,Croatia,Montenegro,1932,3,4 - 0
2025-10-09,Croatia,Czech Republic,1928,-4,0 - 0
2025-10-12,Croatia,Gibraltar,1928,0,3 - 0
2025-11-14,Croatia,Faroe Islands,1928,1,3 - 1
2025-11-17,Croatia,Montenegro,1932,4,2 - 3
2026-03-26,Croatia,Colombia,1945,12,2 - 1
2026-03-31,Croatia,Brazil,1931,-14,3 - 1
2026-06-02,Croatia,Belgium,1909,-22,0 - 2
2026-06-07,Croatia,Slovenia,1912,3,2 - 1
2021-06-02,Cuba,British Virgin Islands,1255,2,5 - 0
2021-06-08,Cuba,St Vincent,1270,15,1 - 0
2021-11-10,Cuba,Nicaragua,1291,21,0 - 3
2021-11-13,Cuba,Nicaragua,1277,-14,2 - 0
2022-03-24,Cuba,Guatemala,1274,-3,1 - 0
2022-03-27,Cuba,Belize,1289,15,0 - 3
2022-06-02,Cuba,Guadeloupe,1270,-19,2 - 1
2022-06-05,Cuba,Barbados,1279,9,3 - 0
2022-06-09,Cuba,Antigua and Barbuda,1302,23,2 - 0
2022-06-12,Cuba,Antigua and Barbuda,1315,13,3 - 1
2022-11-15,Cuba,Dominican Republic,1329,14,2 - 4
2022-11-18,Cuba,Dominican Republic,1327,-2,1 - 1
2023-03-23,Cuba,Barbados,1336,9,0 - 1
2023-03-26,Cuba,Guadeloupe,1344,8,1 - 0
2023-06-11,Cuba,Chile,1342,-2,3 - 0
2023-06-20,Cuba,Uruguay,1341,-1,2 - 0
2023-06-27,Cuba,Guatemala,1325,-16,1 - 0
2023-07-01,Cuba,Guadeloupe,1274,-51,4 - 1
2023-07-04,Cuba,Canada,1268,-6,4 - 2
2023-09-08,Cuba,Haiti,1280,12,0 - 0
2023-09-12,Cuba,Suriname,1295,15,1 - 0
2023-10-12,Cuba,Honduras,1305,10,0 - 0
2023-10-15,Cuba,Honduras,1292,-13,4 - 0
2023-11-20,Cuba,Russia,1290,-2,8 - 0
2024-03-26,Cuba,Nicaragua,1304,14,0 - 1
2024-06-06,Cuba,Honduras,1294,-10,3 - 1
2024-09-06,Cuba,Jamaica,1310,16,0 - 0
2024-09-10,Cuba,Nicaragua,1308,-2,1 - 1
2024-10-10,Cuba,Trinidad and Tobago,1307,-1,2 - 2
2024-10-14,Cuba,Trinidad and Tobago,1291,-16,3 - 1
2024-11-14,Cuba,St Kitts and Nevis,1266,-25,2 - 1
2024-11-18,Cuba,St Kitts and Nevis,1281,15,4 - 0
2025-03-21,Cuba,Trinidad and Tobago,1262,-19,1 - 2
2025-03-25,Cuba,Trinidad and Tobago,1248,-14,4 - 0
2025-06-06,Cuba,Antigua and Barbuda,1256,8,0 - 1
2025-06-10,Cuba,Bermuda,1225,-31,1 - 2
2025-10-05,Cuba,St Vincent,1203,-22,7 - 0
2025-10-08,Cuba,St Vincent,1195,-8,1 - 0
2025-10-11,Cuba,Grenada,1181,-14,2 - 0
2025-11-12,Cuba,St Lucia,1197,16,3 - 0
2025-11-15,Cuba,Martinique,1230,33,2 - 0
2026-03-26,Cuba,Martinique,1233,4,2 - 2
2026-03-29,Cuba,Dominican Republic,1239,6,1 - 1
2021-06-05,Curaçao,British Virgin Islands,1436,1,8 - 0
2021-06-08,Curaçao,Guatemala,1434,-2,0 - 0
2021-06-12,Curaçao,Panama,1425,-9,2 - 1
2021-06-15,Curaçao,Panama,1427,2,0 - 0
2021-10-01,Curaçao,Aruba,1429,2,7 - 1
2021-10-03,Curaçao,Bonaire,1430,1,1 - 0
2021-10-06,Curaçao,Bahrain,1418,-12,4 - 0
2021-10-09,Curaçao,New Zealand,1406,-12,2 - 1
2022-06-03,Curaçao,Honduras,1382,-24,0 - 1
2022-06-06,Curaçao,Honduras,1411,29,1 - 2
2022-06-09,Curaçao,Canada,1407,-4,4 - 0
2022-09-24,Curaçao,Indonesia,1395,-12,3 - 2
2022-09-27,Curaçao,Indonesia,1384,-11,2 - 1
2022-11-24,Curaçao,Aruba,1370,-14,2 - 2
2022-11-26,Curaçao,Suriname,1364,-6,2 - 2
2023-03-25,Curaçao,Canada,1352,-12,0 - 2
2023-03-28,Curaçao,Argentina,1352,0,7 - 0
2023-06-13,Curaçao,Puerto Rico,1346,-6,0 - 0
2023-06-16,Curaçao,St Kitts and Nevis,1338,-8,1 - 1
2023-09-07,Curaçao,Trinidad and Tobago,1325,-13,1 - 0
2023-09-10,Curaçao,Martinique,1315,-10,1 - 0
2023-10-13,Curaçao,Panama,1309,-6,1 - 2
2023-10-17,Curaçao,Trinidad and Tobago,1341,32,5 - 3
2023-11-16,Curaçao,El Salvador,1340,-1,1 - 1
2023-11-20,Curaçao,El Salvador,1339,-1,1 - 1
2024-06-05,Curaçao,Barbados,1343,4,4 - 1
2024-06-08,Curaçao,Aruba,1355,12,0 - 2
2024-09-06,Curaçao,St Lucia,1322,-33,2 - 1
2024-09-09,Curaçao,St Martin,1329,7,4 - 0
2024-10-11,Curaçao,Grenada,1316,-13,0 - 0
2024-10-14,Curaçao,Grenada,1324,8,1 - 0
2024-11-15,Curaçao,St Martin,1330,6,5 - 0
2024-11-18,Curaçao,St Lucia,1337,7,4 - 1
2025-03-19,Curaçao,Kazakhstan,1325,-12,2 - 0
2025-06-06,Curaçao,St Lucia,1331,7,4 - 0
2025-06-10,Curaçao,Haiti,1390,59,5 - 1
2025-06-17,Curaçao,El Salvador,1390,0,0 - 0
2025-06-21,Curaçao,Canada,1411,21,1 - 1
2025-06-24,Curaçao,Honduras,1397,-14,2 - 1
2025-09-05,Curaçao,Trinidad and Tobago,1403,6,0 - 0
2025-09-09,Curaçao,Bermuda,1408,5,3 - 2
2025-10-10,Curaçao,Jamaica,1443,35,2 - 0
2025-10-14,Curaçao,Trinidad and Tobago,1436,-7,1 - 1
2025-11-13,Curaçao,Bermuda,1457,21,0 - 7
2025-11-18,Curaçao,Jamaica,1467,10,0 - 0
2026-03-27,Curaçao,China,1440,-26,2 - 0
2026-03-31,Curaçao,Australia,1436,-4,5 - 1
2026-05-30,Curaçao,Scotland,1433,-3,4 - 1
2026-06-06,Curaçao,Aruba,1434,1,4 - 0
2021-06-04,Cyprus,Hungary,1367,-1,1 - 0
2021-06-07,Cyprus,Ukraine,1365,-2,4 - 0
2021-09-01,Cyprus,Malta,1325,-40,3 - 0
2021-09-04,Cyprus,Russia,1316,-9,0 - 2
2021-09-07,Cyprus,Slovakia,1312,-4,2 - 0
2021-10-08,Cyprus,Croatia,1307,-5,0 - 3
2021-10-11,Cyprus,Malta,1298,-9,2 - 2
2021-11-11,Cyprus,Russia,1295,-3,6 - 0
2021-11-14,Cyprus,Slovenia,1292,-3,2 - 1
2022-03-24,Cyprus,Estonia,1304,12,0 - 0
2022-03-29,Cyprus,Estonia,1335,31,2 - 0
2022-06-02,Cyprus,Kosovo,1311,-24,0 - 2
2022-06-05,Cyprus,Northern Ireland,1320,9,0 - 0
2022-06-09,Cyprus,Greece,1316,-4,3 - 0
2022-06-12,Cyprus,Northern Ireland,1331,15,2 - 2
2022-09-24,Cyprus,Greece,1365,34,1 - 0
2022-09-27,Cyprus,Kosovo,1350,-15,5 - 1
2022-11-16,Cyprus,Bulgaria,1338,-12,0 - 2
2022-11-20,Cyprus,Israel,1356,18,2 - 3
2023-03-25,Cyprus,Scotland,1352,-4,3 - 0
2023-03-28,Cyprus,Armenia,1357,5,2 - 2
2023-06-17,Cyprus,Georgia,1347,-10,1 - 2
2023-06-20,Cyprus,Norway,1343,-4,3 - 1
2023-09-08,Cyprus,Scotland,1336,-7,0 - 3
2023-09-12,Cyprus,Spain,1335,-1,6 - 0
2023-10-12,Cyprus,Norway,1324,-11,0 - 4
2023-10-15,Cyprus,Georgia,1317,-7,4 - 0
2023-11-16,Cyprus,Spain,1315,-2,1 - 3
2023-11-19,Cyprus,Lithuania,1323,8,1 - 0
2024-03-21,Cyprus,Latvia,1321,-2,1 - 1
2024-03-25,Cyprus,Serbia,1319,-2,0 - 1
2024-06-08,Cyprus,Moldova,1313,-6,3 - 2
2024-06-11,Cyprus,San Marino,1316,3,1 - 4
2024-09-06,Cyprus,Lithuania,1344,28,0 - 1
2024-09-09,Cyprus,Kosovo,1310,-34,0 - 4
2024-10-12,Cyprus,Romania,1300,-10,0 - 3
2024-10-15,Cyprus,Kosovo,1291,-9,3 - 0
2024-11-15,Cyprus,Lithuania,1306,15,2 - 1
2024-11-18,Cyprus,Romania,1302,-4,4 - 1
2025-03-21,Cyprus,San Marino,1304,2,2 - 0
2025-03-24,Cyprus,Bosnia and Herzegovina,1298,-6,2 - 1
2025-06-06,Cyprus,Bulgaria,1303,6,2 - 2
2025-06-10,Cyprus,Romania,1299,-4,2 - 0
2025-09-06,Cyprus,Austria,1298,-1,1 - 0
2025-09-09,Cyprus,Romania,1311,13,2 - 2
2025-10-09,Cyprus,Bosnia and Herzegovina,1317,6,2 - 2
2025-10-12,Cyprus,San Marino,1325,8,0 - 4
2025-11-15,Cyprus,Austria,1320,-5,0 - 2
2025-11-18,Cyprus,Estonia,1302,-18,2 - 4
2026-03-26,Cyprus,Belarus,1295,-7,0 - 1
2026-03-30,Cyprus,Moldova,1301,6,3 - 2
2026-06-04,Cyprus,Slovenia,1310,9,1 - 1
2026-06-07,Cyprus,Liechtenstein,1314,4,0 - 2
2021-06-04,Czech Republic,Italy,1764,-5,4 - 0
2021-06-08,Czech Republic,Albania,1768,4,3 - 1
2021-06-14,Czech Republic,Scotland,1807,39,0 - 2
2021-06-18,Czech Republic,Croatia,1808,1,1 - 1
2021-06-22,Czech Republic,England,1799,-9,1 - 0
2021-06-27,Czech Republic,Netherlands,1854,55,2 - 0
2021-07-03,Czech Republic,Denmark,1837,-17,2 - 1
2021-09-02,Czech Republic,Belarus,1840,3,1 - 0
2021-09-05,Czech Republic,Belgium,1833,-7,3 - 0
2021-09-08,Czech Republic,Ukraine,1829,-4,1 - 1
2021-10-08,Czech Republic,Wales,1822,-7,2 - 2
2021-10-11,Czech Republic,Belarus,1829,7,2 - 0
2021-11-11,Czech Republic,Kuwait,1831,2,7 - 0
2021-11-16,Czech Republic,Estonia,1834,3,2 - 0
2022-03-24,Czech Republic,Sweden,1819,-15,1 - 0
2022-03-29,Czech Republic,Wales,1822,3,1 - 1
2022-06-02,Czech Republic,Switzerland,1842,20,2 - 1
2022-06-05,Czech Republic,Spain,1847,5,2 - 2
2022-06-09,Czech Republic,Portugal,1836,-11,2 - 0
2022-06-12,Czech Republic,Spain,1827,-9,2 - 0
2022-09-24,Czech Republic,Portugal,1797,-30,0 - 4
2022-09-27,Czech Republic,Switzerland,1788,-9,2 - 1
2022-11-16,Czech Republic,Faroe Islands,1789,1,5 - 0
2022-11-19,Czech Republic,Turkey,1779,-10,2 - 1
2023-03-24,Czech Republic,Poland,1802,23,3 - 1
2023-03-27,Czech Republic,Moldova,1785,-17,0 - 0
2023-06-17,Czech Republic,Faroe Islands,1792,7,0 - 3
2023-06-20,Czech Republic,Montenegro,1803,11,1 - 4
2023-09-07,Czech Republic,Albania,1788,-15,1 - 1
2023-09-10,Czech Republic,Hungary,1792,4,1 - 1
2023-10-12,Czech Republic,Albania,1749,-43,3 - 0
2023-10-15,Czech Republic,Faroe Islands,1750,1,1 - 0
2023-11-17,Czech Republic,Poland,1754,4,1 - 1
2023-11-20,Czech Republic,Moldova,1757,3,3 - 0
2024-03-22,Czech Republic,Norway,1770,13,1 - 2
2024-03-26,Czech Republic,Armenia,1772,2,2 - 1
2024-06-07,Czech Republic,Malta,1774,2,7 - 1
2024-06-10,Czech Republic,North Macedonia,1777,3,2 - 1
2024-06-18,Czech Republic,Portugal,1766,-11,2 - 1
2024-06-22,Czech Republic,Georgia,1757,-9,1 - 1
2024-06-26,Czech Republic,Turkey,1732,-25,2 - 1
2024-09-07,Czech Republic,Georgia,1704,-28,4 - 1
2024-09-10,Czech Republic,Ukraine,1723,19,3 - 2
2024-10-11,Czech Republic,Albania,1738,15,2 - 0
2024-10-14,Czech Republic,Ukraine,1741,3,1 - 1
2024-11-16,Czech Republic,Albania,1742,1,0 - 0
2024-11-19,Czech Republic,Georgia,1754,12,2 - 1
2025-03-22,Czech Republic,Faroe Islands,1755,1,2 - 1
2025-03-25,Czech Republic,Gibraltar,1756,1,4 - 0
2025-06-06,Czech Republic,Montenegro,1764,8,2 - 0
2025-06-09,Czech Republic,Croatia,1749,-15,5 - 1
2025-09-05,Czech Republic,Montenegro,1768,19,0 - 2
2025-09-08,Czech Republic,Saudi Arabia,1761,-7,1 - 1
2025-10-09,Czech Republic,Croatia,1765,4,0 - 0
2025-10-12,Czech Republic,Faroe Islands,1730,-35,2 - 1
2025-11-13,Czech Republic,San Marino,1730,0,1 - 0
2025-11-17,Czech Republic,Gibraltar,1731,1,6 - 0
2026-03-26,Czech Republic,Republic of Ireland,1723,-8,2 - 2
2026-03-31,Czech Republic,Denmark,1726,3,2 - 2
2026-05-31,Czech Republic,Kosovo,1733,7,2 - 1
2026-06-04,Czech Republic,Guatemala,1740,7,3 - 1
2021-06-05,Côte d'Ivoire,Burkina Faso,1643,5,2 - 1
2021-06-12,Côte d'Ivoire,Ghana,1645,2,0 - 0
2021-09-03,Côte d'Ivoire,Mozambique,1634,-11,0 - 0
2021-09-06,Côte d'Ivoire,Cameroon,1645,11,2 - 1
2021-10-08,Côte d'Ivoire,Malawi,1654,9,3 - 0
2021-10-11,Côte d'Ivoire,Malawi,1659,5,2 - 1
2021-11-13,Côte d'Ivoire,Mozambique,1667,8,3 - 0
2021-11-16,Côte d'Ivoire,Cameroon,1648,-19,1 - 0
2022-01-12,Côte d'Ivoire,Equatorial Guinea,1659,11,1 - 0
2022-01-16,Côte d'Ivoire,Sierra Leone,1642,-17,2 - 2
2022-01-20,Côte d'Ivoire,Algeria,1690,48,3 - 1
2022-01-26,Côte d'Ivoire,Egypt,1687,-3,0 - 0
2022-03-25,Côte d'Ivoire,France,1686,-1,2 - 1
2022-03-29,Côte d'Ivoire,England,1684,-2,3 - 0
2022-06-03,Côte d'Ivoire,Zambia,1691,7,3 - 1
2022-06-09,Côte d'Ivoire,Lesotho,1673,-18,0 - 0
2022-09-24,Côte d'Ivoire,Togo,1675,2,2 - 1
2022-09-27,Côte d'Ivoire,Guinea,1680,5,3 - 1
2022-11-16,Côte d'Ivoire,Burundi,1683,3,4 - 0
2022-11-19,Côte d'Ivoire,Burkina Faso,1670,-13,2 - 1
2023-03-24,Côte d'Ivoire,Comoros,1673,3,3 - 1
2023-03-28,Côte d'Ivoire,Comoros,1681,8,0 - 2
2023-06-17,Côte d'Ivoire,Zambia,1634,-47,3 - 0
2023-09-09,Côte d'Ivoire,Lesotho,1636,2,1 - 0
2023-09-12,Côte d'Ivoire,Mali,1633,-3,0 - 0
2023-10-14,Côte d'Ivoire,Morocco,1636,3,1 - 1
2023-10-17,Côte d'Ivoire,South Africa,1630,-6,1 - 1
2023-11-17,Côte d'Ivoire,Seychelles,1631,1,9 - 0
2023-11-20,Côte d'Ivoire,Gambia,1644,13,2 - 0
2024-01-06,Côte d'Ivoire,Sierra Leone,1647,3,5 - 1
2024-01-13,Côte d'Ivoire,Guinea-Bissau,1656,9,2 - 0
2024-01-18,Côte d'Ivoire,Nigeria,1618,-38,0 - 1
2024-01-22,Côte d'Ivoire,Equatorial Guinea,1549,-69,0 - 4
2024-01-29,Côte d'Ivoire,Senegal,1558,9,1 - 1
2024-02-03,Côte d'Ivoire,Mali,1582,24,2 - 1
2024-02-07,Côte d'Ivoire,DR Congo,1598,16,1 - 0
2024-02-11,Côte d'Ivoire,Nigeria,1620,22,2 - 1
2024-03-23,Côte d'Ivoire,Benin,1613,-7,2 - 2
2024-03-26,Côte d'Ivoire,Uruguay,1631,18,2 - 1
2024-06-07,Côte d'Ivoire,Gabon,1637,6,1 - 0
2024-06-11,Côte d'Ivoire,Kenya,1625,-12,0 - 0
2024-09-06,Côte d'Ivoire,Zambia,1631,6,2 - 0
2024-09-10,Côte d'Ivoire,Chad,1635,4,2 - 0
2024-10-11,Côte d'Ivoire,Sierra Leone,1640,5,4 - 1
2024-10-15,Côte d'Ivoire,Sierra Leone,1605,-35,1 - 0
2024-11-15,Côte d'Ivoire,Zambia,1577,-28,1 - 0
2024-11-19,Côte d'Ivoire,Chad,1581,4,4 - 0
2025-03-21,Côte d'Ivoire,Burundi,1587,6,1 - 0
2025-03-24,Côte d'Ivoire,Gambia,1593,6,1 - 0
2025-06-07,Côte d'Ivoire,New Zealand,1576,-15,1 - 0
2025-06-10,Côte d'Ivoire,Canada,1587,11,0 - 0
2025-09-05,Côte d'Ivoire,Burundi,1591,4,1 - 0
2025-09-09,Côte d'Ivoire,Gabon,1589,-2,0 - 0
2025-10-10,Côte d'Ivoire,Seychelles,1590,1,7 - 0
2025-10-14,Côte d'Ivoire,Kenya,1599,9,3 - 0
2025-11-14,Côte d'Ivoire,Saudi Arabia,1591,-8,1 - 0
2025-11-18,Côte d'Ivoire,Oman,1607,16,0 - 2
2025-12-24,Côte d'Ivoire,Mozambique,1618,11,1 - 0
2025-12-28,Côte d'Ivoire,Cameroon,1615,-3,1 - 1
2025-12-31,Côte d'Ivoire,Gabon,1627,12,3 - 2
2026-01-06,Côte d'Ivoire,Burkina Faso,1664,37,3 - 0
2026-01-10,Côte d'Ivoire,Egypt,1637,-27,3 - 2
2026-03-28,Côte d'Ivoire,South Korea,1663,26,4 - 0
2026-03-31,Côte d'Ivoire,Scotland,1676,13,1 - 0
2026-06-04,Côte d'Ivoire,France,1695,19,1 - 2
2021-06-05,DR Congo,Tunisia,1478,-4,1 - 0
2021-06-11,DR Congo,Mali,1480,2,1 - 1
2021-09-02,DR Congo,Tanzania,1467,-13,1 - 1
2021-09-06,DR Congo,Benin,1473,6,1 - 1
2021-10-07,DR Congo,Madagascar,1485,12,2 - 0
2021-10-10,DR Congo,Madagascar,1461,-24,1 - 0
2021-11-11,DR Congo,Tanzania,1495,34,0 - 3
2021-11-14,DR Congo,Benin,1514,19,2 - 0
2022-02-01,DR Congo,Bahrain,1507,-7,1 - 0
2022-03-25,DR Congo,Morocco,1514,7,1 - 1
2022-03-29,DR Congo,Morocco,1504,-10,4 - 1
2022-06-04,DR Congo,Gabon,1476,-28,0 - 1
2022-06-08,DR Congo,Sudan,1451,-25,2 - 1
2022-09-23,DR Congo,Burkina Faso,1445,-6,1 - 0
2022-09-27,DR Congo,Sierra Leone,1458,13,3 - 0
2023-03-24,DR Congo,Mauritania,1475,17,3 - 1
2023-03-28,DR Congo,Mauritania,1475,0,1 - 1
2023-06-14,DR Congo,Uganda,1483,8,1 - 0
2023-06-18,DR Congo,Gabon,1520,37,0 - 2
2023-09-09,DR Congo,Sudan,1528,8,2 - 0
2023-09-12,DR Congo,South Africa,1521,-7,1 - 0
2023-10-13,DR Congo,New Zealand,1521,0,1 - 1
2023-10-17,DR Congo,Angola,1517,-4,0 - 0
2023-11-15,DR Congo,Mauritania,1532,15,2 - 0
2023-11-19,DR Congo,Sudan,1500,-32,1 - 0
2024-01-06,DR Congo,Angola,1497,-3,0 - 0
2024-01-10,DR Congo,Burkina Faso,1489,-8,2 - 1
2024-01-17,DR Congo,Zambia,1489,0,1 - 1
2024-01-21,DR Congo,Morocco,1509,20,1 - 1
2024-01-24,DR Congo,Tanzania,1499,-10,0 - 0
2024-01-28,DR Congo,Egypt,1509,10,1 - 1
2024-02-02,DR Congo,Guinea,1546,37,3 - 1
2024-02-07,DR Congo,Côte d'Ivoire,1530,-16,1 - 0
2024-02-10,DR Congo,South Africa,1534,4,0 - 0
2024-06-06,DR Congo,Senegal,1549,15,1 - 1
2024-06-09,DR Congo,Togo,1556,7,1 - 0
2024-09-06,DR Congo,Guinea,1567,11,1 - 0
2024-09-09,DR Congo,Ethiopia,1578,11,2 - 0
2024-10-10,DR Congo,Tanzania,1585,7,1 - 0
2024-10-15,DR Congo,Tanzania,1607,22,0 - 2
2024-11-16,DR Congo,Guinea,1580,-27,1 - 0
2024-11-19,DR Congo,Ethiopia,1543,-37,1 - 2
2025-03-21,DR Congo,South Sudan,1545,2,1 - 0
2025-03-25,DR Congo,Mauritania,1569,24,0 - 2
2025-06-05,DR Congo,Mali,1578,11,1 - 0
2025-06-08,DR Congo,Madagascar,1584,6,3 - 1
2025-09-05,DR Congo,South Sudan,1592,8,1 - 4
2025-09-09,DR Congo,Senegal,1577,-15,2 - 3
2025-10-10,DR Congo,Togo,1591,14,0 - 1
2025-10-14,DR Congo,Sudan,1596,5,1 - 0
2025-11-13,DR Congo,Cameroon,1615,19,1 - 0
2025-11-16,DR Congo,Nigeria,1616,1,1 - 1
2025-12-16,DR Congo,Zambia,1622,6,2 - 0
2025-12-23,DR Congo,Benin,1635,13,1 - 0
2025-12-27,DR Congo,Senegal,1647,12,1 - 1
2025-12-30,DR Congo,Botswana,1657,10,3 - 0
2026-01-06,DR Congo,Algeria,1639,-18,1 - 0
2026-03-25,DR Congo,Bermuda,1640,1,2 - 0
2026-03-31,DR Congo,Jamaica,1655,15,1 - 0
2026-06-03,DR Congo,Denmark,1661,6,0 - 0
2026-06-09,DR Congo,Chile,1652,-9,2 - 1
2021-06-02,Denmark,Germany,1971,-1,1 - 1
2021-06-06,Denmark,Bosnia and Herzegovina,1973,2,2 - 0
2021-06-12,Denmark,Finland,1928,-45,0 - 1
2021-06-17,Denmark,Belgium,1909,-19,1 - 2
2021-06-21,Denmark,Russia,1925,16,4 - 1
2021-06-26,Denmark,Wales,1963,38,4 - 0
2021-07-03,Denmark,Czech Republic,1980,17,2 - 1
2021-07-07,Denmark,England,1965,-15,2 - 1
2021-09-01,Denmark,Scotland,1970,5,2 - 0
2021-09-04,Denmark,Faroe Islands,1971,1,0 - 1
2021-09-07,Denmark,Israel,1978,7,5 - 0
2021-10-09,Denmark,Moldova,1979,1,0 - 4
2021-10-12,Denmark,Austria,1983,4,1 - 0
2021-11-12,Denmark,Faroe Islands,1983,0,3 - 1
2021-11-15,Denmark,Scotland,1937,-46,2 - 0
2022-03-26,Denmark,Netherlands,1926,-11,4 - 2
2022-03-29,Denmark,Serbia,1936,10,3 - 0
2022-06-03,Denmark,France,1969,33,1 - 2
2022-06-06,Denmark,Austria,1984,15,1 - 2
2022-06-10,Denmark,Croatia,1951,-33,0 - 1
2022-06-13,Denmark,Austria,1961,10,2 - 0
2022-09-22,Denmark,Croatia,1942,-19,2 - 1
2022-09-25,Denmark,France,1971,29,2 - 0
2022-11-22,Denmark,Tunisia,1952,-19,0 - 0
2022-11-26,Denmark,France,1928,-24,2 - 1
2022-11-30,Denmark,Australia,1883,-45,1 - 0
2023-03-23,Denmark,Finland,1891,8,3 - 1
2023-03-26,Denmark,Kazakhstan,1854,-37,3 - 2
2023-06-16,Denmark,Northern Ireland,1857,3,1 - 0
2023-06-19,Denmark,Slovenia,1851,-6,1 - 1
2023-09-07,Denmark,San Marino,1851,0,4 - 0
2023-09-10,Denmark,Finland,1868,17,0 - 1
2023-10-14,Denmark,Kazakhstan,1871,3,3 - 1
2023-10-17,Denmark,San Marino,1871,0,1 - 2
2023-11-17,Denmark,Slovenia,1878,7,2 - 1
2023-11-20,Denmark,Northern Ireland,1825,-53,2 - 0
2024-03-23,Denmark,Switzerland,1821,-4,0 - 0
2024-03-26,Denmark,Faroe Islands,1822,1,2 - 0
2024-06-05,Denmark,Sweden,1826,4,2 - 1
2024-06-08,Denmark,Norway,1834,8,3 - 1
2024-06-16,Denmark,Slovenia,1827,-7,1 - 1
2024-06-20,Denmark,England,1838,11,1 - 1
2024-06-25,Denmark,Serbia,1834,-4,0 - 0
2024-06-29,Denmark,Germany,1816,-18,2 - 0
2024-09-05,Denmark,Switzerland,1845,29,2 - 0
2024-09-08,Denmark,Serbia,1863,18,2 - 0
2024-10-12,Denmark,Spain,1859,-4,1 - 0
2024-10-15,Denmark,Switzerland,1863,4,2 - 2
2024-11-15,Denmark,Spain,1854,-9,1 - 2
2024-11-18,Denmark,Serbia,1857,3,0 - 0
2025-03-20,Denmark,Portugal,1885,28,1 - 0
2025-03-23,Denmark,Portugal,1862,-23,5 - 2
2025-06-07,Denmark,Northern Ireland,1864,2,2 - 1
2025-06-10,Denmark,Lithuania,1865,1,5 - 0
2025-09-05,Denmark,Scotland,1853,-12,0 - 0
2025-09-08,Denmark,Greece,1897,44,0 - 3
2025-10-09,Denmark,Belarus,1904,7,6 - 0
2025-10-12,Denmark,Greece,1917,13,3 - 1
2025-11-15,Denmark,Belarus,1898,-18,2 - 2
2025-11-18,Denmark,Scotland,1864,-34,4 - 2
2026-03-26,Denmark,North Macedonia,1873,8,4 - 0
2026-03-31,Denmark,Czech Republic,1870,-3,2 - 2
2026-06-03,Denmark,DR Congo,1864,-6,0 - 0
2026-06-07,Denmark,Ukraine,1869,5,2 - 1
2021-06-15,Djibouti,Somalia,908,8,1 - 0
2021-06-23,Djibouti,Lebanon,905,-3,1 - 0
2021-09-06,Djibouti,Niger,897,-8,4 - 2
2021-10-08,Djibouti,Burkina Faso,895,-2,4 - 0
2021-10-11,Djibouti,Burkina Faso,894,-1,2 - 0
2021-11-15,Djibouti,Niger,888,-6,7 - 2
2022-03-23,Djibouti,South Sudan,873,-15,4 - 2
2022-03-27,Djibouti,South Sudan,864,-9,1 - 0
2023-06-14,Djibouti,Mauritius,898,34,1 - 3
2023-06-17,Djibouti,Pakistan,917,19,3 - 1
2023-11-16,Djibouti,Egypt,916,-1,6 - 0
2023-11-20,Djibouti,Guinea-Bissau,914,-2,1 - 0
2024-01-09,Djibouti,Equatorial Guinea,924,10,1 - 1
2024-03-20,Djibouti,Liberia,916,-8,2 - 0
2024-03-26,Djibouti,Liberia,933,17,0 - 0
2024-06-05,Djibouti,Sierra Leone,929,-4,2 - 1
2024-06-09,Djibouti,Ethiopia,945,16,1 - 1
2025-03-21,Djibouti,Burkina Faso,942,-3,4 - 1
2025-03-24,Djibouti,Ethiopia,932,-10,6 - 1
2025-09-05,Djibouti,Burkina Faso,927,-3,6 - 0
2025-09-08,Djibouti,Guinea-Bissau,922,-5,2 - 0
2025-10-08,Djibouti,Egypt,921,-1,3 - 0
2025-10-12,Djibouti,Sierra Leone,918,-3,2 - 1
2025-11-26,Djibouti,Bahrain,915,-2,1 - 0
2026-03-26,Djibouti,South Sudan,905,-10,4 - 0
2026-03-29,Djibouti,South Sudan,940,35,0 - 1
2021-06-02,Dominica,Anguilla,1019,5,3 - 0
2021-06-08,Dominica,Barbados,1024,5,1 - 1
2022-05-12,Dominica,St Vincent,1034,10,2 - 1
2022-05-15,Dominica,St Vincent,1049,15,3 - 1
2022-06-02,Dominica,Anguilla,1033,-16,0 - 0
2022-06-05,Dominica,Anguilla,1016,-17,1 - 1
2022-06-09,Dominica,St Lucia,991,-25,0 - 1
2023-03-27,Dominica,St Lucia,975,-16,3 - 1
2023-09-12,Dominica,Turks and Caicos Islands,998,23,0 - 3
2023-10-12,Dominica,British Virgin Islands,983,-15,1 - 1
2023-11-16,Dominica,British Virgin Islands,992,9,1 - 2
2023-11-20,Dominica,Turks and Caicos Islands,1002,10,2 - 0
2024-05-02,Dominica,St Vincent,1024,22,1 - 3
2024-05-05,Dominica,St Vincent,1014,-10,2 - 0
2024-06-05,Dominica,Guatemala,1011,-3,6 - 0
2024-06-09,Dominica,Jamaica,1009,-2,2 - 3
2024-09-07,Dominica,Antigua and Barbuda,1033,24,1 - 2
2024-09-10,Dominica,Dominica,1018,-15,2 - 0
2024-10-12,Dominica,Bermuda,1000,-18,6 - 1
2024-10-15,Dominica,Bermuda,992,-8,3 - 2
2024-11-16,Dominica,Dominica,984,-8,6 - 1
2024-11-19,Dominica,Antigua and Barbuda,980,-4,0 - 0
2025-05-08,Dominica,Barbados,976,-4,0 - 0
2025-05-11,Dominica,Barbados,973,-3,0 - 0
2025-06-04,Dominica,British Virgin Islands,977,5,3 - 0
2025-06-10,Dominica,Dominica,970,-7,5 - 0
2025-11-12,Dominica,St Martin,956,-14,2 - 1
2025-11-15,Dominica,Sint Maarten,940,-16,3 - 2
2026-03-27,Dominica,Guyana,932,-6,2 - 0
2026-03-30,Dominica,Sint Maarten,934,2,0 - 0
2021-06-04,Dominican Republic,Barbados,1175,-9,1 - 1
2021-06-08,Dominican Republic,Panama,1171,-4,3 - 0
2022-06-02,Dominican Republic,Belize,1204,33,0 - 2
2022-06-05,Dominican Republic,French Guiana,1185,-19,2 - 3
2022-06-10,Dominican Republic,Guatemala,1194,9,1 - 1
2022-06-13,Dominican Republic,Guatemala,1187,-7,2 - 0
2022-11-15,Dominican Republic,Cuba,1173,-14,2 - 4
2022-11-18,Dominican Republic,Cuba,1175,2,1 - 1
2023-03-23,Dominican Republic,French Guiana,1188,13,1 - 1
2023-03-27,Dominican Republic,Belize,1201,13,2 - 0
2023-06-16,Dominican Republic,Chile,1200,-1,5 - 0
2023-09-08,Dominican Republic,Nicaragua,1168,-32,0 - 2
2023-09-11,Dominican Republic,Montserrat,1180,12,3 - 0
2023-10-13,Dominican Republic,Barbados,1212,32,0 - 5
2023-10-16,Dominican Republic,Barbados,1221,9,5 - 2
2023-11-17,Dominican Republic,Montserrat,1193,-28,2 - 1
2023-11-21,Dominican Republic,Nicaragua,1205,12,0 - 0
2024-03-23,Dominican Republic,Aruba,1209,4,2 - 0
2024-03-26,Dominican Republic,Peru,1208,-1,4 - 1
2024-06-06,Dominican Republic,Jamaica,1206,-2,1 - 0
2024-06-11,Dominican Republic,British Virgin Islands,1208,2,4 - 0
2024-09-07,Dominican Republic,Bermuda,1223,15,3 - 2
2024-09-10,Dominican Republic,Dominica,1238,15,2 - 0
2024-10-12,Dominican Republic,Antigua and Barbuda,1251,13,5 - 0
2024-10-15,Dominican Republic,Antigua and Barbuda,1262,11,5 - 0
2024-11-16,Dominican Republic,Dominica,1270,8,6 - 1
2024-11-19,Dominican Republic,Bermuda,1289,19,6 - 1
2025-03-21,Dominican Republic,Puerto Rico,1287,-2,2 - 2
2025-03-25,Dominican Republic,Puerto Rico,1292,5,2 - 0
2025-06-06,Dominican Republic,Guatemala,1282,-9,4 - 2
2025-06-10,Dominican Republic,Dominica,1289,7,5 - 0
2025-06-14,Dominican Republic,Mexico,1287,-2,3 - 2
2025-06-18,Dominican Republic,Costa Rica,1282,-5,2 - 1
2025-06-22,Dominican Republic,Suriname,1290,8,0 - 0
2025-09-09,Dominican Republic,Jordan,1287,-3,3 - 0
2025-10-10,Dominican Republic,Uruguay,1286,-1,1 - 0
2025-11-12,Dominican Republic,St Vincent,1295,10,2 - 0
2025-11-18,Dominican Republic,Martinique,1293,-2,0 - 0
2026-03-26,Dominican Republic,El Salvador,1290,-3,2 - 2
2026-03-29,Dominican Republic,Cuba,1284,-6,1 - 1
2026-06-03,Dominican Republic,Panama,1283,-1,4 - 2
2021-06-04,Ecuador,Brazil,1823,-5,2 - 0
2021-06-08,Ecuador,Peru,1794,-29,1 - 2
2021-06-13,Ecuador,Colombia,1778,-16,1 - 0
2021-06-20,Ecuador,Venezuela,1778,0,2 - 2
2021-06-23,Ecuador,Peru,1781,3,2 - 2
2021-06-27,Ecuador,Brazil,1803,22,1 - 1
2021-07-03,Ecuador,Argentina,1783,-20,3 - 0
2021-09-02,Ecuador,Paraguay,1807,24,2 - 0
2021-09-05,Ecuador,Chile,1800,-7,0 - 0
2021-09-09,Ecuador,Uruguay,1792,-8,1 - 0
2021-10-07,Ecuador,Bolivia,1802,10,3 - 0
2021-10-10,Ecuador,Venezuela,1782,-20,2 - 1
2021-10-14,Ecuador,Colombia,1795,13,0 - 0
2021-10-27,Ecuador,Mexico,1808,13,3 - 2
2021-11-11,Ecuador,Venezuela,1818,10,1 - 0
2021-11-16,Ecuador,Chile,1857,39,0 - 2
2021-12-04,Ecuador,El Salvador,1849,-8,1 - 1
2022-01-27,Ecuador,Brazil,1859,10,1 - 1
2022-02-01,Ecuador,Peru,1865,6,1 - 1
2022-03-24,Ecuador,Paraguay,1830,-35,3 - 1
2022-03-29,Ecuador,Argentina,1840,10,1 - 1
2022-06-02,Ecuador,Nigeria,1845,5,1 - 0
2022-06-05,Ecuador,Mexico,1845,0,0 - 0
2022-06-11,Ecuador,Cabo Verde,1847,2,1 - 0
2022-09-23,Ecuador,Saudi Arabia,1841,-6,0 - 0
2022-09-27,Ecuador,Japan,1840,-1,0 - 0
2022-11-12,Ecuador,Iraq,1833,-7,0 - 0
2022-11-20,Ecuador,Qatar,1871,38,0 - 2
2022-11-25,Ecuador,Netherlands,1885,14,1 - 1
2022-11-29,Ecuador,Senegal,1842,-43,2 - 1
2023-03-24,Ecuador,Australia,1828,-14,3 - 1
2023-03-28,Ecuador,Australia,1840,12,1 - 2
2023-06-17,Ecuador,Bolivia,1844,4,1 - 0
2023-06-20,Ecuador,Costa Rica,1853,9,3 - 1
2023-09-07,Ecuador,Argentina,1849,-4,1 - 0
2023-09-12,Ecuador,Uruguay,1868,19,2 - 1
2023-10-12,Ecuador,Bolivia,1879,11,1 - 2
2023-10-17,Ecuador,Colombia,1877,-2,0 - 0
2023-11-16,Ecuador,Venezuela,1876,-1,0 - 0
2023-11-21,Ecuador,Chile,1883,7,1 - 0
2024-03-21,Ecuador,Guatemala,1886,3,2 - 0
2024-03-24,Ecuador,Italy,1873,-13,2 - 0
2024-06-09,Ecuador,Argentina,1869,-4,1 - 0
2024-06-12,Ecuador,Bolivia,1874,5,3 - 1
2024-06-16,Ecuador,Honduras,1876,2,2 - 1
2024-06-22,Ecuador,Venezuela,1842,-34,2 - 1
2024-06-26,Ecuador,Jamaica,1859,17,3 - 1
2024-06-30,Ecuador,Mexico,1853,-6,0 - 0
2024-07-04,Ecuador,Argentina,1871,18,1 - 1
2024-09-06,Ecuador,Brazil,1863,-8,1 - 0
2024-09-10,Ecuador,Peru,1871,8,1 - 0
2024-10-10,Ecuador,Paraguay,1858,-13,0 - 0
2024-10-15,Ecuador,Uruguay,1867,9,0 - 0
2024-11-14,Ecuador,Bolivia,1878,11,4 - 0
2024-11-19,Ecuador,Colombia,1910,32,0 - 1
2025-03-21,Ecuador,Venezuela,1917,7,2 - 1
2025-03-25,Ecuador,Chile,1911,-6,0 - 0
2025-06-05,Ecuador,Brazil,1909,-1,0 - 0
2025-06-10,Ecuador,Peru,1905,-4,0 - 0
2025-09-04,Ecuador,Paraguay,1906,1,0 - 0
2025-09-09,Ecuador,Argentina,1933,27,1 - 0
2025-10-10,Ecuador,USA,1929,-4,1 - 1
2025-10-14,Ecuador,Mexico,1930,0,1 - 1
2025-11-13,Ecuador,Canada,1929,-1,0 - 0
2025-11-18,Ecuador,New Zealand,1933,4,2 - 0
2026-03-27,Ecuador,Morocco,1929,-4,1 - 1
2026-03-31,Ecuador,Netherlands,1933,4,1 - 1
2026-05-30,Ecuador,Saudi Arabia,1935,2,2 - 1
2026-06-07,Ecuador,Guatemala,1938,3,3 - 0
2021-09-01,Egypt,Angola,1607,5,1 - 0
2021-09-05,Egypt,Gabon,1602,-5,1 - 1
2021-09-30,Egypt,Liberia,1606,4,2 - 0
2021-10-08,Egypt,Libya,1611,5,1 - 0
2021-10-11,Egypt,Libya,1633,22,0 - 3
2021-11-12,Egypt,Angola,1623,-10,2 - 2
2021-11-16,Egypt,Gabon,1629,6,2 - 1
2021-12-01,Egypt,Lebanon,1637,8,1 - 0
2021-12-04,Egypt,Sudan,1650,13,5 - 0
2021-12-07,Egypt,Algeria,1656,6,1 - 1
2021-12-11,Egypt,Jordan,1677,21,3 - 1
2021-12-15,Egypt,Tunisia,1655,-22,1 - 0
2021-12-18,Egypt,Qatar,1661,6,0 - 0
2022-01-11,Egypt,Nigeria,1635,-26,1 - 0
2022-01-15,Egypt,Guinea-Bissau,1645,10,1 - 0
2022-01-19,Egypt,Sudan,1651,6,1 - 0
2022-01-26,Egypt,Côte d'Ivoire,1654,3,0 - 0
2022-01-30,Egypt,Morocco,1687,33,2 - 1
2022-02-03,Egypt,Cameroon,1690,3,0 - 0
2022-02-06,Egypt,Senegal,1693,3,0 - 0
2022-03-25,Egypt,Senegal,1709,16,1 - 0
2022-03-29,Egypt,Senegal,1695,-14,1 - 0
2022-06-05,Egypt,Guinea,1698,3,1 - 0
2022-06-09,Egypt,Ethiopia,1644,-54,2 - 0
2022-06-14,Egypt,South Korea,1637,-7,4 - 1
2022-09-23,Egypt,Niger,1640,3,3 - 0
2022-09-27,Egypt,Liberia,1644,4,3 - 0
2022-11-18,Egypt,Belgium,1662,18,2 - 1
2023-03-24,Egypt,Malawi,1665,3,2 - 0
2023-03-28,Egypt,Malawi,1676,11,0 - 4
2023-06-14,Egypt,Guinea,1684,8,2 - 1
2023-06-18,Egypt,South Sudan,1685,1,3 - 0
2023-09-08,Egypt,Ethiopia,1688,3,1 - 0
2023-09-12,Egypt,Tunisia,1671,-17,1 - 3
2023-10-12,Egypt,Zambia,1677,6,1 - 0
2023-10-16,Egypt,Algeria,1678,1,1 - 1
2023-11-16,Egypt,Djibouti,1679,1,6 - 0
2023-11-19,Egypt,Sierra Leone,1686,7,2 - 0
2024-01-07,Egypt,Tanzania,1688,2,2 - 0
2024-01-14,Egypt,Mozambique,1670,-18,2 - 2
2024-01-18,Egypt,Ghana,1659,-11,2 - 2
2024-01-22,Egypt,Cabo Verde,1651,-8,2 - 2
2024-01-28,Egypt,DR Congo,1641,-10,1 - 1
2024-03-22,Egypt,New Zealand,1648,7,1 - 0
2024-03-26,Egypt,Croatia,1637,-11,2 - 4
2024-06-06,Egypt,Burkina Faso,1645,8,2 - 1
2024-06-10,Egypt,Guinea-Bissau,1635,-10,1 - 1
2024-09-06,Egypt,Cabo Verde,1654,19,3 - 0
2024-09-10,Egypt,Botswana,1668,14,0 - 4
2024-10-11,Egypt,Mauritania,1673,5,2 - 0
2024-10-15,Egypt,Mauritania,1681,8,0 - 1
2024-11-15,Egypt,Cabo Verde,1676,-5,1 - 1
2024-11-19,Egypt,Botswana,1659,-17,1 - 1
2025-03-21,Egypt,Ethiopia,1665,6,2 - 0
2025-03-25,Egypt,Sierra Leone,1668,3,1 - 0
2025-09-05,Egypt,Ethiopia,1669,3,2 - 0
2025-09-09,Egypt,Burkina Faso,1665,-4,0 - 0
2025-10-08,Egypt,Djibouti,1666,1,3 - 0
2025-10-12,Egypt,Guinea-Bissau,1668,2,1 - 0
2025-11-14,Egypt,Uzbekistan,1649,-19,2 - 0
2025-11-17,Egypt,Cabo Verde,1645,-4,1 - 1
2025-12-02,Egypt,Kuwait,1631,-14,1 - 1
2025-12-06,Egypt,United Arab Emirates,1625,-6,1 - 1
2025-12-09,Egypt,Jordan,1591,-34,3 - 0
2025-12-16,Egypt,Nigeria,1599,8,2 - 1
2025-12-22,Egypt,Zimbabwe,1609,10,2 - 1
2025-12-26,Egypt,South Africa,1630,21,1 - 0
2025-12-29,Egypt,Angola,1623,-7,0 - 0
2026-01-05,Egypt,Benin,1640,18,3 - 1
2026-01-10,Egypt,Côte d'Ivoire,1667,27,3 - 2
2026-01-14,Egypt,Senegal,1653,-14,1 - 0
2026-01-17,Egypt,Nigeria,1659,6,0 - 0
2026-03-27,Egypt,Saudi Arabia,1680,21,0 - 4
2026-03-31,Egypt,Spain,1689,9,0 - 0
2026-05-28,Egypt,Russia,1699,10,1 - 0
2026-06-06,Egypt,Brazil,1696,-3,2 - 1
2021-06-05,El Salvador,United States Virgin Islands,1469,2,0 - 7
2021-06-08,El Salvador,Antigua and Barbuda,1475,6,3 - 0
2021-06-12,El Salvador,St Kitts and Nevis,1497,22,0 - 4
2021-06-15,El Salvador,St Kitts and Nevis,1503,6,2 - 0
2021-06-26,El Salvador,Guatemala,1503,0,0 - 0
2021-07-04,El Salvador,Qatar,1497,-6,1 - 0
2021-07-11,El Salvador,Guatemala,1535,38,2 - 0
2021-07-14,El Salvador,Trinidad and Tobago,1557,22,2 - 0
2021-07-18,El Salvador,Mexico,1550,-7,1 - 0
2021-07-24,El Salvador,Qatar,1535,-15,3 - 2
2021-09-02,El Salvador,USA,1549,11,0 - 0
2021-09-05,El Salvador,Honduras,1546,-3,0 - 0
2021-09-08,El Salvador,Canada,1534,-12,3 - 0
2021-09-24,El Salvador,Guatemala,1515,-19,2 - 0
2021-10-07,El Salvador,Panama,1534,19,1 - 0
2021-10-10,El Salvador,Costa Rica,1523,-11,2 - 1
2021-10-13,El Salvador,Mexico,1512,-11,0 - 2
2021-11-05,El Salvador,Bolivia,1506,-6,1 - 0
2021-11-12,El Salvador,Jamaica,1504,-2,1 - 1
2021-11-16,El Salvador,Panama,1495,-9,2 - 1
2021-12-04,El Salvador,Ecuador,1503,8,1 - 1
2021-12-11,El Salvador,Chile,1500,-3,1 - 0
2022-01-27,El Salvador,USA,1497,-3,1 - 0
2022-01-30,El Salvador,Honduras,1534,37,0 - 2
2022-02-02,El Salvador,Canada,1519,-15,0 - 2
2022-03-24,El Salvador,Jamaica,1526,7,1 - 1
2022-03-27,El Salvador,Costa Rica,1510,-16,1 - 2
2022-03-30,El Salvador,Mexico,1505,-5,2 - 0
2022-04-24,El Salvador,Guatemala,1485,-20,4 - 0
2022-05-01,El Salvador,Panama,1499,14,3 - 2
2022-06-04,El Salvador,Grenada,1503,4,3 - 1
2022-06-07,El Salvador,Grenada,1490,-13,2 - 2
2022-06-14,El Salvador,USA,1502,12,1 - 1
2022-09-27,El Salvador,Peru,1498,-4,4 - 1
2022-11-16,El Salvador,Nicaragua,1484,-14,1 - 0
2023-03-22,El Salvador,Honduras,1474,-10,1 - 0
2023-03-27,El Salvador,USA,1471,-3,1 - 0
2023-06-15,El Salvador,Japan,1468,-3,6 - 0
2023-06-20,El Salvador,South Korea,1476,8,1 - 1
2023-06-26,El Salvador,Martinique,1447,-29,2 - 1
2023-06-30,El Salvador,Costa Rica,1461,14,0 - 0
2023-07-04,El Salvador,Panama,1475,14,2 - 2
2023-09-07,El Salvador,Guatemala,1455,-20,2 - 0
2023-09-10,El Salvador,Trinidad and Tobago,1426,-29,2 - 3
2023-10-13,El Salvador,Martinique,1411,-15,1 - 0
2023-10-17,El Salvador,Martinique,1407,-4,0 - 0
2023-11-16,El Salvador,Curaçao,1408,1,1 - 1
2023-11-20,El Salvador,Curaçao,1409,1,1 - 1
2024-02-02,El Salvador,Costa Rica,1404,-5,2 - 0
2024-03-20,El Salvador,Bonaire,1395,-9,1 - 1
2024-03-22,El Salvador,Argentina,1395,0,3 - 0
2024-03-26,El Salvador,Honduras,1398,3,1 - 1
2024-06-06,El Salvador,Puerto Rico,1382,-16,0 - 0
2024-06-09,El Salvador,St Vincent,1391,9,3 - 1
2024-06-14,El Salvador,Peru,1389,-2,1 - 0
2024-07-27,El Salvador,Guatemala,1402,13,1 - 0
2024-09-05,El Salvador,Montserrat,1409,7,4 - 1
2024-09-08,El Salvador,Bonaire,1411,2,1 - 2
2024-10-10,El Salvador,St Vincent,1420,9,2 - 3
2024-10-13,El Salvador,St Vincent,1388,-32,2 - 1
2024-11-14,El Salvador,Bonaire,1389,1,1 - 0
2024-11-17,El Salvador,Montserrat,1391,2,1 - 0
2025-05-31,El Salvador,Guatemala,1394,3,1 - 1
2025-06-07,El Salvador,Anguilla,1395,1,0 - 3
2025-06-10,El Salvador,Suriname,1390,-5,1 - 1
2025-06-17,El Salvador,Curaçao,1390,0,0 - 0
2025-06-21,El Salvador,Honduras,1368,-22,2 - 0
2025-06-24,El Salvador,Canada,1362,-6,2 - 0
2025-09-04,El Salvador,Guatemala,1395,33,0 - 1
2025-09-08,El Salvador,Suriname,1370,-25,1 - 2
2025-10-10,El Salvador,Panama,1363,-7,0 - 1
2025-10-14,El Salvador,Guatemala,1346,-17,0 - 1
2025-11-13,El Salvador,Suriname,1328,-18,4 - 0
2025-11-18,El Salvador,Panama,1324,-4,3 - 0
2026-03-26,El Salvador,Dominican Republic,1327,3,2 - 2
2026-03-29,El Salvador,Martinique,1342,15,1 - 0
2026-06-03,El Salvador,South Korea,1340,-2,1 - 0
2026-06-06,El Salvador,Qatar,1342,2,0 - 0
2021-06-02,England,Austria,1981,3,1 - 0
2021-06-06,England,Romania,1982,1,1 - 0
2021-06-13,England,Croatia,1991,9,1 - 0
2021-06-18,England,Scotland,1969,-22,0 - 0
2021-06-22,England,Czech Republic,1978,9,1 - 0
2021-06-29,England,Germany,2001,23,2 - 0
2021-07-03,England,Ukraine,2025,24,4 - 0
2021-07-07,England,Denmark,2040,15,2 - 1
2021-07-11,England,Italy,2036,-4,1 - 1
2021-09-02,England,Hungary,2056,20,0 - 4
2021-09-05,England,Andorra,2056,0,4 - 0
2021-09-08,England,Poland,2046,-10,1 - 1
2021-10-09,England,Andorra,2046,0,0 - 5
2021-10-12,England,Hungary,2029,-17,1 - 1
2021-11-12,England,Albania,2032,3,5 - 0
2021-11-15,England,San Marino,2032,0,0 - 10
2022-03-26,England,Switzerland,2037,5,2 - 1
2022-03-29,England,Côte d'Ivoire,2039,2,3 - 0
2022-06-04,England,Hungary,2008,-31,1 - 0
2022-06-07,England,Germany,2012,4,1 - 1
2022-06-11,England,Italy,2004,-8,0 - 0
2022-06-14,England,Hungary,1938,-66,0 - 4
2022-09-23,England,Italy,1924,-14,1 - 0
2022-09-26,England,Germany,1920,-4,3 - 3
2022-11-21,England,Iran,1957,37,6 - 2
2022-11-25,England,USA,1944,-13,0 - 0
2022-11-29,England,Wales,1969,25,3 - 0
2022-12-04,England,Senegal,1995,26,3 - 0
2022-12-10,England,France,1967,-28,2 - 1
2023-03-23,England,Italy,1993,26,1 - 2
2023-03-26,England,Ukraine,2003,10,2 - 0
2023-06-16,England,Malta,2005,2,0 - 4
2023-06-19,England,North Macedonia,2008,3,7 - 0
2023-09-09,England,Ukraine,1999,-9,1 - 1
2023-09-12,England,Scotland,2011,12,1 - 3
2023-10-13,England,Australia,2014,3,1 - 0
2023-10-17,England,Italy,2031,17,3 - 1
2023-11-17,England,Malta,2031,0,2 - 0
2023-11-20,England,North Macedonia,2015,-16,1 - 1
2024-03-23,England,Brazil,2002,-13,0 - 1
2024-03-26,England,Belgium,1999,-3,2 - 2
2024-06-03,England,Bosnia and Herzegovina,2000,1,3 - 0
2024-06-07,England,Iceland,1981,-19,0 - 1
2024-06-16,England,Serbia,1994,13,1 - 0
2024-06-20,England,Denmark,1983,-11,1 - 1
2024-06-25,England,Slovenia,1968,-15,0 - 0
2024-06-30,England,Slovakia,1977,9,2 - 1
2024-07-06,England,Switzerland,1971,-6,1 - 1
2024-07-10,England,Netherlands,1997,26,2 - 1
2024-07-14,England,Spain,1981,-16,2 - 1
2024-09-07,England,Republic of Ireland,1992,11,0 - 2
2024-09-10,England,Finland,1996,4,2 - 0
2024-10-10,England,Greece,1962,-34,1 - 2
2024-10-13,England,Finland,1972,10,1 - 3
2024-11-14,England,Greece,2002,30,0 - 3
2024-11-17,England,Republic of Ireland,2007,5,5 - 0
2025-03-21,England,Albania,2011,4,2 - 0
2025-03-24,England,Latvia,2012,1,3 - 0
2025-06-07,England,Andorra,2011,0,1 - 0
2025-06-10,England,Senegal,1984,-27,1 - 3
2025-09-06,England,Andorra,1984,0,2 - 0
2025-09-09,England,Serbia,2019,35,0 - 5
2025-10-09,England,Wales,2022,3,3 - 0
2025-10-14,England,Latvia,2024,2,0 - 5
2025-11-13,England,Serbia,2031,7,2 - 0
2025-11-16,England,Albania,2042,11,0 - 2
2026-03-27,England,Uruguay,2036,-6,1 - 1
2026-03-31,England,Japan,2020,-16,0 - 1
2026-06-06,England,New Zealand,2021,1,1 - 0
2026-06-10,England,Costa Rica,2024,3,3 - 0
2021-09-03,Equatorial Guinea,Tunisia,1348,-7,3 - 0
2021-09-07,Equatorial Guinea,Mauritania,1364,16,1 - 0
2021-10-07,Equatorial Guinea,Zambia,1392,28,2 - 0
2021-10-10,Equatorial Guinea,Zambia,1399,7,1 - 1
2021-11-13,Equatorial Guinea,Tunisia,1428,29,1 - 0
2021-11-16,Equatorial Guinea,Mauritania,1429,1,1 - 1
2022-01-12,Equatorial Guinea,Côte d'Ivoire,1418,-11,1 - 0
2022-01-16,Equatorial Guinea,Algeria,1463,45,1 - 0
2022-01-20,Equatorial Guinea,Sierra Leone,1482,19,1 - 0
2022-01-26,Equatorial Guinea,Mali,1493,11,0 - 0
2022-01-30,Equatorial Guinea,Senegal,1475,-18,3 - 1
2022-03-23,Equatorial Guinea,Guinea-Bissau,1441,-34,3 - 0
2022-03-29,Equatorial Guinea,Angola,1438,-3,0 - 0
2022-06-02,Equatorial Guinea,Tunisia,1425,-13,4 - 0
2022-06-06,Equatorial Guinea,Libya,1441,16,2 - 0
2022-09-23,Equatorial Guinea,Rwanda,1436,-5,0 - 0
2022-09-27,Equatorial Guinea,Togo,1433,-3,2 - 2
2023-03-24,Equatorial Guinea,Botswana,1449,16,2 - 0
2023-03-28,Equatorial Guinea,Botswana,1469,20,2 - 3
2023-06-17,Equatorial Guinea,Tunisia,1499,30,1 - 0
2023-09-06,Equatorial Guinea,Libya,1495,-4,1 - 1
2023-10-13,Equatorial Guinea,Burkina Faso,1494,-1,0 - 0
2023-11-15,Equatorial Guinea,Namibia,1503,9,1 - 0
2023-11-20,Equatorial Guinea,Liberia,1516,13,0 - 1
2024-01-09,Equatorial Guinea,Djibouti,1506,-10,1 - 1
2024-01-14,Equatorial Guinea,Nigeria,1510,4,1 - 1
2024-01-18,Equatorial Guinea,Guinea-Bissau,1536,26,4 - 2
2024-01-22,Equatorial Guinea,Côte d'Ivoire,1605,69,0 - 4
2024-01-28,Equatorial Guinea,Equatorial Guinea,1571,-34,1 - 0
2024-03-22,Equatorial Guinea,Cambodia,1572,1,2 - 0
2024-03-25,Equatorial Guinea,Cabo Verde,1557,-15,1 - 0
2024-06-05,Equatorial Guinea,Tunisia,1548,-9,1 - 0
2024-06-10,Equatorial Guinea,Malawi,1553,5,1 - 0
2024-09-05,Equatorial Guinea,Algeria,1538,-15,2 - 0
2024-09-09,Equatorial Guinea,Togo,1525,-13,2 - 2
2024-10-11,Equatorial Guinea,Liberia,1530,5,1 - 0
2024-10-14,Equatorial Guinea,Liberia,1541,11,1 - 2
2024-11-14,Equatorial Guinea,Algeria,1544,3,0 - 0
2024-11-17,Equatorial Guinea,Togo,1498,-46,3 - 0
2025-03-21,Equatorial Guinea,São Tomé and Príncipe,1500,2,2 - 0
2025-03-24,Equatorial Guinea,Namibia,1492,-8,1 - 1
2025-06-06,Equatorial Guinea,Gambia,1477,-13,2 - 1
2025-06-09,Equatorial Guinea,Cameroon,1480,3,1 - 1
2025-09-04,Equatorial Guinea,São Tomé and Príncipe,1483,3,3 - 2
2025-09-08,Equatorial Guinea,Tunisia,1465,-18,0 - 1
2025-10-13,Equatorial Guinea,Liberia,1452,-13,1 - 1
2025-11-14,Equatorial Guinea,Kenya,1457,7,1 - 0
2025-11-17,Equatorial Guinea,Madagascar,1437,-20,2 - 0
2025-12-24,Equatorial Guinea,Burkina Faso,1420,-17,2 - 1
2025-12-28,Equatorial Guinea,Sudan,1390,-30,1 - 0
2025-12-31,Equatorial Guinea,Algeria,1382,-8,3 - 1
2026-03-25,Equatorial Guinea,Kyrgyzstan,1391,8,1 - 0
2026-03-31,Equatorial Guinea,Madagascar,1391,0,1 - 1
2026-06-09,Equatorial Guinea,Comoros,1380,-11,1 - 0
2026-03-25,Eritrea,Eswatini,1175,36,2 - 0
2026-03-31,Eritrea,Eswatini,1201,26,1 - 2
2021-06-04,Estonia,Finland,1398,18,0 - 1
2021-06-10,Estonia,Latvia,1405,7,2 - 1
2021-09-02,Estonia,Belgium,1403,-2,2 - 5
2021-09-05,Estonia,Northern Ireland,1395,-8,0 - 1
2021-09-08,Estonia,Wales,1413,18,0 - 0
2021-10-08,Estonia,Belarus,1440,27,2 - 0
2021-10-11,Estonia,Wales,1433,-7,0 - 1
2021-11-13,Estonia,Belgium,1432,-1,3 - 1
2021-11-16,Estonia,Czech Republic,1429,-3,2 - 0
2022-03-24,Estonia,Cyprus,1417,-12,0 - 0
2022-03-29,Estonia,Cyprus,1386,-31,2 - 0
2022-06-02,Estonia,San Marino,1387,1,2 - 0
2022-06-05,Estonia,Argentina,1386,-1,5 - 0
2022-06-09,Estonia,Malta,1405,19,1 - 2
2022-06-13,Estonia,Albania,1411,6,0 - 0
2022-09-23,Estonia,Malta,1418,7,2 - 1
2022-09-26,Estonia,San Marino,1421,3,0 - 4
2022-11-16,Estonia,Latvia,1422,1,1 - 1
2022-11-19,Estonia,Lithuania,1430,8,2 - 0
2023-01-08,Estonia,Iceland,1433,3,1 - 1
2023-01-12,Estonia,Finland,1449,16,1 - 0
2023-03-23,Estonia,Hungary,1448,-1,1 - 0
2023-03-27,Estonia,Austria,1445,-3,2 - 1
2023-06-17,Estonia,Azerbaijan,1449,4,1 - 1
2023-06-20,Estonia,Belgium,1443,-6,0 - 3
2023-09-09,Estonia,Sweden,1423,-20,0 - 5
2023-09-12,Estonia,Belgium,1421,-2,5 - 0
2023-10-13,Estonia,Azerbaijan,1382,-39,0 - 2
2023-10-17,Estonia,Thailand,1379,-3,1 - 1
2023-11-16,Estonia,Austria,1371,-8,0 - 2
2023-11-19,Estonia,Sweden,1366,-5,2 - 0
2024-01-12,Estonia,Sweden,1363,-3,2 - 1
2024-03-21,Estonia,Poland,1358,-5,5 - 1
2024-03-26,Estonia,Finland,1356,-2,2 - 1
2024-06-04,Estonia,Switzerland,1354,-2,4 - 0
2024-06-08,Estonia,Faroe Islands,1367,13,4 - 1
2024-06-11,Estonia,Lithuania,1371,4,1 - 1
2024-09-05,Estonia,Slovakia,1362,-9,0 - 1
2024-09-08,Estonia,Sweden,1357,-5,3 - 0
2024-10-11,Estonia,Azerbaijan,1387,30,3 - 1
2024-10-14,Estonia,Sweden,1372,-15,0 - 3
2024-11-16,Estonia,Azerbaijan,1380,8,0 - 0
2024-11-19,Estonia,Slovakia,1377,-3,1 - 0
2025-03-22,Estonia,Israel,1368,-9,2 - 1
2025-03-25,Estonia,Moldova,1392,24,2 - 3
2025-06-06,Estonia,Israel,1371,-21,1 - 3
2025-06-09,Estonia,Norway,1367,-4,0 - 1
2025-09-05,Estonia,Italy,1365,-2,5 - 0
2025-09-09,Estonia,Andorra,1357,-8,0 - 0
2025-10-11,Estonia,Italy,1352,-5,1 - 3
2025-10-14,Estonia,Moldova,1344,-8,1 - 1
2025-11-13,Estonia,Norway,1342,-2,4 - 1
2025-11-18,Estonia,Cyprus,1360,18,2 - 4
2026-03-27,Estonia,Kenya,1358,-1,1 - 1
2026-03-30,Estonia,Rwanda,1339,-19,2 - 0
2026-06-06,Estonia,Faroe Islands,1352,13,1 - 0
2026-06-09,Estonia,Lithuania,1360,8,1 - 0
2021-06-05,Eswatini,Lesotho,1141,21,1 - 0
2021-06-08,Eswatini,Mozambique,1150,9,1 - 1
2021-07-06,Eswatini,Lesotho,1188,38,3 - 1
2021-07-08,Eswatini,South Africa,1184,-4,1 - 0
2021-07-10,Eswatini,Zambia,1217,33,1 - 0
2021-07-14,Eswatini,Botswana,1222,5,1 - 1
2021-07-16,Eswatini,Senegal,1240,18,2 - 2
2021-07-18,Eswatini,Mozambique,1245,5,1 - 1
2022-03-08,Eswatini,Lesotho,1241,-4,0 - 0
2022-03-08,Eswatini,Lesotho,1253,12,4 - 0
2022-03-23,Eswatini,Somalia,1262,9,3 - 0
2022-03-27,Eswatini,Somalia,1266,4,2 - 1
2022-05-24,Eswatini,Mozambique,1280,14,0 - 1
2022-05-27,Eswatini,Botswana,1271,-9,1 - 0
2022-06-03,Eswatini,Togo,1280,9,2 - 2
2022-06-07,Eswatini,Burkina Faso,1271,-9,3 - 1
2022-07-06,Eswatini,Mauritius,1281,10,3 - 0
2022-07-08,Eswatini,Malawi,1281,0,1 - 1
2022-07-10,Eswatini,Lesotho,1308,27,2 - 0
2022-07-13,Eswatini,Senegal,1325,17,1 - 1
2022-07-15,Eswatini,Botswana,1298,-27,2 - 0
2023-03-16,Eswatini,Lesotho,1299,1,0 - 0
2023-03-24,Eswatini,Cabo Verde,1313,14,0 - 0
2023-03-28,Eswatini,Cabo Verde,1301,-12,1 - 0
2023-06-03,Eswatini,Lesotho,1286,-15,1 - 2
2023-06-03,Eswatini,Lesotho,1292,6,1 - 0
2023-06-18,Eswatini,Togo,1266,-26,2 - 0
2023-07-05,Eswatini,Botswana,1250,-16,1 - 0
2023-07-08,Eswatini,Namibia,1278,28,2 - 1
2023-07-11,Eswatini,South Africa,1274,-4,2 - 1
2023-09-08,Eswatini,Burkina Faso,1288,14,0 - 0
2023-10-13,Eswatini,South Africa,1296,8,0 - 0
2023-10-16,Eswatini,Botswana,1290,-6,2 - 1
2023-11-17,Eswatini,Libya,1273,-17,1 - 0
2023-11-21,Eswatini,Cabo Verde,1258,-15,2 - 0
2024-03-20,Eswatini,Somalia,1266,8,3 - 0
2024-03-26,Eswatini,Somalia,1250,-16,2 - 2
2024-06-07,Eswatini,Angola,1245,-5,1 - 0
2024-06-11,Eswatini,Mauritius,1218,-27,2 - 1
2024-06-26,Eswatini,Botswana,1224,6,0 - 0
2024-06-29,Eswatini,Mozambique,1234,10,0 - 0
2024-07-02,Eswatini,South Africa,1231,-3,1 - 0
2024-09-05,Eswatini,Guinea-Bissau,1223,-8,1 - 0
2024-09-10,Eswatini,Mali,1219,-4,1 - 0
2024-10-11,Eswatini,Mozambique,1234,15,1 - 1
2024-10-14,Eswatini,Mozambique,1217,-17,3 - 0
2024-11-15,Eswatini,Guinea-Bissau,1225,8,1 - 1
2024-11-19,Eswatini,Mali,1220,-5,6 - 0
2025-03-19,Eswatini,Cameroon,1236,16,0 - 0
2025-03-23,Eswatini,Mauritius,1226,-10,3 - 3
2025-06-09,Eswatini,Madagascar,1230,5,1 - 1
2025-06-11,Eswatini,Tanzania,1218,-12,2 - 1
2025-09-04,Eswatini,Cameroon,1213,-4,3 - 0
2025-09-08,Eswatini,Libya,1204,-9,2 - 0
2025-10-08,Eswatini,Angola,1217,13,2 - 2
2025-10-13,Eswatini,Cabo Verde,1211,-6,3 - 0
2026-03-25,Eswatini,Eritrea,1174,-36,2 - 0
2026-03-31,Eswatini,Eritrea,1148,-26,1 - 2
2021-09-03,Ethiopia,Ghana,1335,-4,1 - 0
2021-09-07,Ethiopia,Zimbabwe,1351,16,1 - 0
2021-10-09,Ethiopia,South Africa,1328,-23,1 - 3
2021-10-12,Ethiopia,South Africa,1323,-5,1 - 0
2021-11-11,Ethiopia,Ghana,1336,13,1 - 1
2021-11-14,Ethiopia,Zimbabwe,1341,5,1 - 1
2021-12-30,Ethiopia,Sudan,1350,9,3 - 2
2022-01-09,Ethiopia,Cabo Verde,1333,-17,1 - 0
2022-01-13,Ethiopia,Cameroon,1325,-8,4 - 1
2022-01-17,Ethiopia,Burkina Faso,1341,16,1 - 1
2022-03-25,Ethiopia,Comoros,1332,-9,2 - 1
2022-05-28,Ethiopia,Lesotho,1326,-6,1 - 1
2022-05-30,Ethiopia,Lesotho,1321,-5,1 - 1
2022-06-05,Ethiopia,Malawi,1306,-15,2 - 1
2022-06-09,Ethiopia,Egypt,1360,54,2 - 0
2022-09-23,Ethiopia,Sudan,1356,-4,1 - 1
2022-09-26,Ethiopia,Sudan,1352,-4,2 - 2
2023-03-19,Ethiopia,Rwanda,1357,5,1 - 0
2023-03-24,Ethiopia,Guinea,1329,-28,2 - 0
2023-03-27,Ethiopia,Guinea,1314,-15,3 - 2
2023-06-20,Ethiopia,Malawi,1311,-3,0 - 0
2023-09-08,Ethiopia,Egypt,1317,-3,1 - 0
2023-11-15,Ethiopia,Sierra Leone,1317,0,0 - 0
2023-11-21,Ethiopia,Burkina Faso,1303,-14,3 - 0
2024-03-21,Ethiopia,Lesotho,1289,-14,1 - 2
2024-03-24,Ethiopia,Lesotho,1295,6,2 - 1
2024-06-06,Ethiopia,Guinea-Bissau,1304,9,0 - 0
2024-06-09,Ethiopia,Djibouti,1288,-16,1 - 1
2024-09-04,Ethiopia,Tanzania,1312,9,0 - 0
2024-09-09,Ethiopia,DR Congo,1301,-11,2 - 0
2024-10-12,Ethiopia,Guinea,1280,-21,4 - 1
2024-10-15,Ethiopia,Guinea,1262,-18,3 - 0
2024-11-16,Ethiopia,Tanzania,1241,-21,2 - 0
2024-11-19,Ethiopia,DR Congo,1278,37,1 - 2
2025-03-21,Ethiopia,Egypt,1272,-6,2 - 0
2025-03-24,Ethiopia,Djibouti,1282,10,6 - 1
2025-09-05,Ethiopia,Egypt,1277,-3,2 - 0
2025-09-09,Ethiopia,Sierra Leone,1251,-26,2 - 0
2025-10-08,Ethiopia,Guinea-Bissau,1272,21,1 - 0
2025-10-12,Ethiopia,Burkina Faso,1265,-7,3 - 1
2026-03-27,Ethiopia,São Tomé and Príncipe,1280,16,3 - 0
2026-03-31,Ethiopia,São Tomé and Príncipe,1285,5,1 - 0
2026-06-06,Ethiopia,Malawi,1291,6,1 - 0
2026-06-09,Ethiopia,Malawi,1287,-4,1 - 1
2023-07-03,Falkland Islands,Chagos Islands,571,-9,4 - 0
2021-06-04,Faroe Islands,Iceland,1257,-4,0 - 1
2021-06-07,Faroe Islands,Liechtenstein,1264,7,5 - 1
2021-09-01,Faroe Islands,Israel,1249,-15,0 - 4
2021-09-04,Faroe Islands,Denmark,1248,-1,0 - 1
2021-09-07,Faroe Islands,Moldova,1261,13,2 - 1
2021-10-09,Faroe Islands,Austria,1254,-7,0 - 2
2021-10-12,Faroe Islands,Scotland,1248,-6,0 - 1
2021-11-12,Faroe Islands,Denmark,1248,0,3 - 1
2021-11-15,Faroe Islands,Israel,1246,-2,3 - 2
2022-03-26,Faroe Islands,Gibraltar,1243,-3,0 - 0
2022-03-29,Faroe Islands,Liechtenstein,1249,6,1 - 0
2022-06-04,Faroe Islands,Turkey,1246,-3,4 - 0
2022-06-07,Faroe Islands,Luxembourg,1231,-15,0 - 1
2022-06-11,Faroe Islands,Lithuania,1248,17,2 - 1
2022-06-14,Faroe Islands,Luxembourg,1261,13,2 - 2
2022-09-22,Faroe Islands,Lithuania,1267,6,1 - 1
2022-09-25,Faroe Islands,Turkey,1303,36,2 - 1
2022-11-16,Faroe Islands,Czech Republic,1302,-1,5 - 0
2022-11-19,Faroe Islands,Kosovo,1309,7,1 - 1
2023-03-24,Faroe Islands,Moldova,1310,1,1 - 1
2023-03-27,Faroe Islands,North Macedonia,1307,-3,1 - 0
2023-06-17,Faroe Islands,Czech Republic,1300,-7,0 - 3
2023-06-20,Faroe Islands,Albania,1282,-18,1 - 3
2023-09-07,Faroe Islands,Poland,1280,-2,2 - 0
2023-09-10,Faroe Islands,Moldova,1255,-25,0 - 1
2023-10-12,Faroe Islands,Poland,1249,-6,0 - 2
2023-10-15,Faroe Islands,Czech Republic,1248,-1,1 - 0
2023-11-16,Faroe Islands,Norway,1247,-1,2 - 0
2023-11-20,Faroe Islands,Albania,1265,18,0 - 0
2024-03-22,Faroe Islands,Liechtenstein,1270,5,4 - 0
2024-03-26,Faroe Islands,Denmark,1269,-1,2 - 0
2024-06-08,Faroe Islands,Estonia,1256,-13,4 - 1
2024-06-11,Faroe Islands,Latvia,1247,-9,1 - 0
2024-09-07,Faroe Islands,North Macedonia,1257,10,1 - 1
2024-09-10,Faroe Islands,Latvia,1245,-12,1 - 0
2024-10-10,Faroe Islands,Armenia,1251,6,2 - 2
2024-10-13,Faroe Islands,Latvia,1248,-3,1 - 1
2024-11-14,Faroe Islands,Armenia,1281,33,0 - 1
2024-11-17,Faroe Islands,North Macedonia,1278,-3,1 - 0
2025-03-22,Faroe Islands,Czech Republic,1277,-1,2 - 1
2025-03-25,Faroe Islands,Montenegro,1272,-5,1 - 0
2025-06-05,Faroe Islands,Georgia,1271,-1,1 - 0
2025-06-09,Faroe Islands,Gibraltar,1276,5,2 - 1
2025-09-05,Faroe Islands,Croatia,1274,-2,0 - 1
2025-09-08,Faroe Islands,Gibraltar,1287,13,0 - 1
2025-10-09,Faroe Islands,Montenegro,1336,49,4 - 0
2025-10-12,Faroe Islands,Czech Republic,1371,35,2 - 1
2025-11-14,Faroe Islands,Croatia,1369,-1,3 - 1
2025-11-18,Faroe Islands,Kazakhstan,1380,11,1 - 0
2026-03-28,Faroe Islands,San Marino,1382,1,1 - 2
2026-06-06,Faroe Islands,Estonia,1369,-13,1 - 0
2026-06-09,Faroe Islands,Latvia,1386,17,0 - 1
2022-03-10,Fiji,Vanuatu,1244,15,3 - 0
2022-03-18,Fiji,New Caledonia,1265,21,2 - 1
2022-03-21,Fiji,New Zealand,1251,-14,4 - 0
2022-03-24,Fiji,Papua New Guinea,1227,-24,2 - 1
2022-03-28,Fiji,Vanuatu,1235,8,2 - 1
2022-09-17,Fiji,New Caledonia,1254,19,1 - 0
2022-09-24,Fiji,Solomon Islands,1252,-2,2 - 2
2022-09-27,Fiji,Papua New Guinea,1229,-23,1 - 0
2022-09-30,Fiji,Solomon Islands,1249,20,1 - 0
2023-03-20,Fiji,Vanuatu,1226,-23,1 - 2
2023-03-26,Fiji,Solomon Islands,1197,-29,0 - 2
2023-11-18,Fiji,Northern Mariana Islands,1198,1,10 - 0
2023-11-21,Fiji,Tahiti,1195,-3,0 - 0
2023-11-28,Fiji,Solomon Islands,1181,-14,2 - 0
2023-12-01,Fiji,Vanuatu,1204,23,4 - 2
2024-03-18,Fiji,Solomon Islands,1199,-5,2 - 1
2024-03-21,Fiji,Solomon Islands,1222,23,0 - 2
2024-06-16,Fiji,Papua New Guinea,1241,19,5 - 1
2024-06-19,Fiji,Samoa,1245,4,9 - 1
2024-06-22,Fiji,Tahiti,1259,14,1 - 0
2024-06-27,Fiji,Vanuatu,1228,-31,2 - 1
2024-06-30,Fiji,Tahiti,1198,-30,2 - 1
2024-09-02,Fiji,Solomon Islands,1211,13,1 - 0
2024-09-08,Fiji,Hong Kong,1203,-8,1 - 1
2024-10-10,Fiji,Solomon Islands,1217,14,1 - 0
2024-11-14,Fiji,Papua New Guinea,1214,-3,3 - 3
2024-11-17,Fiji,New Caledonia,1217,3,1 - 1
2024-12-12,Fiji,Vanuatu,1208,-9,1 - 1
2024-12-15,Fiji,Papua New Guinea,1199,-9,1 - 1
2024-12-21,Fiji,Solomon Islands,1235,36,1 - 3
2025-03-21,Fiji,New Zealand,1229,-6,7 - 0
2025-09-04,Fiji,Thailand,1217,-11,3 - 0
2025-09-07,Fiji,Hong Kong,1173,-44,8 - 0
2025-11-17,Fiji,Vanuatu,1132,-40,2 - 0
2025-11-20,Fiji,Papua New Guinea,1109,-23,2 - 0
2025-11-22,Fiji,Solomon Islands,1108,-1,1 - 1
2026-06-06,Fiji,Vanuatu,1101,-7,2 - 1
2026-06-09,Fiji,Vanuatu,1104,3,2 - 2
2021-06-04,Finland,Estonia,1684,-18,0 - 1
2021-06-12,Finland,Denmark,1729,45,0 - 1
2021-06-16,Finland,Russia,1711,-18,1 - 0
2021-06-21,Finland,Belgium,1705,-6,2 - 0
2021-09-01,Finland,Wales,1705,0,0 - 0
2021-09-04,Finland,Kazakhstan,1708,3,1 - 0
2021-09-07,Finland,France,1704,-4,2 - 0
2021-10-09,Finland,Ukraine,1683,-21,1 - 2
2021-10-12,Finland,Kazakhstan,1696,13,0 - 2
2021-11-13,Finland,Bosnia and Herzegovina,1732,36,1 - 3
2021-11-16,Finland,France,1722,-10,0 - 2
2022-03-26,Finland,Iceland,1717,-5,1 - 1
2022-03-29,Finland,Slovakia,1700,-17,2 - 0
2022-06-04,Finland,Bosnia and Herzegovina,1689,-11,1 - 1
2022-06-07,Finland,Montenegro,1701,12,2 - 0
2022-06-11,Finland,Romania,1681,-20,1 - 0
2022-06-14,Finland,Bosnia and Herzegovina,1663,-18,3 - 2
2022-09-23,Finland,Romania,1653,-10,1 - 1
2022-09-26,Finland,Montenegro,1685,32,0 - 2
2022-11-17,Finland,North Macedonia,1684,-1,1 - 1
2022-11-20,Finland,Norway,1689,5,1 - 1
2023-01-09,Finland,Sweden,1677,-12,2 - 0
2023-01-12,Finland,Estonia,1661,-16,1 - 0
2023-03-23,Finland,Denmark,1653,-8,3 - 1
2023-03-26,Finland,Northern Ireland,1672,19,0 - 1
2023-06-16,Finland,Slovenia,1694,22,2 - 0
2023-06-19,Finland,San Marino,1694,0,6 - 0
2023-09-07,Finland,Kazakhstan,1706,12,0 - 1
2023-09-10,Finland,Denmark,1689,-17,0 - 1
2023-10-14,Finland,Slovenia,1662,-27,3 - 0
2023-10-17,Finland,Kazakhstan,1628,-34,1 - 2
2023-11-17,Finland,Northern Ireland,1641,13,4 - 0
2023-11-20,Finland,San Marino,1641,0,1 - 2
2024-03-21,Finland,Wales,1621,-20,4 - 1
2024-03-26,Finland,Estonia,1623,2,2 - 1
2024-06-04,Finland,Portugal,1621,-2,4 - 2
2024-06-07,Finland,Scotland,1627,6,2 - 2
2024-09-07,Finland,Greece,1611,-16,3 - 0
2024-09-10,Finland,England,1607,-4,2 - 0
2024-10-10,Finland,Republic of Ireland,1580,-27,1 - 2
2024-10-13,Finland,England,1570,-10,1 - 3
2024-11-14,Finland,Republic of Ireland,1557,-13,1 - 0
2024-11-17,Finland,Greece,1538,-19,0 - 2
2025-03-21,Finland,Malta,1549,11,0 - 1
2025-03-24,Finland,Lithuania,1540,-9,2 - 2
2025-06-07,Finland,Netherlands,1532,-8,0 - 2
2025-06-10,Finland,Poland,1556,24,2 - 1
2025-09-04,Finland,Norway,1553,-2,1 - 0
2025-09-07,Finland,Poland,1541,-12,3 - 1
2025-10-09,Finland,Lithuania,1546,5,2 - 1
2025-10-12,Finland,Netherlands,1542,-4,4 - 0
2025-11-14,Finland,Malta,1507,-36,0 - 1
2025-11-17,Finland,Andorra,1509,2,4 - 0
2026-03-27,Finland,New Zealand,1542,33,0 - 2
2026-03-30,Finland,Cabo Verde,1542,0,1 - 1
2026-05-31,Finland,Germany,1540,-2,4 - 0
2026-06-05,Finland,Hungary,1536,-4,2 - 1
2021-06-02,France,Wales,2086,4,3 - 0
2021-06-08,France,Bulgaria,2087,1,3 - 0
2021-06-15,France,Germany,2108,21,0 - 1
2021-06-19,France,Hungary,2091,-17,1 - 1
2021-06-23,France,Portugal,2086,-5,2 - 2
2021-06-28,France,Switzerland,2073,-13,3 - 3
2021-09-01,France,Bosnia and Herzegovina,2055,-18,1 - 1
2021-09-04,France,Ukraine,2046,-9,1 - 1
2021-09-07,France,Finland,2050,4,2 - 0
2021-10-07,France,Belgium,2081,31,3 - 2
2021-10-10,France,Spain,2103,22,2 - 1
2021-11-13,France,Kazakhstan,2104,1,8 - 0
2021-11-16,France,Finland,2114,10,0 - 2
2022-03-25,France,Côte d'Ivoire,2115,1,2 - 1
2022-03-29,France,South Africa,2116,1,5 - 0
2022-06-03,France,Denmark,2083,-33,1 - 2
2022-06-06,France,Croatia,2073,-10,1 - 1
2022-06-10,France,Austria,2062,-11,1 - 1
2022-06-13,France,Croatia,2027,-35,0 - 1
2022-09-22,France,Austria,2034,7,2 - 0
2022-09-25,France,Denmark,2005,-29,2 - 0
2022-11-22,France,Australia,2022,17,4 - 1
2022-11-26,France,Denmark,2046,24,2 - 1
2022-11-30,France,Tunisia,1993,-53,1 - 0
2022-12-04,France,Poland,2018,25,3 - 1
2022-12-10,France,England,2046,28,2 - 1
2022-12-14,France,Morocco,2076,30,2 - 0
2022-12-18,France,Argentina,2082,6,3 - 3
2023-03-24,France,Netherlands,2108,26,4 - 0
2023-03-27,France,Republic of Ireland,2113,5,0 - 1
2023-06-16,France,Gibraltar,2113,0,3 - 0
2023-06-19,France,Greece,2115,2,1 - 0
2023-09-07,France,Republic of Ireland,2117,2,2 - 0
2023-09-12,France,Germany,2103,-14,2 - 1
2023-10-13,France,Netherlands,2121,18,1 - 2
2023-10-17,France,Scotland,2124,3,4 - 1
2023-11-18,France,Gibraltar,2124,0,14 - 0
2023-11-21,France,Greece,2110,-14,2 - 2
2024-03-23,France,Germany,2084,-26,0 - 2
2024-03-26,France,Chile,2085,1,3 - 2
2024-06-05,France,Luxembourg,2086,1,3 - 0
2024-06-09,France,Canada,2077,-9,0 - 0
2024-06-17,France,Austria,2088,11,1 - 0
2024-06-21,France,Netherlands,2081,-7,0 - 0
2024-06-25,France,Poland,2061,-20,1 - 1
2024-07-01,France,Belgium,2078,17,1 - 0
2024-07-05,France,Portugal,2069,-9,0 - 0
2024-07-09,France,Spain,2047,-22,2 - 1
2024-09-06,France,Italy,1998,-49,1 - 3
2024-09-09,France,Belgium,2015,17,2 - 0
2024-10-10,France,Israel,2020,5,4 - 1
2024-10-14,France,Belgium,2041,21,1 - 2
2024-11-14,France,Israel,2022,-19,0 - 0
2024-11-17,France,Italy,2056,34,1 - 3
2025-03-20,France,Croatia,2011,-45,2 - 0
2025-03-23,France,Croatia,2031,20,2 - 0
2025-06-05,France,Spain,2014,-17,5 - 4
2025-06-08,France,Germany,2056,42,0 - 2
2025-09-05,France,Ukraine,2067,11,2 - 0
2025-09-09,France,Iceland,2068,1,2 - 1
2025-10-10,France,Azerbaijan,2069,1,3 - 0
2025-10-13,France,Iceland,2052,-17,2 - 2
2025-11-13,France,Ukraine,2061,9,4 - 0
2025-11-16,France,Azerbaijan,2063,2,1 - 3
2026-03-26,France,Brazil,2070,8,2 - 1
2026-03-29,France,Colombia,2081,11,3 - 1
2026-06-04,France,Côte d'Ivoire,2062,-19,1 - 2
2026-06-08,France,Northern Ireland,2063,1,3 - 1
2021-07-06,French Guiana,Trinidad and Tobago,1269,6,1 - 1
2022-04-16,French Guiana,Guyana,1274,5,2 - 1
2022-04-18,French Guiana,Guyana,1259,-15,1 - 2
2022-05-22,French Guiana,Suriname,1273,14,3 - 1
2022-06-02,French Guiana,Guatemala,1314,41,2 - 0
2022-06-05,French Guiana,Dominican Republic,1333,19,2 - 3
2022-06-09,French Guiana,Belize,1324,-9,1 - 1
2022-06-14,French Guiana,Belize,1329,5,1 - 0
2022-11-19,French Guiana,Suriname,1348,19,1 - 3
2023-02-23,French Guiana,Martinique,1336,-12,0 - 1
2023-02-25,French Guiana,Martinique,1335,-1,2 - 2
2023-03-23,French Guiana,Dominican Republic,1322,-13,1 - 1
2023-03-27,French Guiana,Guatemala,1307,-15,4 - 0
2023-06-17,French Guiana,Sint Maarten,1311,4,4 - 1
2023-06-20,French Guiana,St Kitts and Nevis,1305,-6,1 - 1
2023-09-08,French Guiana,Bermuda,1303,-2,0 - 0
2023-09-12,French Guiana,Belize,1249,-54,0 - 2
2023-10-13,French Guiana,St Vincent,1278,29,1 - 4
2023-10-16,French Guiana,St Vincent,1283,5,3 - 2
2023-11-17,French Guiana,Belize,1257,-26,1 - 0
2023-11-21,French Guiana,Bermuda,1284,27,3 - 0
2024-03-23,French Guiana,Haiti,1287,3,1 - 1
2024-09-06,French Guiana,Nicaragua,1265,-22,0 - 1
2024-09-10,French Guiana,Trinidad and Tobago,1277,12,0 - 0
2024-10-10,French Guiana,Honduras,1264,-13,2 - 3
2024-10-14,French Guiana,Nicaragua,1254,-10,3 - 2
2024-11-14,French Guiana,Belize,1229,-25,2 - 1
2024-11-19,French Guiana,Belize,1221,-8,2 - 2
2021-09-01,Gabon,Libya,1414,-20,2 - 1
2021-09-05,Gabon,Egypt,1419,5,1 - 1
2021-10-08,Gabon,Angola,1391,-28,3 - 1
2021-10-11,Gabon,Angola,1411,20,2 - 0
2021-11-12,Gabon,Libya,1422,11,1 - 0
2021-11-16,Gabon,Egypt,1416,-6,2 - 1
2022-01-02,Gabon,Burkina Faso,1405,-11,3 - 0
2022-01-04,Gabon,Mauritania,1404,-1,1 - 1
2022-01-10,Gabon,Comoros,1418,14,1 - 0
2022-01-14,Gabon,Ghana,1429,11,1 - 1
2022-01-18,Gabon,Morocco,1448,19,2 - 2
2022-01-23,Gabon,Burkina Faso,1456,8,1 - 1
2022-06-04,Gabon,DR Congo,1484,28,0 - 1
2022-06-08,Gabon,Mauritania,1472,-12,0 - 0
2022-11-17,Gabon,Guinea-Bissau,1484,12,3 - 1
2022-11-20,Gabon,Niger,1490,6,3 - 1
2023-03-23,Gabon,Sudan,1496,6,1 - 0
2023-03-27,Gabon,Sudan,1471,-25,1 - 0
2023-06-18,Gabon,DR Congo,1434,-37,0 - 2
2023-09-09,Gabon,Mauritania,1418,-16,2 - 1
2023-10-17,Gabon,Guinea,1418,0,1 - 1
2023-11-16,Gabon,Kenya,1429,11,2 - 1
2023-11-19,Gabon,Burundi,1442,13,2 - 1
2024-03-22,Gabon,Senegal,1437,-5,3 - 0
2024-03-25,Gabon,Congo,1433,-4,1 - 1
2024-06-07,Gabon,Côte d'Ivoire,1427,-6,1 - 0
2024-06-11,Gabon,Gambia,1438,11,3 - 2
2024-09-06,Gabon,Morocco,1433,-5,4 - 1
2024-09-10,Gabon,Central African Republic,1448,15,2 - 0
2024-10-11,Gabon,Lesotho,1433,-15,0 - 0
2024-10-15,Gabon,Lesotho,1447,14,2 - 0
2024-11-15,Gabon,Morocco,1432,-15,1 - 5
2024-11-18,Gabon,Central African Republic,1445,13,1 - 0
2025-03-20,Gabon,Seychelles,1446,1,3 - 0
2025-03-23,Gabon,Kenya,1469,23,1 - 2
2025-06-06,Gabon,Niger,1454,-14,4 - 3
2025-06-09,Gabon,Guinea-Bissau,1462,8,2 - 0
2025-09-03,Gabon,Seychelles,1463,2,4 - 0
2025-09-09,Gabon,Côte d'Ivoire,1465,2,0 - 0
2025-10-10,Gabon,Gambia,1484,19,4 - 3
2025-10-14,Gabon,Burundi,1491,8,2 - 0
2025-11-13,Gabon,Nigeria,1467,-24,4 - 1
2025-12-24,Gabon,Cameroon,1448,-19,1 - 0
2025-12-28,Gabon,Mozambique,1417,-31,3 - 2
2025-12-31,Gabon,Côte d'Ivoire,1405,-12,3 - 2
2026-03-27,Gabon,Uzbekistan,1401,-4,3 - 1
2026-03-30,Gabon,Trinidad and Tobago,1401,0,2 - 2
2021-06-05,Gambia,Niger,1373,11,2 - 0
2021-06-08,Gambia,Togo,1381,8,1 - 0
2021-06-11,Gambia,Kosovo,1374,-7,1 - 0
2021-10-09,Gambia,Sierra Leone,1358,-16,2 - 1
2021-10-12,Gambia,South Sudan,1363,5,2 - 1
2021-11-16,Gambia,New Zealand,1354,-9,2 - 0
2022-01-12,Gambia,Mauritania,1379,25,1 - 0
2022-01-16,Gambia,Mali,1395,16,1 - 1
2022-01-20,Gambia,Tunisia,1435,40,1 - 0
2022-01-24,Gambia,Guinea,1458,23,1 - 0
2022-01-29,Gambia,Cameroon,1444,-14,2 - 0
2022-03-23,Gambia,Chad,1451,7,1 - 0
2022-03-29,Gambia,Chad,1438,-13,2 - 2
2022-05-29,Gambia,United Arab Emirates,1443,5,1 - 1
2022-06-04,Gambia,South Sudan,1448,5,1 - 0
2022-06-08,Gambia,Congo,1425,-23,1 - 0
2022-11-20,Gambia,Guinea-Bissau,1424,-1,0 - 0
2023-03-24,Gambia,Mali,1415,-9,2 - 0
2023-03-28,Gambia,Mali,1446,31,1 - 0
2023-06-14,Gambia,South Sudan,1451,5,3 - 2
2023-09-10,Gambia,Congo,1441,-10,2 - 2
2023-11-16,Gambia,Burundi,1412,-29,3 - 2
2023-11-20,Gambia,Côte d'Ivoire,1399,-13,2 - 0
2024-01-15,Gambia,Senegal,1388,-11,3 - 0
2024-01-19,Gambia,Guinea,1368,-20,1 - 0
2024-01-23,Gambia,Cameroon,1357,-11,3 - 2
2024-06-08,Gambia,Seychelles,1361,4,5 - 1
2024-06-11,Gambia,Gabon,1350,-11,3 - 2
2024-09-04,Gambia,Comoros,1350,0,1 - 1
2024-09-08,Gambia,Tunisia,1345,-5,1 - 2
2024-10-11,Gambia,Madagascar,1344,-1,1 - 1
2024-10-14,Gambia,Madagascar,1363,19,1 - 0
2024-11-15,Gambia,Comoros,1345,-18,2 - 1
2024-11-18,Gambia,Tunisia,1381,36,0 - 1
2025-03-20,Gambia,Kenya,1382,1,3 - 3
2025-03-24,Gambia,Côte d'Ivoire,1376,-6,1 - 0
2025-06-06,Gambia,Equatorial Guinea,1387,13,2 - 1
2025-06-09,Gambia,Uganda,1387,0,1 - 1
2025-09-05,Gambia,Kenya,1425,38,1 - 3
2025-09-09,Gambia,Burundi,1444,19,2 - 0
2025-10-10,Gambia,Gabon,1425,-19,4 - 3
2025-10-14,Gambia,Seychelles,1427,3,7 - 0
2025-11-18,Gambia,Kuwait,1424,-3,2 - 2
2026-03-31,Gambia,Senegal,1423,-1,3 - 1
2026-05-29,Gambia,Iran,1419,-4,3 - 1
2021-06-02,Georgia,Romania,1529,16,1 - 2
2021-06-06,Georgia,Netherlands,1527,-2,3 - 0
2021-09-02,Georgia,Kosovo,1499,-28,0 - 1
2021-09-05,Georgia,Spain,1497,-2,4 - 0
2021-09-08,Georgia,Bulgaria,1486,-11,4 - 1
2021-10-09,Georgia,Greece,1464,-22,0 - 2
2021-10-12,Georgia,Kosovo,1492,28,1 - 2
2021-11-11,Georgia,Sweden,1542,50,2 - 0
2021-11-15,Georgia,Uzbekistan,1549,7,1 - 0
2022-03-25,Georgia,Bosnia and Herzegovina,1563,14,0 - 1
2022-03-29,Georgia,Albania,1566,3,0 - 0
2022-06-02,Georgia,Gibraltar,1568,2,4 - 0
2022-06-05,Georgia,Bulgaria,1608,40,2 - 5
2022-06-09,Georgia,North Macedonia,1658,50,0 - 3
2022-06-12,Georgia,Bulgaria,1644,-14,0 - 0
2022-09-23,Georgia,North Macedonia,1663,19,2 - 0
2022-09-26,Georgia,Gibraltar,1665,2,1 - 2
2022-11-17,Georgia,Morocco,1652,-13,3 - 0
2023-03-25,Georgia,Mongolia,1652,0,6 - 1
2023-03-28,Georgia,Norway,1652,0,1 - 1
2023-06-17,Georgia,Cyprus,1662,10,1 - 2
2023-06-20,Georgia,Scotland,1651,-11,2 - 0
2023-09-08,Georgia,Spain,1634,-17,1 - 7
2023-09-12,Georgia,Norway,1624,-10,2 - 1
2023-10-12,Georgia,Thailand,1630,6,8 - 0
2023-10-15,Georgia,Cyprus,1637,7,4 - 0
2023-11-16,Georgia,Scotland,1641,4,2 - 2
2023-11-19,Georgia,Spain,1638,-3,3 - 1
2024-03-21,Georgia,Luxembourg,1651,13,2 - 0
2024-03-26,Georgia,Greece,1650,-1,0 - 0
2024-06-09,Georgia,Montenegro,1666,16,1 - 3
2024-06-18,Georgia,Turkey,1637,-29,3 - 1
2024-06-22,Georgia,Czech Republic,1646,9,1 - 1
2024-06-26,Georgia,Portugal,1714,68,2 - 0
2024-06-30,Georgia,Spain,1704,-10,4 - 1
2024-09-07,Georgia,Czech Republic,1732,28,4 - 1
2024-09-10,Georgia,Albania,1754,22,0 - 1
2024-10-11,Georgia,Ukraine,1735,-19,1 - 0
2024-10-14,Georgia,Albania,1704,-31,0 - 1
2024-11-16,Georgia,Ukraine,1703,-1,1 - 1
2024-11-19,Georgia,Czech Republic,1691,-12,2 - 1
2025-03-20,Georgia,Armenia,1709,18,0 - 3
2025-03-23,Georgia,Armenia,1716,7,6 - 1
2025-06-05,Georgia,Faroe Islands,1717,1,1 - 0
2025-06-08,Georgia,Cabo Verde,1710,-7,1 - 1
2025-09-04,Georgia,Turkey,1691,-19,2 - 3
2025-09-07,Georgia,Bulgaria,1700,9,3 - 0
2025-10-11,Georgia,Spain,1698,-2,2 - 0
2025-10-14,Georgia,Turkey,1685,-13,4 - 1
2025-11-15,Georgia,Spain,1678,-7,0 - 4
2025-11-18,Georgia,Bulgaria,1650,-28,2 - 1
2026-03-26,Georgia,Israel,1647,-3,2 - 2
2026-03-29,Georgia,Lithuania,1653,6,0 - 2
2026-06-02,Georgia,Romania,1650,-3,1 - 1
2026-06-05,Georgia,Bahrain,1654,4,2 - 0
2021-06-02,Germany,Denmark,1935,1,1 - 1
2021-06-07,Germany,Latvia,1936,1,7 - 1
2021-06-15,Germany,France,1915,-21,0 - 1
2021-06-19,Germany,Portugal,1957,42,4 - 2
2021-06-23,Germany,Hungary,1939,-18,2 - 2
2021-06-29,Germany,England,1916,-23,2 - 0
2021-09-02,Germany,Liechtenstein,1917,1,2 - 0
2021-09-05,Germany,Armenia,1924,7,6 - 0
2021-09-08,Germany,Iceland,1938,14,0 - 4
2021-10-08,Germany,Romania,1942,4,2 - 1
2021-10-11,Germany,North Macedonia,1955,13,0 - 4
2021-11-11,Germany,Liechtenstein,1955,0,9 - 0
2021-11-14,Germany,Armenia,1963,8,1 - 4
2022-03-26,Germany,Israel,1965,2,2 - 0
2022-03-29,Germany,Netherlands,1967,2,1 - 1
2022-06-04,Germany,Italy,1973,6,1 - 1
2022-06-07,Germany,England,1969,-4,1 - 1
2022-06-11,Germany,Hungary,1963,-6,1 - 1
2022-06-14,Germany,Italy,1989,26,5 - 2
2022-09-23,Germany,Hungary,1956,-33,0 - 1
2022-09-26,Germany,England,1960,4,3 - 3
2022-11-16,Germany,Oman,1963,3,0 - 1
2022-11-23,Germany,Japan,1919,-44,2 - 1
2022-11-27,Germany,Spain,1931,12,1 - 1
2022-12-01,Germany,Costa Rica,1956,25,4 - 2
2023-03-25,Germany,Peru,1963,7,2 - 0
2023-03-28,Germany,Belgium,1951,-12,2 - 3
2023-06-12,Germany,Ukraine,1945,-6,3 - 3
2023-06-16,Germany,Poland,1933,-12,1 - 0
2023-06-20,Germany,Colombia,1914,-19,0 - 2
2023-09-09,Germany,Japan,1889,-25,1 - 4
2023-09-12,Germany,France,1903,14,2 - 1
2023-10-14,Germany,USA,1919,16,1 - 3
2023-10-17,Germany,Mexico,1917,-2,2 - 2
2023-11-18,Germany,Turkey,1900,-17,2 - 3
2023-11-21,Germany,Austria,1886,-14,2 - 0
2024-03-23,Germany,France,1912,26,0 - 2
2024-03-26,Germany,Netherlands,1921,9,2 - 1
2024-06-03,Germany,Ukraine,1917,-4,0 - 0
2024-06-07,Germany,Greece,1920,3,2 - 1
2024-06-14,Germany,Scotland,1938,18,5 - 1
2024-06-19,Germany,Hungary,1953,15,2 - 0
2024-06-23,Germany,Switzerland,1939,-14,1 - 1
2024-06-29,Germany,Denmark,1957,18,2 - 0
2024-07-05,Germany,Spain,1934,-23,1 - 2
2024-09-07,Germany,Hungary,1951,17,5 - 0
2024-09-10,Germany,Netherlands,1957,6,2 - 2
2024-10-11,Germany,Bosnia and Herzegovina,1961,4,1 - 2
2024-10-14,Germany,Netherlands,1975,14,1 - 0
2024-11-16,Germany,Bosnia and Herzegovina,1978,3,7 - 0
2024-11-19,Germany,Hungary,1972,-6,1 - 1
2025-03-20,Germany,Italy,2001,29,1 - 2
2025-03-23,Germany,Italy,1988,-13,3 - 3
2025-06-04,Germany,Portugal,1956,-32,1 - 2
2025-06-08,Germany,France,1914,-42,0 - 2
2025-09-04,Germany,Slovakia,1872,-42,2 - 0
2025-09-07,Germany,Northern Ireland,1878,6,3 - 1
2025-10-10,Germany,Luxembourg,1881,3,4 - 0
2025-10-13,Germany,Northern Ireland,1892,11,0 - 1
2025-11-14,Germany,Luxembourg,1897,6,0 - 2
2025-11-17,Germany,Slovakia,1910,13,6 - 0
2026-03-27,Germany,Switzerland,1922,12,3 - 4
2026-03-30,Germany,Ghana,1923,1,2 - 1
2026-05-31,Germany,Finland,1925,2,4 - 0
2026-06-06,Germany,USA,1932,7,1 - 2
2021-06-08,Ghana,Morocco,1603,-6,1 - 0
2021-06-12,Ghana,Côte d'Ivoire,1601,-2,0 - 0
2021-09-03,Ghana,Ethiopia,1605,4,1 - 0
2021-09-06,Ghana,South Africa,1585,-20,1 - 0
2021-10-09,Ghana,Zimbabwe,1592,7,3 - 1
2021-10-12,Ghana,Zimbabwe,1604,12,0 - 1
2021-11-11,Ghana,Ethiopia,1591,-13,1 - 1
2021-11-14,Ghana,South Africa,1604,13,1 - 0
2022-01-05,Ghana,Algeria,1595,-9,3 - 0
2022-01-10,Ghana,Morocco,1581,-14,1 - 0
2022-01-14,Ghana,Gabon,1570,-11,1 - 1
2022-01-18,Ghana,Comoros,1526,-44,3 - 2
2022-03-25,Ghana,Nigeria,1528,2,0 - 0
2022-03-29,Ghana,Nigeria,1540,12,1 - 1
2022-06-01,Ghana,Madagascar,1550,10,3 - 0
2022-06-05,Ghana,Central African Republic,1536,-14,1 - 1
2022-06-10,Ghana,Japan,1530,-6,4 - 1
2022-06-14,Ghana,Chile,1538,8,0 - 0
2022-09-23,Ghana,Brazil,1537,-1,3 - 0
2022-09-27,Ghana,Nicaragua,1540,3,1 - 0
2022-11-17,Ghana,Switzerland,1567,27,2 - 0
2022-11-24,Ghana,Portugal,1563,-4,3 - 2
2022-11-28,Ghana,South Korea,1611,48,3 - 2
2022-12-02,Ghana,Uruguay,1596,-15,2 - 0
2023-03-23,Ghana,Angola,1602,6,1 - 0
2023-03-27,Ghana,Angola,1596,-6,1 - 1
2023-06-18,Ghana,Madagascar,1583,-13,0 - 0
2023-09-07,Ghana,Central African Republic,1587,4,2 - 1
2023-09-12,Ghana,Liberia,1590,3,3 - 1
2023-10-14,Ghana,Mexico,1584,-6,2 - 0
2023-10-17,Ghana,USA,1579,-5,4 - 0
2023-11-17,Ghana,Madagascar,1583,4,1 - 0
2023-11-21,Ghana,Comoros,1551,-32,1 - 0
2024-01-08,Ghana,Namibia,1544,-7,0 - 0
2024-01-14,Ghana,Cabo Verde,1514,-30,2 - 1
2024-01-18,Ghana,Egypt,1525,11,2 - 2
2024-01-22,Ghana,Mozambique,1514,-11,2 - 2
2024-03-22,Ghana,Nigeria,1507,-7,2 - 1
2024-03-26,Ghana,Uganda,1503,-4,2 - 2
2024-06-06,Ghana,Mali,1535,32,1 - 2
2024-06-10,Ghana,Central African Republic,1541,6,4 - 3
2024-09-05,Ghana,Angola,1516,-25,0 - 1
2024-09-09,Ghana,Niger,1502,-14,1 - 1
2024-10-10,Ghana,Sudan,1491,-11,0 - 0
2024-10-15,Ghana,Sudan,1453,-38,2 - 0
2024-11-15,Ghana,Angola,1465,12,1 - 1
2024-11-18,Ghana,Niger,1432,-33,1 - 2
2025-03-21,Ghana,Chad,1441,9,5 - 0
2025-03-24,Ghana,Madagascar,1465,24,3 - 0
2025-05-28,Ghana,Nigeria,1454,-11,2 - 1
2025-05-31,Ghana,Trinidad and Tobago,1479,25,4 - 0
2025-09-04,Ghana,Chad,1467,-11,1 - 1
2025-09-08,Ghana,Mali,1490,23,1 - 0
2025-10-08,Ghana,Central African Republic,1505,15,5 - 0
2025-10-12,Ghana,Comoros,1514,9,1 - 0
2025-11-14,Ghana,Japan,1511,-2,2 - 0
2025-11-18,Ghana,South Korea,1509,-2,1 - 0
2026-03-27,Ghana,Austria,1506,-3,5 - 1
2026-03-30,Ghana,Germany,1505,-1,2 - 1
2026-05-22,Ghana,Mexico,1503,-2,2 - 0
2026-06-02,Ghana,Wales,1510,7,1 - 1
2021-06-04,Gibraltar,Slovenia,1088,-1,6 - 0
2021-06-07,Gibraltar,Andorra,1089,1,0 - 0
2021-09-01,Gibraltar,Latvia,1080,-9,3 - 1
2021-09-04,Gibraltar,Turkey,1077,-3,0 - 3
2021-09-07,Gibraltar,Norway,1076,-1,5 - 1
2021-10-08,Gibraltar,Montenegro,1067,-9,0 - 3
2021-10-11,Gibraltar,Netherlands,1067,0,6 - 0
2021-11-13,Gibraltar,Turkey,1066,-1,6 - 0
2021-11-16,Gibraltar,Latvia,1048,-18,1 - 3
2022-03-23,Gibraltar,Grenada,1048,0,0 - 0
2022-03-26,Gibraltar,Faroe Islands,1051,3,0 - 0
2022-06-02,Gibraltar,Georgia,1049,-2,4 - 0
2022-06-05,Gibraltar,North Macedonia,1046,-3,0 - 2
2022-06-09,Gibraltar,Bulgaria,1061,15,1 - 1
2022-06-12,Gibraltar,North Macedonia,1059,-2,4 - 0
2022-09-23,Gibraltar,Bulgaria,1055,-4,5 - 1
2022-09-26,Gibraltar,Georgia,1053,-2,1 - 2
2022-11-16,Gibraltar,Liechtenstein,1061,8,2 - 0
2022-11-19,Gibraltar,Andorra,1070,9,1 - 0
2023-03-24,Gibraltar,Greece,1068,-2,0 - 3
2023-03-27,Gibraltar,Netherlands,1068,0,3 - 0
2023-06-16,Gibraltar,France,1068,0,3 - 0
2023-06-19,Gibraltar,Republic of Ireland,1067,-1,3 - 0
2023-09-06,Gibraltar,Malta,1064,-3,1 - 0
2023-09-10,Gibraltar,Greece,1063,-1,5 - 0
2023-10-11,Gibraltar,Wales,1062,-1,4 - 0
2023-10-16,Gibraltar,Republic of Ireland,1059,-3,0 - 4
2023-11-18,Gibraltar,France,1059,0,14 - 0
2023-11-21,Gibraltar,Netherlands,1059,0,0 - 6
2024-03-21,Gibraltar,Lithuania,1052,-7,1 - 0
2024-03-26,Gibraltar,Lithuania,1048,-4,1 - 0
2024-06-03,Gibraltar,Scotland,1048,0,2 - 0
2024-06-06,Gibraltar,Wales,1058,10,0 - 0
2024-09-04,Gibraltar,Andorra,1067,9,1 - 0
2024-09-08,Gibraltar,Liechtenstein,1056,-11,2 - 2
2024-10-10,Gibraltar,San Marino,1061,5,1 - 0
2024-10-13,Gibraltar,Liechtenstein,1061,0,0 - 0
2024-11-15,Gibraltar,San Marino,1052,-9,1 - 1
2024-11-19,Gibraltar,Moldova,1057,5,1 - 1
2025-03-22,Gibraltar,Montenegro,1055,-2,3 - 1
2025-03-25,Gibraltar,Czech Republic,1054,-1,4 - 0
2025-06-06,Gibraltar,Croatia,1052,-1,7 - 0
2025-06-09,Gibraltar,Faroe Islands,1047,-5,2 - 1
2025-09-04,Gibraltar,Albania,1045,-1,0 - 1
2025-09-08,Gibraltar,Faroe Islands,1032,-13,0 - 1
2025-10-08,Gibraltar,New Caledonia,1023,-9,0 - 2
2025-10-12,Gibraltar,Croatia,1023,0,3 - 0
2025-11-14,Gibraltar,Montenegro,1018,-5,1 - 2
2025-11-17,Gibraltar,Czech Republic,1017,-1,6 - 0
2026-03-26,Gibraltar,Latvia,1006,-11,0 - 1
2026-03-31,Gibraltar,Latvia,1002,-4,1 - 0
2026-06-03,Gibraltar,British Virgin Islands,1006,4,4 - 0
2026-06-06,Gibraltar,Cayman Islands,1011,5,4 - 1
2021-06-03,Greece,Belgium,1648,9,1 - 1
2021-06-06,Greece,Norway,1661,13,2 - 1
2021-09-01,Greece,Switzerland,1659,-2,2 - 1
2021-09-05,Greece,Kosovo,1656,-3,1 - 1
2021-09-08,Greece,Sweden,1683,27,2 - 1
2021-10-09,Greece,Georgia,1705,22,0 - 2
2021-10-12,Greece,Sweden,1694,-11,2 - 0
2021-11-11,Greece,Spain,1686,-8,0 - 1
2021-11-14,Greece,Kosovo,1671,-15,1 - 1
2022-03-25,Greece,Romania,1684,13,0 - 1
2022-03-28,Greece,Montenegro,1672,-12,1 - 0
2022-06-02,Greece,Northern Ireland,1694,22,0 - 1
2022-06-05,Greece,Kosovo,1710,16,0 - 1
2022-06-09,Greece,Cyprus,1714,4,3 - 0
2022-06-12,Greece,Kosovo,1724,10,2 - 0
2022-09-24,Greece,Cyprus,1690,-34,1 - 0
2022-09-27,Greece,Northern Ireland,1702,12,3 - 1
2022-11-17,Greece,Malta,1694,-8,2 - 2
2022-11-20,Greece,Hungary,1690,-4,2 - 1
2023-03-24,Greece,Gibraltar,1692,2,0 - 3
2023-03-27,Greece,Lithuania,1683,-9,0 - 0
2023-06-16,Greece,Republic of Ireland,1697,14,2 - 1
2023-06-19,Greece,France,1695,-2,1 - 0
2023-09-07,Greece,Netherlands,1687,-8,3 - 0
2023-09-10,Greece,Gibraltar,1688,1,5 - 0
2023-10-13,Greece,Republic of Ireland,1723,35,0 - 2
2023-10-16,Greece,Netherlands,1710,-13,0 - 1
2023-11-17,Greece,New Zealand,1715,5,2 - 0
2023-11-21,Greece,France,1729,14,2 - 2
2024-03-21,Greece,Kazakhstan,1739,10,5 - 0
2024-03-26,Greece,Georgia,1740,1,0 - 0
2024-06-07,Greece,Germany,1737,-3,2 - 1
2024-06-11,Greece,Malta,1739,2,2 - 0
2024-09-07,Greece,Finland,1755,16,3 - 0
2024-09-10,Greece,Republic of Ireland,1781,26,0 - 2
2024-10-10,Greece,England,1815,34,1 - 2
2024-10-13,Greece,Republic of Ireland,1824,9,2 - 0
2024-11-14,Greece,England,1794,-30,0 - 3
2024-11-17,Greece,Finland,1813,19,0 - 2
2025-03-20,Greece,Scotland,1785,-28,0 - 1
2025-03-23,Greece,Scotland,1830,45,0 - 3
2025-06-07,Greece,Slovakia,1836,7,4 - 1
2025-06-10,Greece,Bulgaria,1838,2,4 - 0
2025-09-05,Greece,Belarus,1843,5,5 - 1
2025-09-08,Greece,Denmark,1799,-44,0 - 3
2025-10-09,Greece,Scotland,1773,-26,3 - 1
2025-10-12,Greece,Denmark,1760,-13,3 - 1
2025-11-15,Greece,Scotland,1775,15,3 - 2
2025-11-18,Greece,Belarus,1761,-14,0 - 0
2026-03-27,Greece,Paraguay,1750,-11,0 - 1
2026-03-31,Greece,Hungary,1752,2,0 - 0
2026-06-04,Greece,Sweden,1754,2,2 - 2
2026-06-07,Greece,Italy,1744,-10,0 - 1
2023-07-11,Greenland,Bermuda,953,-10,3 - 2
2024-06-01,Greenland,Turkmenistan,946,-7,5 - 0
2021-06-04,Grenada,Antigua and Barbuda,1191,-17,1 - 0
2021-06-08,Grenada,Montserrat,1155,-36,1 - 2
2021-07-13,Grenada,Honduras,1148,-7,4 - 0
2021-07-17,Grenada,Qatar,1143,-5,4 - 0
2021-07-20,Grenada,Panama,1136,-7,3 - 1
2022-03-23,Grenada,Gibraltar,1136,0,0 - 0
2022-03-28,Grenada,Andorra,1127,-9,1 - 0
2022-06-04,Grenada,El Salvador,1123,-4,3 - 1
2022-06-07,Grenada,El Salvador,1136,13,2 - 2
2022-06-10,Grenada,USA,1135,-1,5 - 0
2022-09-24,Grenada,St Vincent,1113,-22,1 - 3
2022-10-01,Grenada,St Vincent,1136,23,1 - 5
2023-02-22,Grenada,Barbados,1130,-6,1 - 1
2023-02-24,Grenada,Barbados,1124,-6,2 - 2
2023-02-26,Grenada,Barbados,1119,-5,2 - 2
2023-03-03,Grenada,St Lucia,1104,-15,1 - 2
2023-03-05,Grenada,St Lucia,1113,9,2 - 0
2023-03-24,Grenada,USA,1110,-3,1 - 7
2023-06-17,Grenada,Guyana,1115,5,1 - 1
2023-09-08,Grenada,Suriname,1120,5,1 - 1
2023-09-12,Grenada,Honduras,1115,-5,4 - 0
2023-10-12,Grenada,Jamaica,1108,-7,1 - 4
2023-10-15,Grenada,Suriname,1096,-12,4 - 0
2024-05-26,Grenada,St Vincent,1072,-24,0 - 3
2024-06-05,Grenada,Trinidad and Tobago,1089,17,2 - 2
2024-06-09,Grenada,Costa Rica,1083,-6,0 - 3
2024-09-06,Grenada,St Martin,1095,12,2 - 0
2024-09-09,Grenada,St Lucia,1071,-24,1 - 2
2024-10-11,Grenada,Curaçao,1084,13,0 - 0
2024-10-14,Grenada,Curaçao,1076,-8,1 - 0
2024-11-15,Grenada,St Lucia,1114,38,4 - 0
2024-11-18,Grenada,St Martin,1065,-49,3 - 0
2025-03-06,Grenada,St Vincent,1069,4,1 - 1
2025-03-09,Grenada,St Vincent,1073,4,1 - 1
2025-03-19,Grenada,Russia,1073,0,5 - 0
2025-05-31,Grenada,Anguilla,1074,1,2 - 0
2025-06-04,Grenada,Bahamas,1082,8,6 - 0
2025-06-10,Grenada,St Kitts and Nevis,1106,24,2 - 3
2025-10-08,Grenada,British Virgin Islands,1107,1,4 - 1
2025-10-11,Grenada,Cuba,1121,14,2 - 0
2025-11-14,Grenada,United States Virgin Islands,1122,1,4 - 1
2026-01-18,Grenada,Jamaica,1119,-3,0 - 1
2026-03-27,Grenada,Rwanda,1110,-9,4 - 0
2026-03-30,Grenada,Kenya,1099,-11,3 - 0
2026-05-16,Grenada,Republic of Ireland,1098,-1,5 - 0
2021-06-23,Guadeloupe,Martinique,1226,17,1 - 2
2021-07-03,Guadeloupe,Bahamas,1233,7,2 - 0
2021-07-06,Guadeloupe,Guatemala,1246,13,1 - 1
2021-07-12,Guadeloupe,Costa Rica,1239,-7,3 - 1
2021-07-16,Guadeloupe,Jamaica,1233,-6,2 - 1
2021-07-20,Guadeloupe,Suriname,1214,-19,2 - 1
2022-03-23,Guadeloupe,Cabo Verde,1208,-6,2 - 0
2022-03-26,Guadeloupe,Martinique,1203,-5,4 - 3
2022-06-02,Guadeloupe,Cuba,1222,19,2 - 1
2022-06-05,Guadeloupe,Antigua and Barbuda,1199,-23,1 - 0
2022-06-09,Guadeloupe,Barbados,1210,11,0 - 1
2022-06-12,Guadeloupe,Barbados,1216,6,2 - 1
2023-03-23,Guadeloupe,Antigua and Barbuda,1188,-28,0 - 1
2023-03-26,Guadeloupe,Cuba,1180,-8,1 - 0
2023-06-16,Guadeloupe,Antigua and Barbuda,1218,38,5 - 0
2023-06-20,Guadeloupe,Guyana,1246,28,2 - 0
2023-06-27,Guadeloupe,Canada,1269,23,2 - 2
2023-07-01,Guadeloupe,Cuba,1320,51,4 - 1
2023-07-04,Guadeloupe,Guatemala,1307,-13,3 - 2
2023-09-07,Guadeloupe,St Kitts and Nevis,1325,18,1 - 2
2023-09-10,Guadeloupe,Sint Maarten,1327,2,4 - 0
2023-10-12,Guadeloupe,St Lucia,1301,-26,2 - 1
2023-10-15,Guadeloupe,St Lucia,1312,11,2 - 0
2023-11-16,Guadeloupe,Sint Maarten,1316,4,2 - 0
2023-11-19,Guadeloupe,St Kitts and Nevis,1327,11,5 - 0
2024-09-05,Guadeloupe,Costa Rica,1322,-5,3 - 0
2024-09-09,Guadeloupe,Suriname,1338,16,1 - 0
2024-10-11,Guadeloupe,Martinique,1316,-22,0 - 1
2024-10-15,Guadeloupe,Martinique,1327,11,0 - 0
2024-11-15,Guadeloupe,Cayman Islands,1335,8,0 - 6
2024-11-19,Guadeloupe,Cayman Islands,1336,1,1 - 0
2025-03-21,Guadeloupe,Nicaragua,1352,16,1 - 0
2025-03-25,Guadeloupe,Nicaragua,1377,25,0 - 1
2025-06-16,Guadeloupe,Panama,1366,-10,5 - 2
2025-06-20,Guadeloupe,Jamaica,1353,-13,2 - 1
2025-06-24,Guadeloupe,Guatemala,1338,-15,3 - 2
2021-06-07,Guam,Syria,732,-1,3 - 0
2021-06-11,Guam,Philippines,726,-6,3 - 0
2021-10-09,Guam,Cambodia,712,-14,1 - 0
2021-10-12,Guam,Cambodia,700,-12,2 - 1
2022-02-19,Guam,Northern Mariana Islands,703,3,2 - 0
2022-02-22,Guam,Northern Mariana Islands,705,2,3 - 2
2023-10-12,Guam,Singapore,703,-2,2 - 1
2023-10-17,Guam,Singapore,698,-5,0 - 1
2024-04-06,Guam,Northern Mariana Islands,694,-4,2 - 2
2024-04-07,Guam,Northern Mariana Islands,680,-14,2 - 1
2024-12-14,Guam,Macau,696,16,2 - 1
2024-12-17,Guam,Hong Kong,692,-4,5 - 0
2024-12-21,Guam,Northern Mariana Islands,698,6,1 - 2
2024-12-22,Guam,Northern Mariana Islands,712,14,0 - 8
2026-03-25,Guam,Puerto Rico,711,-3,4 - 0
2026-03-28,Guam,American Samoa,719,8,6 - 0
2026-06-03,Guam,Philippines,717,-2,5 - 1
2026-06-06,Guam,Myanmar,706,-11,6 - 1
2021-06-04,Guatemala,St Vincent,1502,8,10 - 0
2021-06-08,Guatemala,Curaçao,1504,2,0 - 0
2021-06-26,Guatemala,El Salvador,1504,0,0 - 0
2021-07-03,Guatemala,Guyana,1513,9,4 - 0
2021-07-06,Guatemala,Guadeloupe,1500,-13,1 - 1
2021-07-11,Guatemala,El Salvador,1462,-38,2 - 0
2021-07-14,Guatemala,Mexico,1454,-8,3 - 0
2021-07-18,Guatemala,Trinidad and Tobago,1447,-7,1 - 1
2021-09-08,Guatemala,Nicaragua,1440,-7,2 - 2
2021-09-24,Guatemala,El Salvador,1459,19,2 - 0
2022-03-24,Guatemala,Cuba,1462,3,1 - 0
2022-03-27,Guatemala,Haiti,1474,12,2 - 1
2022-04-24,Guatemala,El Salvador,1494,20,4 - 0
2022-04-27,Guatemala,Mexico,1502,8,0 - 0
2022-06-02,Guatemala,French Guiana,1461,-41,2 - 0
2022-06-05,Guatemala,Belize,1464,3,2 - 0
2022-06-10,Guatemala,Dominican Republic,1455,-9,1 - 1
2022-06-13,Guatemala,Dominican Republic,1462,7,2 - 0
2022-09-24,Guatemala,Colombia,1459,-3,4 - 1
2022-09-27,Guatemala,Honduras,1449,-10,2 - 1
2022-10-23,Guatemala,Qatar,1442,-7,2 - 0
2022-11-19,Guatemala,Nicaragua,1450,8,3 - 1
2023-03-12,Guatemala,Panama,1455,5,1 - 1
2023-03-24,Guatemala,Belize,1462,7,1 - 2
2023-03-27,Guatemala,French Guiana,1477,15,4 - 0
2023-06-07,Guatemala,Mexico,1475,-2,2 - 0
2023-06-11,Guatemala,Trinidad and Tobago,1462,-13,1 - 0
2023-06-15,Guatemala,Costa Rica,1478,16,1 - 0
2023-06-18,Guatemala,Venezuela,1474,-4,1 - 0
2023-06-27,Guatemala,Cuba,1490,16,1 - 0
2023-07-01,Guatemala,Canada,1504,14,0 - 0
2023-07-04,Guatemala,Guadeloupe,1517,13,3 - 2
2023-07-09,Guatemala,Jamaica,1497,-20,1 - 0
2023-09-03,Guatemala,Honduras,1497,0,0 - 0
2023-09-07,Guatemala,El Salvador,1517,20,2 - 0
2023-09-10,Guatemala,Panama,1522,5,1 - 1
2023-10-13,Guatemala,Trinidad and Tobago,1502,-20,3 - 2
2023-10-17,Guatemala,Panama,1492,-10,3 - 0
2023-11-11,Guatemala,Jamaica,1495,3,0 - 0
2024-01-13,Guatemala,Iceland,1485,-10,1 - 0
2024-03-21,Guatemala,Ecuador,1482,-3,2 - 0
2024-03-24,Guatemala,Venezuela,1488,6,0 - 0
2024-05-26,Guatemala,Nicaragua,1483,-5,1 - 1
2024-06-05,Guatemala,Dominica,1486,3,6 - 0
2024-06-08,Guatemala,British Virgin Islands,1487,1,0 - 3
2024-06-14,Guatemala,Argentina,1486,-1,4 - 1
2024-07-27,Guatemala,El Salvador,1473,-13,1 - 0
2024-09-01,Guatemala,Uruguay,1482,9,1 - 1
2024-09-05,Guatemala,Martinique,1500,18,3 - 1
2024-09-09,Guatemala,Costa Rica,1504,4,0 - 0
2024-10-11,Guatemala,Guyana,1522,18,1 - 3
2024-10-15,Guatemala,Costa Rica,1507,-15,3 - 0
2025-03-16,Guatemala,Honduras,1519,12,2 - 1
2025-03-21,Guatemala,Guyana,1486,-33,3 - 2
2025-03-25,Guatemala,Guyana,1495,9,2 - 0
2025-05-31,Guatemala,El Salvador,1492,-3,1 - 1
2025-06-06,Guatemala,Dominican Republic,1500,9,4 - 2
2025-06-10,Guatemala,Jamaica,1481,-19,3 - 0
2025-06-16,Guatemala,Jamaica,1513,32,1 - 0
2025-06-20,Guatemala,Panama,1502,-11,1 - 0
2025-06-24,Guatemala,Guadeloupe,1517,15,3 - 2
2025-06-29,Guatemala,Canada,1533,16,1 - 1
2025-07-02,Guatemala,USA,1525,-8,2 - 1
2025-09-04,Guatemala,El Salvador,1492,-33,0 - 1
2025-09-08,Guatemala,Panama,1507,15,1 - 1
2025-10-10,Guatemala,Suriname,1508,1,1 - 1
2025-10-14,Guatemala,El Salvador,1525,17,0 - 1
2025-11-13,Guatemala,Panama,1510,-15,2 - 3
2025-11-18,Guatemala,Suriname,1528,18,3 - 1
2026-01-17,Guatemala,Canada,1526,-3,1 - 0
2026-03-27,Guatemala,Algeria,1515,-11,7 - 0
2026-06-04,Guatemala,Czech Republic,1508,-7,3 - 1
2026-06-07,Guatemala,Ecuador,1505,-3,3 - 0
2021-06-05,Guinea,Togo,1425,-22,2 - 0
2021-06-08,Guinea,Kosovo,1437,12,2 - 1
2021-06-11,Guinea,Niger,1442,5,2 - 1
2021-09-01,Guinea,Guinea,1437,-5,1 - 1
2021-10-06,Guinea,Sudan,1432,-5,1 - 1
2021-10-09,Guinea,Sudan,1428,-4,2 - 2
2021-10-12,Guinea,Morocco,1421,-7,4 - 1
2021-11-12,Guinea,Guinea-Bissau,1414,-7,0 - 0
2021-11-16,Guinea,Morocco,1408,-6,3 - 0
2022-01-03,Guinea,Rwanda,1388,-20,3 - 0
2022-01-06,Guinea,Rwanda,1403,15,0 - 2
2022-01-10,Guinea,Malawi,1420,17,1 - 0
2022-01-14,Guinea,Senegal,1437,17,0 - 0
2022-01-18,Guinea,Zimbabwe,1402,-35,2 - 1
2022-01-24,Guinea,Gambia,1379,-23,1 - 0
2022-03-25,Guinea,South Africa,1384,5,0 - 0
2022-06-05,Guinea,Egypt,1381,-3,1 - 0
2022-06-09,Guinea,Malawi,1393,12,1 - 0
2022-09-23,Guinea,Algeria,1391,-2,1 - 0
2022-09-27,Guinea,Côte d'Ivoire,1386,-5,3 - 1
2023-03-24,Guinea,Ethiopia,1414,28,2 - 0
2023-03-27,Guinea,Ethiopia,1429,15,3 - 2
2023-06-14,Guinea,Egypt,1421,-8,2 - 1
2023-06-17,Guinea,Brazil,1420,-1,4 - 1
2023-09-09,Guinea,Malawi,1421,1,2 - 2
2023-10-13,Guinea,Guinea-Bissau,1431,10,1 - 0
2023-10-17,Guinea,Gabon,1431,0,1 - 1
2023-11-17,Guinea,Uganda,1448,17,2 - 1
2023-11-21,Guinea,Botswana,1427,-21,1 - 0
2024-01-08,Guinea,Nigeria,1449,22,2 - 0
2024-01-15,Guinea,Cameroon,1460,11,1 - 1
2024-01-19,Guinea,Gambia,1480,20,1 - 0
2024-01-23,Guinea,Senegal,1468,-12,2 - 0
2024-01-28,Guinea,Equatorial Guinea,1502,34,1 - 0
2024-02-02,Guinea,DR Congo,1465,-37,3 - 1
2024-03-21,Guinea,Vanuatu,1471,6,6 - 0
2024-03-25,Guinea,Bermuda,1479,8,5 - 1
2024-06-06,Guinea,Algeria,1513,34,1 - 2
2024-06-10,Guinea,Mozambique,1485,-28,1 - 0
2024-09-06,Guinea,DR Congo,1474,-11,1 - 0
2024-09-10,Guinea,Tanzania,1448,-26,1 - 2
2024-10-12,Guinea,Ethiopia,1469,21,4 - 1
2024-10-15,Guinea,Ethiopia,1487,18,3 - 0
2024-11-16,Guinea,DR Congo,1514,27,1 - 0
2024-11-19,Guinea,Tanzania,1492,-22,1 - 0
2025-03-21,Guinea,Somalia,1473,-19,0 - 0
2025-03-25,Guinea,Uganda,1453,-20,1 - 0
2025-09-05,Guinea,Somalia,1454,3,3 - 0
2025-09-08,Guinea,Algeria,1467,13,0 - 0
2025-10-09,Guinea,Mozambique,1490,23,1 - 2
2025-10-14,Guinea,Botswana,1479,-10,2 - 2
2025-11-15,Guinea,Liberia,1487,8,2 - 0
2025-11-18,Guinea,Niger,1485,-2,1 - 1
2026-03-27,Guinea,Togo,1481,-4,2 - 2
2026-03-31,Guinea,Benin,1469,-12,1 - 0
2026-06-04,Guinea,Northern Ireland,1463,-6,1 - 0
2021-09-01,Guinea-Bissau,Guinea,1359,5,1 - 1
2021-09-07,Guinea-Bissau,Sudan,1400,41,2 - 4
2021-10-06,Guinea-Bissau,Morocco,1392,-8,5 - 0
2021-10-09,Guinea-Bissau,Morocco,1386,-6,3 - 0
2021-11-12,Guinea-Bissau,Guinea-Bissau,1393,7,0 - 0
2021-11-15,Guinea-Bissau,Sudan,1391,-2,0 - 0
2022-01-11,Guinea-Bissau,Sudan,1385,-6,0 - 0
2022-01-15,Guinea-Bissau,Egypt,1375,-10,1 - 0
2022-01-19,Guinea-Bissau,Nigeria,1364,-11,2 - 0
2022-03-23,Guinea-Bissau,Equatorial Guinea,1398,34,3 - 0
2022-03-26,Guinea-Bissau,Angola,1381,-17,3 - 2
2022-06-09,Guinea-Bissau,São Tomé and Príncipe,1393,12,5 - 1
2022-06-13,Guinea-Bissau,Sierra Leone,1391,-2,2 - 2
2022-09-24,Guinea-Bissau,Martinique,1394,3,1 - 1
2022-11-17,Guinea-Bissau,Gabon,1382,-12,3 - 1
2022-11-20,Guinea-Bissau,Gambia,1383,1,0 - 0
2023-03-24,Guinea-Bissau,Nigeria,1418,35,0 - 1
2023-03-27,Guinea-Bissau,Nigeria,1402,-16,0 - 1
2023-06-14,Guinea-Bissau,São Tomé and Príncipe,1405,3,1 - 0
2023-09-11,Guinea-Bissau,Sierra Leone,1416,11,2 - 1
2023-10-13,Guinea-Bissau,Guinea-Bissau,1406,-10,1 - 0
2023-11-17,Guinea-Bissau,Burkina Faso,1414,8,1 - 1
2023-11-20,Guinea-Bissau,Djibouti,1416,2,1 - 0
2024-01-06,Guinea-Bissau,Mali,1410,-6,6 - 2
2024-01-13,Guinea-Bissau,Côte d'Ivoire,1401,-9,2 - 0
2024-01-18,Guinea-Bissau,Equatorial Guinea,1375,-26,4 - 2
2024-01-22,Guinea-Bissau,Nigeria,1364,-11,1 - 0
2024-03-22,Guinea-Bissau,Sudan,1353,-11,1 - 0
2024-03-25,Guinea-Bissau,Sudan,1362,9,2 - 1
2024-06-06,Guinea-Bissau,Ethiopia,1353,-9,0 - 0
2024-06-10,Guinea-Bissau,Egypt,1363,10,1 - 1
2024-09-05,Guinea-Bissau,Eswatini,1371,8,1 - 0
2024-09-10,Guinea-Bissau,Mozambique,1360,-11,2 - 1
2024-10-11,Guinea-Bissau,Mali,1355,-5,1 - 0
2024-10-15,Guinea-Bissau,Mali,1363,8,0 - 0
2024-11-15,Guinea-Bissau,Eswatini,1355,-8,1 - 1
2024-11-19,Guinea-Bissau,Mozambique,1333,-22,1 - 2
2025-03-20,Guinea-Bissau,Sierra Leone,1300,-33,3 - 1
2025-03-24,Guinea-Bissau,Burkina Faso,1285,-15,1 - 2
2025-06-06,Guinea-Bissau,Burundi,1274,-10,1 - 0
2025-06-09,Guinea-Bissau,Gabon,1266,-8,2 - 0
2025-09-04,Guinea-Bissau,Sierra Leone,1263,-2,1 - 1
2025-09-08,Guinea-Bissau,Djibouti,1268,5,2 - 0
2025-10-08,Guinea-Bissau,Ethiopia,1247,-21,1 - 0
2025-10-12,Guinea-Bissau,Egypt,1245,-2,1 - 0
2026-03-28,Guinea-Bissau,Burkina Faso,1240,-4,5 - 0
2026-03-31,Guinea-Bissau,Burkina Faso,1248,8,1 - 1
2021-06-04,Guyana,St Kitts and Nevis,1183,-24,3 - 0
2021-06-08,Guyana,Puerto Rico,1139,-44,2 - 0
2021-06-28,Guyana,Bermuda,1152,13,1 - 0
2021-07-03,Guyana,Guatemala,1143,-9,4 - 0
2022-01-30,Guyana,Barbados,1140,-3,0 - 0
2022-02-01,Guyana,Suriname,1135,-5,2 - 1
2022-03-27,Guyana,Barbados,1159,24,5 - 0
2022-03-29,Guyana,Trinidad and Tobago,1170,11,1 - 1
2022-04-16,Guyana,French Guiana,1165,-5,2 - 1
2022-04-18,Guyana,French Guiana,1180,15,1 - 2
2022-05-28,Guyana,St Lucia,1186,6,3 - 2
2022-06-04,Guyana,Montserrat,1194,8,2 - 1
2022-06-07,Guyana,Bermuda,1212,18,2 - 1
2022-06-11,Guyana,Haiti,1194,-18,2 - 6
2022-06-14,Guyana,Haiti,1183,-11,6 - 0
2023-03-25,Guyana,Bermuda,1223,40,0 - 2
2023-03-28,Guyana,Montserrat,1210,-13,0 - 0
2023-06-10,Guyana,Martinique,1202,-8,2 - 0
2023-06-17,Guyana,Grenada,1197,-5,1 - 1
2023-06-20,Guyana,Guadeloupe,1169,-28,2 - 0
2023-09-09,Guyana,Antigua and Barbuda,1204,44,1 - 5
2023-09-12,Guyana,Bahamas,1207,3,3 - 2
2023-10-14,Guyana,Puerto Rico,1234,27,3 - 1
2023-10-17,Guyana,Puerto Rico,1256,22,3 - 1
2023-11-21,Guyana,Antigua and Barbuda,1274,18,6 - 0
2024-03-21,Guyana,Cabo Verde,1269,-5,1 - 0
2024-03-26,Guyana,Cambodia,1273,4,4 - 1
2024-05-13,Guyana,Trinidad and Tobago,1269,-4,2 - 1
2024-05-15,Guyana,Trinidad and Tobago,1263,-6,2 - 0
2024-06-06,Guyana,Panama,1260,-3,2 - 0
2024-06-11,Guyana,Belize,1274,14,3 - 1
2024-09-05,Guyana,Suriname,1239,-35,1 - 3
2024-09-09,Guyana,Martinique,1252,13,2 - 2
2024-10-11,Guyana,Guatemala,1234,-18,1 - 3
2024-10-15,Guyana,Suriname,1217,-17,5 - 1
2024-11-15,Guyana,Barbados,1239,22,1 - 4
2024-11-19,Guyana,Barbados,1245,6,5 - 3
2025-03-21,Guyana,Guatemala,1278,33,3 - 2
2025-03-25,Guyana,Guatemala,1269,-9,2 - 0
2025-06-06,Guyana,Nicaragua,1256,-12,1 - 0
2025-06-10,Guyana,Montserrat,1263,7,3 - 0
2025-11-15,Guyana,Bonaire,1265,2,2 - 1
2025-11-18,Guyana,Antigua and Barbuda,1275,10,1 - 4
2026-03-27,Guyana,Dominica,1281,6,2 - 0
2026-03-30,Guyana,Belize,1292,11,3 - 1
2021-06-05,Haiti,Turks and Caicos Islands,1562,2,0 - 10
2021-06-08,Haiti,Nicaragua,1565,3,1 - 0
2021-06-12,Haiti,Canada,1543,-22,0 - 1
2021-06-15,Haiti,Canada,1518,-25,3 - 0
2021-07-02,Haiti,St Vincent,1526,8,6 - 1
2021-07-06,Haiti,Bermuda,1538,12,4 - 1
2021-07-11,Haiti,USA,1532,-6,1 - 0
2021-07-15,Haiti,Canada,1507,-25,4 - 1
2021-07-18,Haiti,Martinique,1525,18,2 - 1
2021-09-01,Haiti,Bahrain,1506,-19,6 - 1
2021-09-04,Haiti,Jordan,1526,20,2 - 0
2022-03-27,Haiti,Guatemala,1514,-12,2 - 1
2022-06-04,Haiti,Bermuda,1505,-9,0 - 0
2022-06-07,Haiti,Montserrat,1506,1,3 - 2
2022-06-11,Haiti,Guyana,1524,18,2 - 6
2022-06-14,Haiti,Guyana,1535,11,6 - 0
2023-03-25,Haiti,Montserrat,1540,5,0 - 4
2023-03-28,Haiti,Bermuda,1546,6,3 - 1
2023-06-13,Haiti,St Kitts and Nevis,1549,3,3 - 1
2023-06-20,Haiti,Trinidad and Tobago,1544,-5,0 - 0
2023-06-25,Haiti,Qatar,1569,25,2 - 1
2023-06-29,Haiti,Mexico,1554,-15,3 - 1
2023-07-02,Haiti,Honduras,1522,-32,2 - 1
2023-09-08,Haiti,Cuba,1510,-12,0 - 0
2023-09-12,Haiti,Jamaica,1520,10,2 - 2
2023-10-12,Haiti,Suriname,1513,-7,1 - 1
2023-10-15,Haiti,Jamaica,1497,-16,3 - 2
2024-03-23,Haiti,French Guiana,1494,-3,1 - 1
2024-06-06,Haiti,St Lucia,1498,4,2 - 1
2024-06-09,Haiti,Barbados,1502,4,1 - 3
2024-09-06,Haiti,Puerto Rico,1515,13,1 - 4
2024-09-09,Haiti,Sint Maarten,1517,2,6 - 0
2024-10-11,Haiti,Aruba,1521,4,1 - 3
2024-10-14,Haiti,Aruba,1525,4,3 - 5
2024-11-15,Haiti,Sint Maarten,1528,3,8 - 0
2024-11-18,Haiti,Puerto Rico,1539,11,0 - 3
2025-03-22,Haiti,Azerbaijan,1554,15,0 - 3
2025-06-07,Haiti,Aruba,1558,4,0 - 5
2025-06-10,Haiti,Curaçao,1499,-59,5 - 1
2025-06-15,Haiti,Saudi Arabia,1480,-19,1 - 0
2025-06-19,Haiti,Trinidad and Tobago,1473,-7,1 - 1
2025-06-22,Haiti,USA,1467,-6,2 - 1
2025-09-05,Haiti,Honduras,1474,7,0 - 0
2025-09-09,Haiti,Costa Rica,1488,14,3 - 3
2025-10-09,Haiti,Nicaragua,1517,29,0 - 3
2025-10-13,Haiti,Honduras,1498,-19,3 - 0
2025-11-13,Haiti,Costa Rica,1527,29,1 - 0
2025-11-18,Haiti,Nicaragua,1542,15,2 - 0
2026-03-28,Haiti,Tunisia,1530,-12,1 - 0
2026-03-31,Haiti,Iceland,1532,2,1 - 1
2026-06-02,Haiti,New Zealand,1554,22,4 - 0
2026-06-05,Haiti,Peru,1548,-6,2 - 1
2021-06-03,Honduras,USA,1597,-7,1 - 0
2021-06-06,Honduras,Costa Rica,1599,2,2 - 2
2021-06-12,Honduras,Mexico,1606,7,0 - 0
2021-07-13,Honduras,Grenada,1613,7,4 - 0
2021-07-17,Honduras,Panama,1634,21,3 - 2
2021-07-20,Honduras,Qatar,1599,-35,2 - 0
2021-07-24,Honduras,Mexico,1585,-14,3 - 0
2021-09-02,Honduras,Canada,1597,12,1 - 1
2021-09-05,Honduras,El Salvador,1600,3,0 - 0
2021-09-08,Honduras,USA,1578,-22,1 - 4
2021-10-07,Honduras,Costa Rica,1574,-4,0 - 0
2021-10-10,Honduras,Mexico,1568,-6,3 - 0
2021-10-13,Honduras,Jamaica,1527,-41,0 - 2
2021-11-12,Honduras,Panama,1505,-22,2 - 3
2021-11-16,Honduras,Costa Rica,1496,-9,2 - 1
2022-01-16,Honduras,Colombia,1494,-2,2 - 1
2022-01-27,Honduras,Canada,1479,-15,0 - 2
2022-01-30,Honduras,El Salvador,1442,-37,0 - 2
2022-02-02,Honduras,USA,1438,-4,3 - 0
2022-03-24,Honduras,Panama,1452,14,1 - 1
2022-03-27,Honduras,Mexico,1446,-6,0 - 1
2022-03-30,Honduras,Jamaica,1435,-11,2 - 1
2022-06-03,Honduras,Curaçao,1459,24,0 - 1
2022-06-06,Honduras,Curaçao,1430,-29,1 - 2
2022-06-13,Honduras,Canada,1463,33,2 - 1
2022-09-23,Honduras,Argentina,1462,-1,3 - 0
2022-09-27,Honduras,Guatemala,1472,10,2 - 1
2022-10-27,Honduras,Qatar,1467,-5,1 - 0
2022-10-30,Honduras,Saudi Arabia,1472,5,0 - 0
2023-03-22,Honduras,El Salvador,1482,10,1 - 0
2023-03-28,Honduras,Canada,1473,-9,4 - 1
2023-06-15,Honduras,Venezuela,1469,-4,1 - 0
2023-06-25,Honduras,Mexico,1456,-13,4 - 0
2023-06-29,Honduras,Qatar,1461,5,1 - 1
2023-07-02,Honduras,Haiti,1493,32,2 - 1
2023-09-03,Honduras,Guatemala,1493,0,0 - 0
2023-09-08,Honduras,Jamaica,1483,-10,1 - 0
2023-09-12,Honduras,Grenada,1488,5,4 - 0
2023-10-12,Honduras,Cuba,1478,-10,0 - 0
2023-10-15,Honduras,Cuba,1491,13,4 - 0
2023-11-17,Honduras,Mexico,1539,48,2 - 0
2023-11-21,Honduras,Mexico,1532,-7,2 - 0
2024-01-17,Honduras,Iceland,1515,-17,2 - 0
2024-03-23,Honduras,Costa Rica,1491,-24,3 - 1
2024-03-26,Honduras,El Salvador,1488,-3,1 - 1
2024-06-06,Honduras,Cuba,1498,10,3 - 1
2024-06-09,Honduras,Bermuda,1513,15,1 - 6
2024-06-16,Honduras,Ecuador,1511,-2,2 - 1
2024-09-06,Honduras,Trinidad and Tobago,1529,18,4 - 0
2024-09-10,Honduras,Jamaica,1506,-23,1 - 2
2024-10-10,Honduras,French Guiana,1519,13,2 - 3
2024-10-14,Honduras,Jamaica,1529,10,0 - 0
2024-11-15,Honduras,Mexico,1573,44,2 - 0
2024-11-19,Honduras,Mexico,1561,-12,4 - 0
2025-03-16,Honduras,Guatemala,1549,-12,2 - 1
2025-03-21,Honduras,Bermuda,1558,9,3 - 5
2025-03-25,Honduras,Bermuda,1561,3,2 - 0
2025-06-07,Honduras,Cayman Islands,1561,1,0 - 1
2025-06-10,Honduras,Antigua and Barbuda,1562,1,2 - 0
2025-06-17,Honduras,Canada,1548,-14,6 - 0
2025-06-21,Honduras,El Salvador,1570,22,2 - 0
2025-06-24,Honduras,Curaçao,1584,14,2 - 1
2025-06-28,Honduras,Panama,1596,12,1 - 1
2025-07-02,Honduras,Mexico,1585,-10,1 - 0
2025-09-05,Honduras,Haiti,1578,-7,0 - 0
2025-09-09,Honduras,Nicaragua,1585,7,2 - 0
2025-10-09,Honduras,Costa Rica,1584,-1,0 - 0
2025-10-13,Honduras,Haiti,1603,19,3 - 0
2025-11-13,Honduras,Nicaragua,1557,-46,2 - 0
2025-11-18,Honduras,Costa Rica,1567,10,0 - 0
2026-03-31,Honduras,Peru,1571,4,2 - 2
2026-06-06,Honduras,Argentina,1570,-1,2 - 0
2021-06-03,Hong Kong,Iran,1168,-2,3 - 1
2021-06-11,Hong Kong,Iraq,1165,-3,1 - 0
2021-06-15,Hong Kong,Bahrain,1160,-5,4 - 0
2022-05-24,Hong Kong,Myanmar,1155,-5,0 - 0
2022-06-01,Hong Kong,Malaysia,1144,-11,2 - 0
2022-06-08,Hong Kong,Afghanistan,1164,20,2 - 1
2022-06-11,Hong Kong,Cambodia,1174,10,3 - 0
2022-06-14,Hong Kong,India,1150,-24,4 - 0
2022-07-19,Hong Kong,Japan,1149,-1,6 - 0
2022-07-24,Hong Kong,South Korea,1148,-1,3 - 0
2022-07-27,Hong Kong,China,1142,-6,1 - 0
2022-09-21,Hong Kong,Myanmar,1146,4,2 - 0
2022-09-24,Hong Kong,Myanmar,1139,-7,0 - 0
2023-03-23,Hong Kong,Singapore,1136,-3,1 - 1
2023-03-28,Hong Kong,Malaysia,1129,-7,2 - 0
2023-06-15,Hong Kong,Vietnam,1127,-2,1 - 0
2023-06-19,Hong Kong,Thailand,1121,-6,0 - 1
2023-09-07,Hong Kong,Cambodia,1117,-4,1 - 1
2023-09-11,Hong Kong,Brunei,1118,1,10 - 0
2023-10-12,Hong Kong,Bhutan,1120,2,4 - 0
2023-10-17,Hong Kong,Bhutan,1064,-56,2 - 0
2023-11-16,Hong Kong,Iran,1063,-1,4 - 0
2023-11-21,Hong Kong,Turkmenistan,1066,3,2 - 2
2024-01-01,Hong Kong,China,1084,18,2 - 1
2024-01-04,Hong Kong,Tajikistan,1081,-3,2 - 1
2024-01-10,Hong Kong,Saudi Arabia,1079,-2,2 - 0
2024-01-14,Hong Kong,United Arab Emirates,1073,-6,3 - 1
2024-01-19,Hong Kong,Iran,1072,-1,1 - 0
2024-01-23,Hong Kong,Palestine,1061,-11,3 - 0
2024-03-21,Hong Kong,Uzbekistan,1058,-3,0 - 2
2024-03-26,Hong Kong,Uzbekistan,1057,-1,3 - 0
2024-06-06,Hong Kong,Iran,1056,-1,2 - 4
2024-06-11,Hong Kong,Turkmenistan,1069,13,0 - 0
2024-09-05,Hong Kong,Solomon Islands,1106,37,3 - 0
2024-09-08,Hong Kong,Fiji,1114,8,1 - 1
2024-10-10,Hong Kong,Liechtenstein,1102,-12,1 - 0
2024-10-15,Hong Kong,Cambodia,1106,4,3 - 0
2024-11-14,Hong Kong,Philippines,1116,10,3 - 1
2024-11-19,Hong Kong,Mauritius,1121,5,1 - 0
2024-12-08,Hong Kong,Mongolia,1125,4,3 - 0
2024-12-14,Hong Kong,Taiwan,1131,6,2 - 1
2024-12-17,Hong Kong,Guam,1135,4,5 - 0
2025-03-19,Hong Kong,Macau,1136,1,2 - 0
2025-03-25,Hong Kong,Singapore,1137,1,0 - 0
2025-06-05,Hong Kong,Nepal,1129,-7,0 - 0
2025-06-10,Hong Kong,India,1145,16,1 - 0
2025-07-08,Hong Kong,Japan,1145,-1,6 - 1
2025-07-11,Hong Kong,South Korea,1144,-1,2 - 0
2025-07-15,Hong Kong,China,1136,-8,1 - 0
2025-09-04,Hong Kong,Iraq,1133,-3,2 - 1
2025-09-07,Hong Kong,Fiji,1177,44,8 - 0
2025-10-09,Hong Kong,Bangladesh,1188,11,3 - 4
2025-10-14,Hong Kong,Bangladesh,1174,-16,1 - 1
2025-11-13,Hong Kong,Cambodia,1165,-9,1 - 1
2025-11-18,Hong Kong,Singapore,1136,-29,1 - 2
2026-03-31,Hong Kong,India,1121,-15,2 - 1
2026-06-05,Hong Kong,Mongolia,1123,2,2 - 0
2026-06-09,Hong Kong,Cambodia,1101,-22,2 - 0
2021-06-04,Hungary,Cyprus,1747,1,1 - 0
2021-06-08,Hungary,Republic of Ireland,1741,-6,0 - 0
2021-06-15,Hungary,Portugal,1720,-21,0 - 3
2021-06-19,Hungary,France,1737,17,1 - 1
2021-06-23,Hungary,Germany,1755,18,2 - 2
2021-09-02,Hungary,England,1735,-20,0 - 4
2021-09-05,Hungary,Albania,1710,-25,1 - 0
2021-09-08,Hungary,Andorra,1710,0,2 - 1
2021-10-09,Hungary,Albania,1678,-32,0 - 1
2021-10-12,Hungary,England,1695,17,1 - 1
2021-11-12,Hungary,San Marino,1695,0,4 - 0
2021-11-15,Hungary,Poland,1726,31,1 - 2
2022-03-24,Hungary,Serbia,1717,-9,0 - 1
2022-03-29,Hungary,Northern Ireland,1727,10,0 - 1
2022-06-04,Hungary,England,1758,31,1 - 0
2022-06-07,Hungary,Italy,1752,-6,2 - 1
2022-06-11,Hungary,Germany,1758,6,1 - 1
2022-06-14,Hungary,England,1824,66,0 - 4
2022-09-23,Hungary,Germany,1857,33,0 - 1
2022-09-26,Hungary,Italy,1828,-29,0 - 2
2022-11-17,Hungary,Luxembourg,1821,-7,2 - 2
2022-11-20,Hungary,Greece,1825,4,2 - 1
2023-03-23,Hungary,Estonia,1826,1,1 - 0
2023-03-27,Hungary,Bulgaria,1831,5,3 - 0
2023-06-17,Hungary,Montenegro,1821,-10,0 - 0
2023-06-20,Hungary,Lithuania,1822,1,2 - 0
2023-09-07,Hungary,Serbia,1849,27,1 - 2
2023-09-10,Hungary,Czech Republic,1845,-4,1 - 1
2023-10-14,Hungary,Serbia,1859,14,2 - 1
2023-10-17,Hungary,Lithuania,1842,-17,2 - 2
2023-11-16,Hungary,Bulgaria,1828,-14,2 - 2
2023-11-19,Hungary,Montenegro,1834,6,3 - 1
2024-03-22,Hungary,Turkey,1840,6,1 - 0
2024-03-26,Hungary,Kosovo,1842,2,2 - 0
2024-06-04,Hungary,Republic of Ireland,1828,-14,2 - 1
2024-06-08,Hungary,Israel,1832,4,3 - 0
2024-06-15,Hungary,Switzerland,1792,-40,3 - 1
2024-06-19,Hungary,Germany,1777,-15,2 - 0
2024-06-23,Hungary,Scotland,1801,24,1 - 0
2024-09-07,Hungary,Germany,1784,-17,5 - 0
2024-09-10,Hungary,Bosnia and Herzegovina,1767,-17,0 - 0
2024-10-11,Hungary,Netherlands,1772,5,1 - 1
2024-10-14,Hungary,Bosnia and Herzegovina,1787,15,0 - 2
2024-11-16,Hungary,Netherlands,1773,-14,4 - 0
2024-11-19,Hungary,Germany,1779,6,1 - 1
2025-03-20,Hungary,Turkey,1757,-22,3 - 1
2025-03-23,Hungary,Turkey,1716,-41,0 - 3
2025-06-06,Hungary,Sweden,1698,-18,0 - 2
2025-06-10,Hungary,Azerbaijan,1702,4,1 - 2
2025-09-06,Hungary,Republic of Ireland,1703,2,2 - 2
2025-09-09,Hungary,Portugal,1695,-8,2 - 3
2025-10-11,Hungary,Armenia,1701,6,2 - 0
2025-10-14,Hungary,Portugal,1718,17,2 - 2
2025-11-13,Hungary,Armenia,1727,9,0 - 1
2025-11-16,Hungary,Republic of Ireland,1698,-29,2 - 3
2026-03-28,Hungary,Slovenia,1705,7,1 - 0
2026-03-31,Hungary,Greece,1703,-2,0 - 0
2026-06-05,Hungary,Finland,1707,4,2 - 1
2026-06-09,Hungary,Kazakhstan,1710,3,3 - 1
2021-06-04,Iceland,Faroe Islands,1604,4,0 - 1
2021-06-08,Iceland,Poland,1611,7,2 - 2
2021-09-02,Iceland,Romania,1574,-37,0 - 2
2021-09-05,Iceland,North Macedonia,1568,-6,2 - 2
2021-09-08,Iceland,Germany,1554,-14,0 - 4
2021-10-08,Iceland,Armenia,1549,-5,1 - 1
2021-10-11,Iceland,Liechtenstein,1552,3,4 - 0
2021-11-11,Iceland,Romania,1563,11,0 - 0
2021-11-14,Iceland,North Macedonia,1545,-18,3 - 1
2022-01-12,Iceland,Uganda,1543,-2,1 - 1
2022-01-15,Iceland,South Korea,1536,-7,5 - 1
2022-03-26,Iceland,Finland,1541,5,1 - 1
2022-03-29,Iceland,Spain,1540,-1,5 - 0
2022-06-02,Iceland,Israel,1550,10,2 - 2
2022-06-06,Iceland,Albania,1546,-4,1 - 1
2022-06-09,Iceland,San Marino,1546,0,0 - 1
2022-06-13,Iceland,Israel,1546,0,2 - 2
2022-09-22,Iceland,Venezuela,1560,14,1 - 0
2022-09-27,Iceland,Albania,1565,5,1 - 1
2022-11-06,Iceland,Saudi Arabia,1557,-8,1 - 0
2022-11-11,Iceland,South Korea,1554,-3,1 - 0
2022-11-16,Iceland,Lithuania,1546,-8,0 - 0
2022-11-19,Iceland,Latvia,1542,-4,1 - 1
2023-01-08,Iceland,Estonia,1539,-3,1 - 1
2023-01-12,Iceland,Sweden,1535,-4,2 - 1
2023-03-23,Iceland,Bosnia and Herzegovina,1517,-18,3 - 0
2023-03-26,Iceland,Liechtenstein,1524,7,0 - 7
2023-06-17,Iceland,Slovakia,1502,-22,1 - 2
2023-06-20,Iceland,Portugal,1498,-4,0 - 1
2023-09-08,Iceland,Luxembourg,1475,-23,3 - 1
2023-09-11,Iceland,Bosnia and Herzegovina,1494,19,1 - 0
2023-10-13,Iceland,Luxembourg,1489,-5,1 - 1
2023-10-16,Iceland,Liechtenstein,1491,2,4 - 0
2023-11-16,Iceland,Slovakia,1479,-12,4 - 2
2023-11-19,Iceland,Portugal,1478,-1,2 - 0
2024-01-13,Iceland,Guatemala,1488,10,1 - 0
2024-01-17,Iceland,Honduras,1505,17,2 - 0
2024-03-21,Iceland,Israel,1550,45,4 - 1
2024-03-26,Iceland,Ukraine,1544,-6,2 - 1
2024-06-07,Iceland,England,1563,19,0 - 1
2024-06-10,Iceland,Netherlands,1561,-2,4 - 0
2024-09-06,Iceland,Montenegro,1582,21,2 - 0
2024-09-09,Iceland,Turkey,1574,-8,3 - 1
2024-10-11,Iceland,Wales,1576,2,2 - 2
2024-10-14,Iceland,Turkey,1557,-19,2 - 4
2024-11-16,Iceland,Montenegro,1591,34,0 - 2
2024-11-19,Iceland,Wales,1576,-15,4 - 1
2025-03-20,Iceland,Kosovo,1560,-16,2 - 1
2025-03-23,Iceland,Kosovo,1531,-29,1 - 3
2025-06-06,Iceland,Scotland,1557,26,1 - 3
2025-06-10,Iceland,Northern Ireland,1550,-7,1 - 0
2025-09-05,Iceland,Azerbaijan,1563,13,5 - 0
2025-09-09,Iceland,France,1562,-1,2 - 1
2025-10-10,Iceland,Ukraine,1541,-21,3 - 5
2025-10-13,Iceland,France,1558,17,2 - 2
2025-11-13,Iceland,Azerbaijan,1580,22,0 - 2
2025-11-16,Iceland,Ukraine,1566,-14,2 - 0
2026-02-25,Iceland,Mexico,1562,-4,4 - 0
2026-03-28,Iceland,Canada,1573,11,2 - 2
2026-03-31,Iceland,Haiti,1571,-2,1 - 1
2026-05-31,Iceland,Japan,1569,-2,1 - 0
2026-06-09,Iceland,Argentina,1568,-1,3 - 0
2021-06-03,India,Qatar,1190,-2,1 - 0
2021-06-07,India,Bangladesh,1198,8,2 - 0
2021-06-15,India,Afghanistan,1194,-4,1 - 1
2021-09-02,India,Nepal,1190,-4,1 - 1
2021-09-05,India,Nepal,1196,6,1 - 2
2021-10-04,India,Bangladesh,1181,-15,1 - 1
2021-10-07,India,Sri Lanka,1163,-18,0 - 0
2021-10-10,India,Nepal,1173,10,1 - 0
2021-10-13,India,Maldives,1192,19,1 - 3
2021-10-16,India,Nepal,1206,14,3 - 0
2022-03-23,India,Bahrain,1204,-2,2 - 1
2022-03-26,India,Belarus,1197,-7,3 - 0
2022-05-28,India,Jordan,1193,-4,2 - 0
2022-06-08,India,Cambodia,1198,5,2 - 0
2022-06-11,India,Afghanistan,1208,10,2 - 1
2022-06-14,India,Hong Kong,1232,24,4 - 0
2022-09-24,India,Singapore,1227,-5,1 - 1
2022-09-27,India,Vietnam,1217,-10,3 - 0
2023-03-22,India,Myanmar,1219,2,1 - 0
2023-03-28,India,Kyrgyzstan,1237,18,2 - 0
2023-06-09,India,Mongolia,1239,2,2 - 0
2023-06-12,India,Vanuatu,1246,7,1 - 0
2023-06-15,India,Lebanon,1244,-2,0 - 0
2023-06-18,India,Lebanon,1264,20,2 - 0
2023-06-21,India,Pakistan,1267,3,4 - 0
2023-06-24,India,Nepal,1271,4,2 - 0
2023-06-27,India,Kuwait,1272,1,1 - 1
2023-07-01,India,Lebanon,1268,-4,0 - 0
2023-07-04,India,Kuwait,1269,1,1 - 1
2023-09-07,India,Iraq,1280,11,2 - 2
2023-09-10,India,Lebanon,1266,-14,1 - 0
2023-10-13,India,Malaysia,1251,-15,4 - 2
2023-11-16,India,Kuwait,1283,32,0 - 1
2023-11-21,India,Qatar,1260,-23,0 - 3
2024-01-13,India,Australia,1257,-3,2 - 0
2024-01-18,India,Uzbekistan,1248,-9,3 - 0
2024-01-23,India,Syria,1235,-13,1 - 0
2024-03-21,India,Afghanistan,1226,-9,0 - 0
2024-03-26,India,Afghanistan,1194,-32,1 - 2
2024-06-06,India,Kuwait,1196,2,0 - 0
2024-06-11,India,Qatar,1194,-2,2 - 1
2024-09-03,India,Mauritius,1185,-9,0 - 0
2024-09-09,India,Syria,1169,-16,0 - 3
2024-10-12,India,Vietnam,1174,5,1 - 1
2024-11-18,India,Malaysia,1174,0,1 - 1
2025-03-19,India,Maldives,1177,3,3 - 0
2025-03-25,India,Bangladesh,1161,-16,0 - 0
2025-06-04,India,Thailand,1157,-4,2 - 0
2025-06-10,India,Hong Kong,1141,-16,1 - 0
2025-09-01,India,Iran,1171,-2,3 - 0
2025-09-04,India,Afghanistan,1164,-7,0 - 0
2025-09-08,India,Oman,1180,16,1 - 1
2025-10-09,India,Singapore,1180,0,1 - 1
2025-10-14,India,Singapore,1150,-31,1 - 2
2025-11-13,India,Bhutan,1151,1,6 - 1
2025-11-18,India,Bangladesh,1123,-28,1 - 0
2026-03-31,India,Hong Kong,1138,15,2 - 1
2026-05-27,India,Jamaica,1134,-4,2 - 0
2026-05-30,India,Zimbabwe,1128,-6,1 - 0
2026-06-05,India,Tajikistan,1122,-6,3 - 1
2026-06-09,India,Tajikistan,1128,6,1 - 1
2021-06-03,Indonesia,Thailand,1117,12,2 - 2
2021-06-07,Indonesia,Vietnam,1105,-12,4 - 0
2021-06-11,Indonesia,United Arab Emirates,1100,-5,5 - 0
2021-10-07,Indonesia,Taiwan,1110,10,2 - 1
2021-10-11,Indonesia,Taiwan,1126,16,3 - 0
2021-11-16,Indonesia,Afghanistan,1116,-10,1 - 0
2021-11-25,Indonesia,Myanmar,1128,12,4 - 1
2021-12-09,Indonesia,Cambodia,1138,10,4 - 2
2021-12-12,Indonesia,Laos,1143,5,5 - 1
2021-12-15,Indonesia,Vietnam,1155,12,0 - 0
2021-12-19,Indonesia,Malaysia,1193,38,4 - 1
2021-12-22,Indonesia,Singapore,1195,2,1 - 1
2021-12-25,Indonesia,Singapore,1228,33,2 - 4
2021-12-29,Indonesia,Thailand,1205,-23,4 - 0
2022-01-01,Indonesia,Thailand,1215,10,2 - 2
2022-01-27,Indonesia,Timor-Leste,1216,1,4 - 1
2022-01-30,Indonesia,Timor-Leste,1217,1,3 - 0
2022-06-01,Indonesia,Bangladesh,1208,-9,0 - 0
2022-06-08,Indonesia,Kuwait,1240,32,1 - 2
2022-06-11,Indonesia,Jordan,1234,-6,1 - 0
2022-06-14,Indonesia,Nepal,1247,13,7 - 0
2022-09-24,Indonesia,Curaçao,1259,12,3 - 2
2022-09-27,Indonesia,Curaçao,1270,11,2 - 1
2022-12-23,Indonesia,Cambodia,1272,2,2 - 1
2022-12-26,Indonesia,Brunei,1274,2,7 - 0
2022-12-29,Indonesia,Thailand,1274,0,1 - 1
2023-01-02,Indonesia,Philippines,1288,14,1 - 2
2023-01-06,Indonesia,Vietnam,1289,1,0 - 0
2023-01-09,Indonesia,Vietnam,1275,-14,2 - 0
2023-03-25,Indonesia,Burundi,1285,10,3 - 1
2023-03-28,Indonesia,Burundi,1281,-4,2 - 2
2023-06-14,Indonesia,Palestine,1283,2,0 - 0
2023-06-19,Indonesia,Argentina,1283,0,0 - 2
2023-09-08,Indonesia,Turkmenistan,1292,9,2 - 0
2023-10-12,Indonesia,Brunei,1293,1,6 - 0
2023-10-17,Indonesia,Brunei,1296,3,0 - 6
2023-11-16,Indonesia,Iraq,1289,-7,5 - 1
2023-11-21,Indonesia,Philippines,1281,-8,1 - 1
2024-01-02,Indonesia,Libya,1266,-15,4 - 0
2024-01-05,Indonesia,Libya,1259,-7,2 - 1
2024-01-09,Indonesia,Iran,1258,-1,5 - 0
2024-01-15,Indonesia,Iraq,1249,-9,3 - 1
2024-01-19,Indonesia,Vietnam,1283,34,1 - 0
2024-01-24,Indonesia,Japan,1281,-2,3 - 1
2024-01-28,Indonesia,Australia,1276,-5,4 - 0
2024-03-21,Indonesia,Vietnam,1294,18,1 - 0
2024-03-26,Indonesia,Vietnam,1341,47,0 - 3
2024-06-02,Indonesia,Tanzania,1338,-3,0 - 0
2024-06-06,Indonesia,Iraq,1324,-14,0 - 2
2024-06-11,Indonesia,Philippines,1330,6,2 - 0
2024-09-05,Indonesia,Saudi Arabia,1345,15,1 - 1
2024-09-10,Indonesia,Australia,1359,14,0 - 0
2024-10-10,Indonesia,Bahrain,1370,11,2 - 2
2024-10-15,Indonesia,China,1356,-14,2 - 1
2024-11-15,Indonesia,Japan,1350,-6,0 - 4
2024-11-19,Indonesia,Saudi Arabia,1390,40,2 - 0
2024-12-09,Indonesia,Myanmar,1394,4,0 - 1
2024-12-12,Indonesia,Laos,1374,-20,3 - 3
2024-12-15,Indonesia,Vietnam,1353,-21,1 - 0
2024-12-21,Indonesia,Philippines,1317,-36,0 - 1
2025-03-20,Indonesia,Australia,1313,-4,5 - 1
2025-03-25,Indonesia,Bahrain,1339,26,1 - 0
2025-06-05,Indonesia,China,1357,18,1 - 0
2025-06-10,Indonesia,Japan,1354,-3,6 - 0
2025-09-05,Indonesia,Taiwan,1356,1,6 - 0
2025-09-08,Indonesia,Lebanon,1353,-3,0 - 0
2025-10-08,Indonesia,Saudi Arabia,1348,-5,3 - 2
2025-10-11,Indonesia,Iraq,1339,-9,1 - 0
2026-03-27,Indonesia,St Kitts and Nevis,1345,4,4 - 0
2026-03-30,Indonesia,Bulgaria,1331,-14,0 - 1
2026-06-05,Indonesia,Oman,1362,31,3 - 0
2026-06-09,Indonesia,Mozambique,1372,10,1 - 0
2021-06-03,Iran,Hong Kong,1768,2,3 - 1
2021-06-07,Iran,Bahrain,1793,25,0 - 3
2021-06-11,Iran,Cambodia,1793,0,10 - 0
2021-06-15,Iran,Iraq,1804,11,1 - 0
2021-09-02,Iran,Syria,1807,3,1 - 0
2021-09-07,Iran,Iraq,1826,19,3 - 0
2021-10-07,Iran,United Arab Emirates,1834,8,0 - 1
2021-10-12,Iran,South Korea,1825,-9,1 - 1
2021-11-11,Iran,Lebanon,1830,5,1 - 2
2021-11-16,Iran,Syria,1836,6,3 - 0
2022-01-27,Iran,Iraq,1840,4,1 - 0
2022-02-01,Iran,United Arab Emirates,1843,3,1 - 0
2022-03-24,Iran,South Korea,1818,-25,2 - 0
2022-03-29,Iran,Lebanon,1820,2,2 - 0
2022-06-12,Iran,Algeria,1807,-13,2 - 1
2022-09-23,Iran,Uruguay,1821,14,1 - 0
2022-09-27,Iran,Senegal,1817,-4,1 - 1
2022-11-10,Iran,Nicaragua,1817,0,1 - 0
2022-11-16,Iran,Tunisia,1797,-20,2 - 0
2022-11-21,Iran,England,1760,-37,6 - 2
2022-11-25,Iran,Wales,1809,49,2 - 0
2022-11-29,Iran,USA,1779,-30,1 - 0
2023-03-23,Iran,Russia,1776,-3,1 - 1
2023-03-28,Iran,Kenya,1777,1,2 - 1
2023-06-13,Iran,Afghanistan,1778,1,6 - 1
2023-06-16,Iran,Kyrgyzstan,1784,6,1 - 5
2023-06-20,Iran,Uzbekistan,1801,17,0 - 1
2023-09-07,Iran,Bulgaria,1806,5,0 - 1
2023-09-12,Iran,Angola,1808,2,4 - 0
2023-10-13,Iran,Jordan,1822,14,1 - 3
2023-10-17,Iran,Qatar,1830,8,4 - 0
2023-11-16,Iran,Hong Kong,1831,1,4 - 0
2023-11-21,Iran,Uzbekistan,1826,-5,2 - 2
2024-01-05,Iran,Burkina Faso,1828,2,2 - 1
2024-01-09,Iran,Indonesia,1829,1,5 - 0
2024-01-14,Iran,Palestine,1836,7,4 - 1
2024-01-19,Iran,Hong Kong,1837,1,1 - 0
2024-01-23,Iran,United Arab Emirates,1844,7,2 - 1
2024-01-31,Iran,Syria,1823,-21,1 - 1
2024-02-03,Iran,Japan,1852,29,2 - 1
2024-02-07,Iran,Qatar,1815,-37,3 - 2
2024-03-21,Iran,Turkmenistan,1816,1,5 - 0
2024-03-26,Iran,Turkmenistan,1818,2,0 - 1
2024-06-06,Iran,Hong Kong,1819,1,2 - 4
2024-06-11,Iran,Uzbekistan,1807,-12,0 - 0
2024-09-05,Iran,Kyrgyzstan,1808,1,1 - 0
2024-09-10,Iran,United Arab Emirates,1819,11,0 - 1
2024-10-10,Iran,Uzbekistan,1817,-2,0 - 0
2024-10-15,Iran,Qatar,1831,14,4 - 1
2024-11-14,Iran,North Korea,1834,3,3 - 2
2024-11-19,Iran,Kyrgyzstan,1837,3,2 - 3
2025-03-20,Iran,United Arab Emirates,1842,5,2 - 0
2025-03-25,Iran,Uzbekistan,1829,-13,2 - 2
2025-06-05,Iran,Qatar,1797,-32,1 - 0
2025-06-10,Iran,North Korea,1800,3,3 - 0
2025-09-01,Iran,India,1803,2,3 - 0
2025-09-04,Iran,Tajikistan,1786,-17,2 - 2
2025-09-08,Iran,Uzbekistan,1767,-19,1 - 0
2025-10-10,Iran,Russia,1761,-6,2 - 1
2025-10-14,Iran,Tanzania,1763,2,2 - 0
2025-11-13,Iran,Cabo Verde,1755,-8,0 - 0
2025-11-18,Iran,Uzbekistan,1754,-1,0 - 0
2026-03-27,Iran,Nigeria,1739,-16,2 - 1
2026-03-31,Iran,Costa Rica,1760,21,0 - 5
2026-05-29,Iran,Gambia,1764,4,3 - 1
2026-06-04,Iran,Mali,1772,8,2 - 0
2021-06-07,Iraq,Cambodia,1629,1,4 - 1
2021-06-11,Iraq,Hong Kong,1632,3,1 - 0
2021-06-15,Iraq,Iran,1621,-11,1 - 0
2021-09-02,Iraq,South Korea,1633,12,0 - 0
2021-09-07,Iraq,Iran,1614,-19,3 - 0
2021-10-07,Iraq,Lebanon,1602,-12,0 - 0
2021-10-12,Iraq,United Arab Emirates,1600,-2,2 - 2
2021-11-11,Iraq,Syria,1590,-10,1 - 1
2021-11-16,Iraq,South Korea,1572,-18,3 - 0
2021-11-30,Iraq,Oman,1568,-4,1 - 1
2021-12-03,Iraq,Bahrain,1566,-2,0 - 0
2021-12-06,Iraq,Qatar,1549,-17,3 - 0
2022-01-21,Iraq,Uganda,1554,5,1 - 0
2022-01-27,Iraq,Iran,1550,-4,1 - 0
2022-02-01,Iraq,Lebanon,1546,-4,1 - 1
2022-03-18,Iraq,Zambia,1553,7,3 - 1
2022-03-24,Iraq,United Arab Emirates,1570,17,1 - 0
2022-03-29,Iraq,Syria,1563,-7,1 - 1
2022-09-23,Iraq,Oman,1563,0,1 - 1
2022-09-26,Iraq,Syria,1573,10,1 - 0
2022-11-09,Iraq,Mexico,1565,-8,4 - 0
2022-11-12,Iraq,Ecuador,1572,7,0 - 0
2022-12-30,Iraq,Kuwait,1574,2,1 - 0
2023-01-06,Iraq,Oman,1568,-6,0 - 0
2023-01-09,Iraq,Saudi Arabia,1596,28,2 - 0
2023-01-12,Iraq,Yemen,1598,2,5 - 0
2023-01-16,Iraq,Qatar,1610,12,2 - 1
2023-01-19,Iraq,Oman,1625,15,3 - 2
2023-03-26,Iraq,Russia,1619,-6,2 - 0
2023-06-16,Iraq,Colombia,1616,-3,1 - 0
2023-09-07,Iraq,India,1605,-11,2 - 2
2023-09-10,Iraq,Thailand,1600,-5,2 - 2
2023-10-13,Iraq,Qatar,1596,-4,0 - 0
2023-10-17,Iraq,Jordan,1599,3,2 - 2
2023-11-16,Iraq,Indonesia,1606,7,5 - 1
2023-11-21,Iraq,Vietnam,1620,14,0 - 1
2024-01-06,Iraq,South Korea,1615,-5,1 - 0
2024-01-15,Iraq,Indonesia,1624,9,3 - 1
2024-01-19,Iraq,Japan,1666,42,2 - 1
2024-01-24,Iraq,Vietnam,1673,7,3 - 2
2024-01-29,Iraq,Jordan,1638,-35,3 - 2
2024-03-21,Iraq,Philippines,1639,1,1 - 0
2024-03-26,Iraq,Philippines,1643,4,0 - 5
2024-06-06,Iraq,Indonesia,1657,14,0 - 2
2024-06-11,Iraq,Vietnam,1661,4,3 - 1
2024-09-05,Iraq,Oman,1669,8,1 - 0
2024-09-10,Iraq,Kuwait,1658,-11,0 - 0
2024-10-10,Iraq,Palestine,1663,5,1 - 0
2024-10-15,Iraq,South Korea,1654,-9,3 - 2
2024-11-14,Iraq,Jordan,1647,-7,0 - 0
2024-11-19,Iraq,Oman,1665,18,0 - 1
2024-12-22,Iraq,Yemen,1666,1,1 - 0
2024-12-25,Iraq,Bahrain,1621,-45,2 - 0
2024-12-28,Iraq,Saudi Arabia,1582,-39,3 - 1
2025-03-20,Iraq,Kuwait,1567,-15,2 - 2
2025-03-25,Iraq,Palestine,1538,-29,2 - 1
2025-06-05,Iraq,South Korea,1516,-21,0 - 2
2025-06-10,Iraq,Jordan,1548,32,0 - 1
2025-09-04,Iraq,Hong Kong,1552,3,2 - 1
2025-09-07,Iraq,Thailand,1563,11,0 - 1
2025-10-11,Iraq,Indonesia,1572,9,1 - 0
2025-10-14,Iraq,Saudi Arabia,1581,7,0 - 0
2025-11-13,Iraq,United Arab Emirates,1585,4,1 - 1
2025-11-18,Iraq,United Arab Emirates,1597,12,2 - 1
2025-12-03,Iraq,Bahrain,1607,10,2 - 1
2025-12-06,Iraq,Sudan,1621,14,2 - 0
2025-12-09,Iraq,Algeria,1599,-22,2 - 0
2025-12-12,Iraq,Jordan,1583,-16,1 - 0
2026-03-31,Iraq,Bolivia,1607,25,2 - 1
2026-05-29,Iraq,Andorra,1608,1,1 - 0
2026-06-04,Iraq,Spain,1618,10,1 - 1
2026-06-09,Iraq,Venezuela,1607,-11,2 - 0
2021-06-05,Israel,Montenegro,1609,17,1 - 3
2021-06-09,Israel,Portugal,1607,-2,4 - 0
2021-09-01,Israel,Faroe Islands,1622,15,0 - 4
2021-09-04,Israel,Austria,1663,41,5 - 2
2021-09-07,Israel,Denmark,1656,-7,5 - 0
2021-10-09,Israel,Scotland,1642,-14,3 - 2
2021-10-12,Israel,Moldova,1644,2,2 - 1
2021-11-12,Israel,Austria,1628,-16,4 - 2
2021-11-15,Israel,Faroe Islands,1630,2,3 - 2
2022-03-26,Israel,Germany,1628,-2,2 - 0
2022-03-29,Israel,Romania,1626,-2,2 - 2
2022-06-02,Israel,Iceland,1616,-10,2 - 2
2022-06-10,Israel,Albania,1640,24,1 - 2
2022-06-13,Israel,Iceland,1640,0,2 - 2
2022-09-24,Israel,Albania,1650,10,2 - 1
2022-09-27,Israel,Malta,1633,-17,2 - 1
2022-11-17,Israel,Zambia,1638,5,4 - 2
2022-11-20,Israel,Cyprus,1620,-18,2 - 3
2023-03-25,Israel,Kosovo,1609,-11,1 - 1
2023-03-28,Israel,Switzerland,1602,-7,3 - 0
2023-06-16,Israel,Belarus,1612,10,2 - 1
2023-06-19,Israel,Andorra,1613,1,2 - 1
2023-09-09,Israel,Romania,1620,7,1 - 1
2023-09-12,Israel,Belarus,1626,6,1 - 0
2023-11-12,Israel,Kosovo,1604,-22,1 - 0
2023-11-15,Israel,Switzerland,1616,12,1 - 1
2023-11-18,Israel,Romania,1597,-19,2 - 1
2023-11-21,Israel,Andorra,1603,6,0 - 2
2024-03-21,Israel,Iceland,1558,-45,4 - 1
2024-06-08,Israel,Hungary,1554,-4,3 - 0
2024-06-11,Israel,Belarus,1567,13,4 - 0
2024-09-06,Israel,Belgium,1561,-6,3 - 1
2024-09-09,Israel,Italy,1557,-4,2 - 1
2024-10-10,Israel,France,1552,-5,4 - 1
2024-10-14,Israel,Italy,1548,-4,4 - 1
2024-11-14,Israel,France,1567,19,0 - 0
2024-11-17,Israel,Belgium,1601,34,1 - 0
2025-03-22,Israel,Estonia,1610,9,2 - 1
2025-03-25,Israel,Norway,1596,-14,4 - 2
2025-06-06,Israel,Estonia,1617,21,1 - 3
2025-06-10,Israel,Slovakia,1629,12,1 - 0
2025-09-05,Israel,Moldova,1646,17,0 - 4
2025-09-08,Israel,Italy,1638,-8,5 - 4
2025-10-11,Israel,Norway,1628,-10,5 - 0
2025-10-14,Israel,Italy,1621,-7,3 - 0
2025-11-13,Israel,Lithuania,1615,-6,0 - 0
2025-11-16,Israel,Moldova,1631,16,1 - 4
2026-03-26,Israel,Georgia,1634,3,2 - 2
2026-06-03,Israel,Albania,1647,13,0 - 1
2021-06-04,Italy,Czech Republic,2013,5,4 - 0
2021-06-11,Italy,Turkey,2025,12,3 - 0
2021-06-16,Italy,Switzerland,2043,18,3 - 0
2021-06-20,Italy,Wales,2052,9,1 - 0
2021-06-26,Italy,Austria,2061,9,2 - 1
2021-07-02,Italy,Belgium,2093,32,2 - 1
2021-07-06,Italy,Spain,2088,-5,1 - 1
2021-07-11,Italy,England,2092,4,1 - 1
2021-09-02,Italy,Bulgaria,2073,-19,1 - 1
2021-09-05,Italy,Switzerland,2070,-3,0 - 0
2021-09-08,Italy,Lithuania,2071,1,5 - 0
2021-10-06,Italy,Spain,2035,-36,1 - 2
2021-10-10,Italy,Belgium,2058,23,2 - 1
2021-11-12,Italy,Switzerland,2046,-12,1 - 1
2021-11-15,Italy,Northern Ireland,2030,-16,0 - 0
2022-03-24,Italy,North Macedonia,1992,-38,0 - 1
2022-03-29,Italy,Turkey,1997,5,2 - 3
2022-06-01,Italy,Argentina,1967,-30,3 - 0
2022-06-04,Italy,Germany,1961,-6,1 - 1
2022-06-07,Italy,Hungary,1967,6,2 - 1
2022-06-11,Italy,England,1975,8,0 - 0
2022-06-14,Italy,Germany,1949,-26,5 - 2
2022-09-23,Italy,England,1963,14,1 - 0
2022-09-26,Italy,Hungary,1992,29,0 - 2
2022-11-16,Italy,Albania,1995,3,1 - 3
2022-11-20,Italy,Austria,1973,-22,2 - 0
2023-03-23,Italy,England,1947,-26,1 - 2
2023-03-26,Italy,Malta,1949,2,0 - 2
2023-06-15,Italy,Spain,1925,-24,2 - 1
2023-06-18,Italy,Netherlands,1961,36,2 - 3
2023-09-09,Italy,North Macedonia,1946,-15,1 - 1
2023-09-12,Italy,Ukraine,1955,9,2 - 1
2023-10-14,Italy,Malta,1956,1,4 - 0
2023-10-17,Italy,England,1939,-17,3 - 1
2023-11-17,Italy,North Macedonia,1943,4,5 - 2
2023-11-20,Italy,Ukraine,1937,-6,0 - 0
2024-03-21,Italy,Venezuela,1942,5,2 - 1
2024-03-24,Italy,Ecuador,1955,13,2 - 0
2024-06-04,Italy,Turkey,1948,-7,0 - 0
2024-06-09,Italy,Bosnia and Herzegovina,1949,1,1 - 0
2024-06-15,Italy,Albania,1956,7,2 - 1
2024-06-20,Italy,Spain,1938,-18,1 - 0
2024-06-24,Italy,Croatia,1936,-2,1 - 1
2024-06-29,Italy,Switzerland,1890,-46,2 - 0
2024-09-06,Italy,France,1939,49,1 - 3
2024-09-09,Italy,Israel,1943,4,2 - 1
2024-10-10,Italy,Belgium,1936,-7,2 - 2
2024-10-14,Italy,Israel,1940,4,4 - 1
2024-11-14,Italy,Belgium,1964,24,0 - 1
2024-11-17,Italy,France,1930,-34,1 - 3
2025-03-20,Italy,Germany,1901,-29,1 - 2
2025-03-23,Italy,Germany,1914,13,3 - 3
2025-06-06,Italy,Norway,1880,-34,3 - 0
2025-06-09,Italy,Moldova,1881,1,2 - 0
2025-09-05,Italy,Estonia,1883,2,5 - 0
2025-09-08,Italy,Israel,1891,8,5 - 4
2025-10-11,Italy,Estonia,1896,5,1 - 3
2025-10-14,Italy,Israel,1904,7,3 - 0
2025-11-13,Italy,Moldova,1907,3,0 - 2
2025-11-16,Italy,Norway,1859,-48,1 - 4
2026-03-26,Italy,Northern Ireland,1866,7,2 - 0
2026-03-31,Italy,Bosnia and Herzegovina,1856,-10,1 - 1
2026-06-03,Italy,Luxembourg,1859,3,0 - 1
2026-06-07,Italy,Greece,1869,10,0 - 1
2021-06-07,Jamaica,Serbia,1580,6,1 - 1
2021-07-12,Jamaica,Suriname,1595,15,2 - 0
2021-07-16,Jamaica,Guadeloupe,1601,6,2 - 1
2021-07-20,Jamaica,Costa Rica,1579,-22,1 - 0
2021-07-25,Jamaica,USA,1573,-6,1 - 0
2021-09-02,Jamaica,Mexico,1570,-3,2 - 1
2021-09-05,Jamaica,Panama,1523,-47,0 - 3
2021-09-08,Jamaica,Costa Rica,1533,10,1 - 1
2021-10-07,Jamaica,USA,1528,-5,2 - 0
2021-10-10,Jamaica,Canada,1535,7,0 - 0
2021-10-13,Jamaica,Honduras,1576,41,0 - 2
2021-11-12,Jamaica,El Salvador,1578,2,1 - 1
2021-11-16,Jamaica,USA,1588,10,1 - 1
2022-01-20,Jamaica,Peru,1584,-4,3 - 0
2022-01-27,Jamaica,Mexico,1572,-12,1 - 2
2022-01-30,Jamaica,Panama,1560,-12,3 - 2
2022-02-02,Jamaica,Costa Rica,1539,-21,0 - 1
2022-03-24,Jamaica,El Salvador,1532,-7,1 - 1
2022-03-27,Jamaica,Canada,1525,-7,4 - 0
2022-03-30,Jamaica,Honduras,1536,11,2 - 1
2022-06-04,Jamaica,Suriname,1530,-6,1 - 1
2022-06-07,Jamaica,Suriname,1539,9,3 - 1
2022-06-14,Jamaica,Mexico,1549,10,1 - 1
2022-09-27,Jamaica,Argentina,1553,-1,3 - 0
2022-11-09,Jamaica,Cameroon,1557,4,1 - 1
2023-03-11,Jamaica,Trinidad and Tobago,1540,-17,0 - 1
2023-03-14,Jamaica,Trinidad and Tobago,1533,-7,0 - 0
2023-03-26,Jamaica,Mexico,1549,16,2 - 2
2023-06-15,Jamaica,Qatar,1539,-10,2 - 1
2023-06-19,Jamaica,Jordan,1530,-9,2 - 1
2023-06-24,Jamaica,USA,1551,21,1 - 1
2023-06-28,Jamaica,Trinidad and Tobago,1577,26,4 - 1
2023-07-02,Jamaica,St Kitts and Nevis,1586,9,5 - 0
2023-07-09,Jamaica,Guatemala,1606,20,1 - 0
2023-07-12,Jamaica,Mexico,1585,-21,3 - 0
2023-09-08,Jamaica,Honduras,1595,10,1 - 0
2023-09-12,Jamaica,Haiti,1585,-10,2 - 2
2023-10-12,Jamaica,Grenada,1592,7,1 - 4
2023-10-15,Jamaica,Haiti,1608,16,3 - 2
2023-11-11,Jamaica,Guatemala,1605,-3,0 - 0
2023-11-18,Jamaica,Canada,1586,-19,1 - 2
2023-11-21,Jamaica,Canada,1618,32,2 - 3
2024-03-01,Jamaica,Trinidad and Tobago,1626,8,0 - 1
2024-03-03,Jamaica,Trinidad and Tobago,1623,-3,0 - 0
2024-03-21,Jamaica,USA,1611,-12,3 - 1
2024-03-24,Jamaica,Panama,1638,27,1 - 0
2024-06-06,Jamaica,Dominican Republic,1640,2,1 - 0
2024-06-09,Jamaica,Dominica,1642,2,2 - 3
2024-06-22,Jamaica,Mexico,1627,-15,1 - 0
2024-06-26,Jamaica,Ecuador,1610,-17,3 - 1
2024-06-30,Jamaica,Venezuela,1589,-21,3 - 0
2024-09-06,Jamaica,Cuba,1573,-16,0 - 0
2024-09-10,Jamaica,Honduras,1596,23,1 - 2
2024-10-10,Jamaica,Nicaragua,1616,20,0 - 2
2024-10-14,Jamaica,Honduras,1606,-10,0 - 0
2024-11-14,Jamaica,USA,1587,-19,0 - 1
2024-11-18,Jamaica,USA,1576,-11,4 - 2
2025-02-06,Jamaica,Trinidad and Tobago,1579,3,1 - 0
2025-02-09,Jamaica,Trinidad and Tobago,1572,-7,1 - 1
2025-03-21,Jamaica,St Vincent,1557,-15,1 - 1
2025-03-25,Jamaica,St Vincent,1560,3,3 - 0
2025-05-27,Jamaica,Trinidad and Tobago,1570,10,3 - 2
2025-05-31,Jamaica,Nigeria,1570,0,2 - 2
2025-06-07,Jamaica,British Virgin Islands,1569,0,0 - 1
2025-06-10,Jamaica,Guatemala,1588,19,3 - 0
2025-06-16,Jamaica,Guatemala,1556,-32,1 - 0
2025-06-20,Jamaica,Guadeloupe,1569,13,2 - 1
2025-06-24,Jamaica,Panama,1546,-23,4 - 1
2025-09-05,Jamaica,Bermuda,1559,13,0 - 4
2025-09-09,Jamaica,Trinidad and Tobago,1570,11,2 - 0
2025-10-10,Jamaica,Curaçao,1535,-35,2 - 0
2025-10-14,Jamaica,Bermuda,1538,4,4 - 0
2025-11-13,Jamaica,Trinidad and Tobago,1537,-1,1 - 1
2025-11-18,Jamaica,Curaçao,1527,-10,0 - 0
2026-01-18,Jamaica,Grenada,1531,3,0 - 1
2026-02-21,Jamaica,Martinique,1542,11,0 - 2
2026-03-26,Jamaica,New Caledonia,1550,8,1 - 0
2026-03-31,Jamaica,DR Congo,1535,-15,1 - 0
2026-05-27,Jamaica,India,1539,4,2 - 0
2026-05-30,Jamaica,Nigeria,1527,-12,3 - 0
2026-06-06,Jamaica,South Africa,1527,0,1 - 1
2021-06-07,Japan,Tajikistan,1761,2,4 - 1
2021-06-11,Japan,Serbia,1769,8,1 - 0
2021-06-15,Japan,Kyrgyzstan,1771,2,5 - 1
2021-09-02,Japan,Oman,1735,-36,0 - 1
2021-09-07,Japan,China,1743,8,1 - 0
2021-10-07,Japan,Saudi Arabia,1723,-20,1 - 0
2021-10-12,Japan,Australia,1740,17,2 - 1
2021-11-11,Japan,Vietnam,1747,7,0 - 1
2021-11-16,Japan,Oman,1760,13,0 - 1
2022-01-27,Japan,China,1767,7,2 - 0
2022-02-01,Japan,Saudi Arabia,1780,13,2 - 0
2022-03-24,Japan,Australia,1814,34,0 - 2
2022-03-29,Japan,Vietnam,1796,-18,1 - 1
2022-06-02,Japan,Paraguay,1806,10,4 - 1
2022-06-06,Japan,Brazil,1802,-4,0 - 1
2022-06-10,Japan,Ghana,1808,6,4 - 1
2022-06-14,Japan,Tunisia,1765,-43,0 - 3
2022-07-19,Japan,Hong Kong,1766,1,6 - 0
2022-07-24,Japan,China,1749,-17,0 - 0
2022-07-27,Japan,South Korea,1780,31,3 - 0
2022-09-23,Japan,USA,1797,17,2 - 0
2022-09-27,Japan,Ecuador,1798,1,0 - 0
2022-11-17,Japan,Canada,1787,-11,2 - 1
2022-11-23,Japan,Germany,1831,44,2 - 1
2022-11-27,Japan,Costa Rica,1792,-39,1 - 0
2022-12-01,Japan,Spain,1841,49,2 - 1
2022-12-05,Japan,Croatia,1850,9,1 - 1
2023-03-24,Japan,Uruguay,1849,-1,1 - 1
2023-03-28,Japan,Colombia,1838,-11,1 - 2
2023-06-15,Japan,El Salvador,1841,3,6 - 0
2023-06-20,Japan,Peru,1854,13,4 - 1
2023-09-09,Japan,Germany,1879,25,1 - 4
2023-09-12,Japan,Turkey,1887,8,4 - 2
2023-10-13,Japan,Canada,1893,6,4 - 1
2023-10-17,Japan,Tunisia,1899,6,2 - 0
2023-11-16,Japan,Myanmar,1899,0,5 - 0
2023-11-21,Japan,Syria,1904,5,5 - 0
2024-01-01,Japan,Thailand,1905,1,5 - 0
2024-01-09,Japan,Jordan,1909,4,6 - 1
2024-01-14,Japan,Vietnam,1912,3,4 - 2
2024-01-19,Japan,Iraq,1870,-42,2 - 1
2024-01-24,Japan,Indonesia,1872,2,3 - 1
2024-01-31,Japan,Bahrain,1879,7,3 - 1
2024-02-03,Japan,Iran,1850,-29,2 - 1
2024-03-21,Japan,North Korea,1851,1,1 - 0
2024-06-06,Japan,Myanmar,1852,1,0 - 5
2024-06-11,Japan,Syria,1856,4,5 - 0
2024-09-05,Japan,China,1859,3,7 - 0
2024-09-10,Japan,Bahrain,1873,14,0 - 5
2024-10-10,Japan,Saudi Arabia,1888,15,0 - 2
2024-10-15,Japan,Australia,1875,-13,1 - 1
2024-11-15,Japan,Indonesia,1881,6,0 - 4
2024-11-19,Japan,China,1888,7,1 - 3
2025-03-20,Japan,Bahrain,1892,4,2 - 0
2025-03-25,Japan,Saudi Arabia,1875,-17,0 - 0
2025-06-05,Japan,Australia,1852,-22,1 - 0
2025-06-10,Japan,Indonesia,1855,3,6 - 0
2025-07-08,Japan,Hong Kong,1857,1,6 - 1
2025-07-12,Japan,China,1861,4,2 - 0
2025-07-15,Japan,South Korea,1882,21,0 - 1
2025-09-06,Japan,Mexico,1881,-1,0 - 0
2025-09-09,Japan,USA,1862,-19,2 - 0
2025-10-10,Japan,Paraguay,1859,-3,2 - 2
2025-10-14,Japan,Brazil,1871,11,3 - 2
2025-11-14,Japan,Ghana,1873,2,2 - 0
2025-11-18,Japan,Bolivia,1878,5,3 - 0
2026-03-28,Japan,Scotland,1888,10,0 - 1
2026-03-31,Japan,England,1904,16,0 - 1
2026-05-31,Japan,Iceland,1906,2,1 - 0
2021-06-07,Jordan,Nepal,1474,3,3 - 0
2021-06-11,Jordan,Kuwait,1475,1,0 - 0
2021-06-15,Jordan,Australia,1468,-7,1 - 0
2021-09-04,Jordan,Haiti,1448,-20,2 - 0
2021-09-07,Jordan,Bahrain,1472,24,1 - 2
2021-10-06,Jordan,Malaysia,1478,6,4 - 0
2021-10-12,Jordan,Uzbekistan,1502,24,3 - 0
2021-11-10,Jordan,Kosovo,1520,18,0 - 2
2021-11-16,Jordan,Belarus,1511,-9,1 - 0
2021-12-01,Jordan,Saudi Arabia,1540,29,1 - 0
2021-12-04,Jordan,Morocco,1521,-19,4 - 0
2021-12-07,Jordan,Palestine,1549,28,5 - 1
2021-12-11,Jordan,Egypt,1528,-21,3 - 1
2022-01-28,Jordan,New Zealand,1543,15,3 - 1
2022-01-31,Jordan,South Sudan,1544,1,2 - 1
2022-05-28,Jordan,India,1548,4,2 - 0
2022-06-01,Jordan,Australia,1542,-6,2 - 1
2022-06-08,Jordan,Nepal,1544,2,2 - 0
2022-06-11,Jordan,Indonesia,1550,6,1 - 0
2022-06-14,Jordan,Kuwait,1573,23,0 - 3
2022-09-23,Jordan,Syria,1583,10,2 - 0
2022-09-26,Jordan,Oman,1593,10,1 - 0
2022-11-17,Jordan,Spain,1590,-3,1 - 3
2023-03-28,Jordan,Philippines,1592,2,4 - 0
2023-06-16,Jordan,Serbia,1589,-3,3 - 2
2023-06-19,Jordan,Jamaica,1598,9,2 - 1
2023-09-07,Jordan,Norway,1589,-9,6 - 0
2023-09-12,Jordan,Azerbaijan,1577,-12,2 - 1
2023-10-13,Jordan,Iran,1563,-14,1 - 3
2023-10-17,Jordan,Iraq,1560,-3,2 - 2
2023-11-16,Jordan,Tajikistan,1555,-5,1 - 1
2023-11-21,Jordan,Saudi Arabia,1516,-39,0 - 2
2023-12-28,Jordan,Lebanon,1503,-13,2 - 1
2024-01-05,Jordan,Qatar,1517,14,1 - 2
2024-01-09,Jordan,Japan,1513,-4,6 - 1
2024-01-15,Jordan,Malaysia,1535,22,4 - 0
2024-01-20,Jordan,South Korea,1552,17,2 - 2
2024-01-25,Jordan,Bahrain,1519,-33,1 - 0
2024-01-29,Jordan,Iraq,1554,35,3 - 2
2024-02-02,Jordan,Tajikistan,1569,15,1 - 0
2024-02-06,Jordan,South Korea,1627,58,2 - 0
2024-02-10,Jordan,Qatar,1597,-30,3 - 1
2024-03-21,Jordan,Pakistan,1598,1,0 - 3
2024-03-26,Jordan,Pakistan,1599,1,7 - 0
2024-06-06,Jordan,Tajikistan,1609,10,3 - 0
2024-06-11,Jordan,Saudi Arabia,1635,26,1 - 2
2024-09-05,Jordan,Kuwait,1614,-16,1 - 1
2024-09-10,Jordan,Palestine,1629,15,3 - 1
2024-10-10,Jordan,South Korea,1600,-29,0 - 2
2024-10-15,Jordan,Oman,1619,19,4 - 0
2024-11-14,Jordan,Iraq,1626,7,0 - 0
2024-11-19,Jordan,Kuwait,1616,-10,1 - 1
2025-01-27,Jordan,Uzbekistan,1618,2,0 - 0
2025-03-14,Jordan,North Korea,1611,-7,1 - 1
2025-03-20,Jordan,Palestine,1620,9,3 - 1
2025-03-25,Jordan,South Korea,1632,12,1 - 1
2025-05-30,Jordan,Saudi Arabia,1618,-14,2 - 0
2025-06-05,Jordan,Oman,1654,37,0 - 3
2025-06-10,Jordan,Iraq,1622,-32,0 - 1
2025-09-04,Jordan,Russia,1629,7,0 - 0
2025-09-09,Jordan,Dominican Republic,1632,3,3 - 0
2025-10-10,Jordan,Bolivia,1624,-8,1 - 0
2025-10-14,Jordan,Albania,1617,-9,4 - 2
2025-11-14,Jordan,Tunisia,1610,-7,3 - 2
2025-11-18,Jordan,Mali,1610,0,0 - 0
2025-12-03,Jordan,United Arab Emirates,1626,16,2 - 1
2025-12-06,Jordan,Kuwait,1637,11,3 - 1
2025-12-09,Jordan,Egypt,1671,34,3 - 0
2025-12-12,Jordan,Iraq,1687,16,1 - 0
2025-12-15,Jordan,Saudi Arabia,1703,16,1 - 0
2025-12-18,Jordan,Morocco,1691,-12,3 - 2
2026-03-27,Jordan,Costa Rica,1687,-2,2 - 2
2026-03-31,Jordan,Nigeria,1690,3,2 - 2
2026-05-31,Jordan,Switzerland,1685,-5,4 - 1
2026-06-07,Jordan,Colombia,1680,-5,2 - 0
2021-06-04,Kazakhstan,North Macedonia,1347,-5,4 - 0
2021-09-01,Kazakhstan,Ukraine,1362,15,2 - 2
2021-09-04,Kazakhstan,Finland,1359,-3,1 - 0
2021-09-07,Kazakhstan,Bosnia and Herzegovina,1375,16,2 - 2
2021-10-09,Kazakhstan,Bosnia and Herzegovina,1358,-17,0 - 2
2021-10-12,Kazakhstan,Finland,1345,-13,0 - 2
2021-11-13,Kazakhstan,France,1344,-1,8 - 0
2021-11-16,Kazakhstan,Tajikistan,1349,5,1 - 0
2022-03-24,Kazakhstan,Moldova,1365,16,1 - 2
2022-03-29,Kazakhstan,Moldova,1331,-34,0 - 1
2022-06-03,Kazakhstan,Azerbaijan,1350,19,2 - 0
2022-06-06,Kazakhstan,Slovakia,1387,37,0 - 1
2022-06-10,Kazakhstan,Belarus,1391,4,1 - 1
2022-06-13,Kazakhstan,Slovakia,1420,29,2 - 1
2022-09-22,Kazakhstan,Belarus,1434,14,2 - 1
2022-09-25,Kazakhstan,Azerbaijan,1401,-33,3 - 0
2022-11-16,Kazakhstan,Uzbekistan,1396,-5,2 - 0
2022-11-19,Kazakhstan,United Arab Emirates,1391,-5,2 - 1
2023-03-23,Kazakhstan,Slovenia,1380,-11,1 - 2
2023-03-26,Kazakhstan,Denmark,1417,37,3 - 2
2023-06-16,Kazakhstan,San Marino,1419,2,3 - 0
2023-06-19,Kazakhstan,Northern Ireland,1449,30,0 - 1
2023-09-07,Kazakhstan,Finland,1437,-12,0 - 1
2023-09-10,Kazakhstan,Northern Ireland,1454,17,1 - 0
2023-10-14,Kazakhstan,Denmark,1451,-3,3 - 1
2023-10-17,Kazakhstan,Finland,1485,34,1 - 2
2023-11-17,Kazakhstan,San Marino,1486,1,3 - 1
2023-11-20,Kazakhstan,Slovenia,1481,-5,2 - 1
2024-03-14,Kazakhstan,Turkmenistan,1486,5,2 - 0
2024-03-21,Kazakhstan,Greece,1476,-10,5 - 0
2024-03-26,Kazakhstan,Luxembourg,1470,-6,2 - 1
2024-06-07,Kazakhstan,Armenia,1462,-8,2 - 1
2024-06-11,Kazakhstan,Azerbaijan,1453,-9,3 - 2
2024-09-06,Kazakhstan,Norway,1463,10,0 - 0
2024-09-09,Kazakhstan,Slovenia,1457,-6,3 - 0
2024-10-10,Kazakhstan,Austria,1453,-4,4 - 0
2024-10-13,Kazakhstan,Slovenia,1443,-10,0 - 1
2024-11-14,Kazakhstan,Austria,1435,-8,0 - 2
2024-11-17,Kazakhstan,Norway,1430,-5,5 - 0
2025-02-17,Kazakhstan,North Korea,1413,-17,2 - 0
2025-03-19,Kazakhstan,Curaçao,1425,12,2 - 0
2025-03-22,Kazakhstan,Wales,1420,-5,3 - 1
2025-03-25,Kazakhstan,Liechtenstein,1425,5,0 - 2
2025-06-05,Kazakhstan,Belarus,1415,-10,4 - 1
2025-06-09,Kazakhstan,North Macedonia,1401,-14,0 - 1
2025-09-04,Kazakhstan,Wales,1392,-9,0 - 1
2025-09-07,Kazakhstan,Belgium,1389,-3,6 - 0
2025-10-10,Kazakhstan,Liechtenstein,1391,2,4 - 0
2025-10-13,Kazakhstan,North Macedonia,1406,15,1 - 1
2025-11-15,Kazakhstan,Belgium,1421,15,1 - 1
2025-11-18,Kazakhstan,Faroe Islands,1410,-11,1 - 0
2026-03-25,Kazakhstan,Namibia,1421,11,2 - 0
2026-03-31,Kazakhstan,Comoros,1430,9,1 - 0
2026-06-06,Kazakhstan,Armenia,1431,1,1 - 1
2026-06-09,Kazakhstan,Hungary,1428,-3,3 - 1
2021-09-02,Kenya,Uganda,1388,-3,0 - 0
2021-09-05,Kenya,Rwanda,1390,2,1 - 1
2021-10-07,Kenya,Mali,1368,-22,5 - 0
2021-10-10,Kenya,Mali,1354,-14,0 - 1
2021-11-11,Kenya,Uganda,1365,11,1 - 1
2021-11-15,Kenya,Rwanda,1375,10,2 - 1
2023-03-28,Kenya,Iran,1374,-1,2 - 1
2023-06-14,Kenya,Pakistan,1375,1,1 - 0
2023-06-18,Kenya,Mauritius,1349,-26,1 - 0
2023-09-07,Kenya,Qatar,1366,17,1 - 2
2023-09-12,Kenya,South Sudan,1348,-18,0 - 1
2023-10-16,Kenya,Russia,1356,8,2 - 2
2023-11-16,Kenya,Gabon,1345,-11,2 - 1
2023-11-20,Kenya,Seychelles,1350,5,5 - 0
2024-03-23,Kenya,Malawi,1386,36,0 - 4
2024-03-26,Kenya,Zimbabwe,1406,20,3 - 1
2024-06-07,Kenya,Burundi,1399,-7,1 - 1
2024-06-11,Kenya,Côte d'Ivoire,1411,12,0 - 0
2024-06-27,Kenya,Zambia,1444,33,2 - 0
2024-06-30,Kenya,Comoros,1401,-43,2 - 0
2024-07-02,Kenya,Zimbabwe,1426,25,2 - 0
2024-09-06,Kenya,Zimbabwe,1420,-6,0 - 0
2024-09-10,Kenya,Namibia,1437,17,2 - 1
2024-10-11,Kenya,Cameroon,1423,-14,4 - 1
2024-10-14,Kenya,Cameroon,1412,-11,1 - 0
2024-11-15,Kenya,Zimbabwe,1410,-2,1 - 1
2024-11-19,Kenya,Namibia,1405,-5,0 - 0
2025-03-20,Kenya,Gambia,1404,-1,3 - 3
2025-03-23,Kenya,Gabon,1381,-23,1 - 2
2025-06-07,Kenya,Chad,1373,-6,0 - 0
2025-06-10,Kenya,Chad,1377,4,2 - 1
2025-09-05,Kenya,Gambia,1340,-38,1 - 3
2025-09-09,Kenya,Seychelles,1343,3,5 - 0
2025-10-09,Kenya,Burundi,1365,22,0 - 1
2025-10-14,Kenya,Côte d'Ivoire,1354,-9,3 - 0
2025-11-14,Kenya,Equatorial Guinea,1347,-7,1 - 0
2025-11-18,Kenya,Senegal,1344,-3,8 - 0
2026-03-27,Kenya,Estonia,1345,1,1 - 1
2026-03-30,Kenya,Grenada,1356,11,3 - 0
2026-06-04,Kenya,Lesotho,1352,-4,1 - 1
2026-06-07,Kenya,Lesotho,1363,11,4 - 0
2021-06-04,Kosovo,Malta,1488,4,2 - 1
2021-06-08,Kosovo,Guinea,1476,-12,2 - 1
2021-06-11,Kosovo,Gambia,1483,7,1 - 0
2021-09-02,Kosovo,Georgia,1511,28,0 - 1
2021-09-05,Kosovo,Greece,1514,3,1 - 1
2021-09-08,Kosovo,Spain,1508,-6,0 - 2
2021-10-09,Kosovo,Sweden,1503,-5,3 - 0
2021-10-12,Kosovo,Georgia,1475,-28,1 - 2
2021-11-10,Kosovo,Jordan,1457,-18,0 - 2
2021-11-14,Kosovo,Greece,1472,15,1 - 1
2022-03-24,Kosovo,Burkina Faso,1492,20,5 - 0
2022-03-29,Kosovo,Switzerland,1501,9,1 - 1
2022-06-02,Kosovo,Cyprus,1525,24,0 - 2
2022-06-05,Kosovo,Greece,1509,-16,0 - 1
2022-06-09,Kosovo,Northern Ireland,1527,18,3 - 2
2022-06-12,Kosovo,Greece,1517,-10,2 - 0
2022-09-24,Kosovo,Northern Ireland,1504,-13,2 - 1
2022-09-27,Kosovo,Cyprus,1519,15,5 - 1
2022-11-16,Kosovo,Armenia,1515,-4,2 - 2
2022-11-19,Kosovo,Faroe Islands,1508,-7,1 - 1
2023-03-25,Kosovo,Israel,1519,11,1 - 1
2023-03-28,Kosovo,Andorra,1501,-18,1 - 1
2023-06-16,Kosovo,Romania,1502,1,0 - 0
2023-06-19,Kosovo,Belarus,1476,-26,2 - 1
2023-09-09,Kosovo,Switzerland,1490,14,2 - 2
2023-09-12,Kosovo,Romania,1478,-12,2 - 0
2023-10-12,Kosovo,Andorra,1491,13,0 - 3
2023-11-12,Kosovo,Israel,1513,22,1 - 0
2023-11-18,Kosovo,Switzerland,1530,17,1 - 1
2023-11-21,Kosovo,Belarus,1500,-30,0 - 1
2024-03-22,Kosovo,Armenia,1512,12,0 - 1
2024-03-26,Kosovo,Hungary,1510,-2,2 - 0
2024-06-05,Kosovo,Norway,1505,-5,3 - 0
2024-09-06,Kosovo,Romania,1478,-27,0 - 3
2024-09-09,Kosovo,Cyprus,1512,34,0 - 4
2024-10-12,Kosovo,Lithuania,1527,15,1 - 2
2024-10-15,Kosovo,Cyprus,1536,9,3 - 0
2024-11-15,Kosovo,Romania,1550,14,0 - 0
2024-11-18,Kosovo,Lithuania,1554,4,1 - 0
2025-03-20,Kosovo,Iceland,1570,16,2 - 1
2025-03-23,Kosovo,Iceland,1599,29,1 - 3
2025-06-06,Kosovo,Armenia,1603,5,5 - 2
2025-06-09,Kosovo,Comoros,1608,5,4 - 2
2025-09-05,Kosovo,Switzerland,1599,-9,4 - 0
2025-09-08,Kosovo,Sweden,1635,36,2 - 0
2025-10-10,Kosovo,Slovenia,1635,0,0 - 0
2025-10-13,Kosovo,Sweden,1664,29,0 - 1
2025-11-15,Kosovo,Slovenia,1709,44,0 - 2
2025-11-18,Kosovo,Switzerland,1714,5,1 - 1
2026-03-26,Kosovo,Slovakia,1737,24,3 - 4
2026-03-31,Kosovo,Turkey,1720,-17,0 - 1
2026-05-31,Kosovo,Czech Republic,1713,-7,2 - 1
2026-06-07,Kosovo,Andorra,1714,1,3 - 0
2021-06-03,Kuwait,Australia,1390,-16,0 - 3
2021-06-11,Kuwait,Jordan,1389,-1,0 - 0
2021-06-15,Kuwait,Taiwan,1390,1,2 - 1
2021-06-25,Kuwait,Bahrain,1373,-17,2 - 0
2021-09-04,Kuwait,Bosnia and Herzegovina,1371,-2,1 - 0
2021-11-11,Kuwait,Czech Republic,1369,-2,7 - 0
2021-11-15,Kuwait,Lithuania,1371,2,1 - 1
2022-01-29,Kuwait,Libya,1380,9,2 - 0
2022-02-01,Kuwait,Libya,1359,-21,0 - 2
2022-03-25,Kuwait,Latvia,1358,-1,1 - 1
2022-03-29,Kuwait,Malta,1342,-16,2 - 0
2022-06-01,Kuwait,Singapore,1349,7,2 - 0
2022-06-08,Kuwait,Indonesia,1317,-32,1 - 2
2022-06-11,Kuwait,Nepal,1321,4,4 - 1
2022-06-14,Kuwait,Jordan,1298,-23,0 - 3
2022-11-19,Kuwait,Lebanon,1315,17,2 - 0
2022-12-30,Kuwait,Iraq,1313,-2,1 - 0
2023-01-07,Kuwait,Qatar,1302,-11,2 - 0
2023-01-10,Kuwait,United Arab Emirates,1331,29,1 - 0
2023-01-13,Kuwait,Bahrain,1342,11,1 - 1
2023-03-24,Kuwait,Philippines,1345,3,2 - 0
2023-03-28,Kuwait,Tajikistan,1352,7,2 - 1
2023-06-12,Kuwait,Zambia,1376,24,3 - 0
2023-06-15,Kuwait,Sudan,1385,9,2 - 1
2023-06-21,Kuwait,Nepal,1389,4,3 - 1
2023-06-24,Kuwait,Pakistan,1392,3,4 - 0
2023-06-27,Kuwait,India,1391,-1,1 - 1
2023-07-01,Kuwait,Bangladesh,1393,2,1 - 0
2023-07-04,Kuwait,India,1392,-1,1 - 1
2023-09-07,Kuwait,Bahrain,1412,20,3 - 1
2023-09-11,Kuwait,Kyrgyzstan,1390,-22,3 - 1
2023-10-12,Kuwait,United Arab Emirates,1385,-5,1 - 0
2023-10-17,Kuwait,Syria,1396,11,2 - 1
2023-11-16,Kuwait,India,1364,-32,0 - 1
2023-11-21,Kuwait,Afghanistan,1377,13,4 - 0
2024-01-12,Kuwait,Libya,1362,-15,3 - 1
2024-01-19,Kuwait,Uganda,1347,-15,2 - 0
2024-03-21,Kuwait,Qatar,1340,-7,3 - 0
2024-03-26,Kuwait,Qatar,1330,-10,1 - 2
2024-06-06,Kuwait,India,1328,-2,0 - 0
2024-06-11,Kuwait,Afghanistan,1334,6,1 - 0
2024-09-05,Kuwait,Jordan,1350,16,1 - 1
2024-09-10,Kuwait,Iraq,1361,11,0 - 0
2024-10-10,Kuwait,Oman,1346,-15,4 - 0
2024-10-15,Kuwait,Palestine,1349,3,2 - 2
2024-11-14,Kuwait,South Korea,1341,-8,1 - 3
2024-11-19,Kuwait,Jordan,1351,10,1 - 1
2024-12-09,Kuwait,Yemen,1345,-6,1 - 1
2024-12-12,Kuwait,Lebanon,1334,-11,2 - 1
2024-12-15,Kuwait,Lebanon,1319,-15,2 - 0
2024-12-21,Kuwait,Oman,1323,4,1 - 1
2024-12-24,Kuwait,United Arab Emirates,1351,28,2 - 1
2024-12-27,Kuwait,Qatar,1355,4,1 - 1
2024-12-31,Kuwait,Bahrain,1337,-18,0 - 1
2025-03-15,Kuwait,China,1325,-12,3 - 1
2025-03-20,Kuwait,Iraq,1340,15,2 - 2
2025-03-25,Kuwait,Oman,1325,-15,0 - 1
2025-06-05,Kuwait,Palestine,1294,-30,0 - 2
2025-06-10,Kuwait,South Korea,1291,-3,4 - 0
2025-09-08,Kuwait,Syria,1295,4,2 - 2
2025-10-09,Kuwait,Uzbekistan,1294,-1,2 - 0
2025-11-15,Kuwait,Tanzania,1307,11,4 - 3
2025-11-18,Kuwait,Gambia,1310,3,2 - 2
2025-11-25,Kuwait,Mauritania,1343,33,2 - 0
2025-12-02,Kuwait,Egypt,1357,14,1 - 1
2025-12-06,Kuwait,Jordan,1346,-11,3 - 1
2025-12-09,Kuwait,United Arab Emirates,1330,-16,3 - 1
2026-06-05,Kuwait,Thailand,1332,4,2 - 2
2021-06-07,Kyrgyzstan,Mongolia,1232,-38,1 - 0
2021-06-11,Kyrgyzstan,Myanmar,1255,23,8 - 1
2021-06-15,Kyrgyzstan,Japan,1253,-2,5 - 1
2021-09-02,Kyrgyzstan,Palestine,1272,19,1 - 0
2021-09-07,Kyrgyzstan,Bangladesh,1274,2,4 - 1
2021-11-11,Kyrgyzstan,Singapore,1280,6,2 - 1
2021-11-16,Kyrgyzstan,Bahrain,1277,-3,4 - 2
2022-03-25,Kyrgyzstan,Uzbekistan,1272,-5,3 - 1
2022-03-29,Kyrgyzstan,Tajikistan,1257,-15,1 - 0
2022-06-08,Kyrgyzstan,Singapore,1265,8,2 - 1
2022-06-11,Kyrgyzstan,Myanmar,1270,5,2 - 0
2022-06-14,Kyrgyzstan,Tajikistan,1266,-4,0 - 0
2022-09-24,Kyrgyzstan,Russia,1264,-2,1 - 2
2023-03-25,Kyrgyzstan,Myanmar,1252,-12,1 - 1
2023-03-28,Kyrgyzstan,India,1234,-18,2 - 0
2023-06-10,Kyrgyzstan,Afghanistan,1242,8,1 - 0
2023-06-16,Kyrgyzstan,Iran,1236,-6,1 - 5
2023-06-20,Kyrgyzstan,Oman,1231,-5,0 - 1
2023-09-11,Kyrgyzstan,Kuwait,1253,22,3 - 1
2023-10-12,Kyrgyzstan,Bahrain,1249,-4,2 - 0
2023-10-15,Kyrgyzstan,Philippines,1234,-15,1 - 0
2023-11-16,Kyrgyzstan,Malaysia,1222,-12,4 - 3
2023-11-21,Kyrgyzstan,Oman,1254,32,1 - 0
2023-12-25,Kyrgyzstan,Uzbekistan,1251,-3,4 - 1
2023-12-30,Kyrgyzstan,United Arab Emirates,1249,-2,1 - 0
2024-01-05,Kyrgyzstan,Syria,1254,5,1 - 1
2024-01-09,Kyrgyzstan,Vietnam,1268,14,2 - 1
2024-01-16,Kyrgyzstan,Thailand,1242,-26,2 - 0
2024-01-21,Kyrgyzstan,Saudi Arabia,1234,-8,2 - 0
2024-01-25,Kyrgyzstan,Oman,1251,17,1 - 1
2024-03-21,Kyrgyzstan,Taiwan,1264,13,0 - 2
2024-03-26,Kyrgyzstan,Taiwan,1269,5,5 - 1
2024-06-06,Kyrgyzstan,Malaysia,1263,-6,1 - 1
2024-06-11,Kyrgyzstan,Oman,1279,16,1 - 1
2024-09-05,Kyrgyzstan,Iran,1278,-1,1 - 0
2024-09-10,Kyrgyzstan,Uzbekistan,1272,-6,2 - 3
2024-10-10,Kyrgyzstan,Qatar,1267,-5,3 - 1
2024-10-15,Kyrgyzstan,North Korea,1290,23,1 - 0
2024-11-14,Kyrgyzstan,United Arab Emirates,1281,-9,3 - 0
2024-11-19,Kyrgyzstan,Iran,1278,-3,2 - 3
2025-03-20,Kyrgyzstan,Uzbekistan,1276,-2,1 - 0
2025-03-25,Kyrgyzstan,Qatar,1319,43,3 - 1
2025-06-05,Kyrgyzstan,North Korea,1321,3,2 - 2
2025-06-10,Kyrgyzstan,United Arab Emirates,1328,7,1 - 1
2025-09-02,Kyrgyzstan,Oman,1314,-10,2 - 1
2025-09-05,Kyrgyzstan,Uzbekistan,1310,-4,4 - 0
2026-03-25,Kyrgyzstan,Equatorial Guinea,1305,-8,1 - 0
2026-03-28,Kyrgyzstan,Madagascar,1291,-14,5 - 2
2026-06-06,Kyrgyzstan,Palestine,1293,2,0 - 0
2026-06-09,Kyrgyzstan,Palestine,1295,2,0 - 0
2021-12-06,Laos,Vietnam,689,-1,2 - 0
2021-12-09,Laos,Malaysia,685,-4,4 - 0
2021-12-12,Laos,Indonesia,680,-5,5 - 1
2021-12-15,Laos,Cambodia,660,-20,3 - 0
2022-03-23,Laos,Mongolia,670,10,1 - 0
2022-03-27,Laos,Brunei,676,6,3 - 2
2022-09-24,Laos,Maldives,667,-9,3 - 1
2022-09-27,Laos,Brunei,653,-14,1 - 0
2022-12-21,Laos,Vietnam,651,-2,0 - 6
2022-12-24,Laos,Malaysia,649,-2,5 - 0
2022-12-27,Laos,Singapore,643,-6,0 - 2
2022-12-30,Laos,Myanmar,659,16,2 - 2
2023-03-22,Laos,Nepal,654,-5,2 - 0
2023-03-25,Laos,Bhutan,665,11,2 - 1
2023-03-31,Laos,Nepal,662,-3,2 - 1
2023-10-12,Laos,Nepal,678,16,1 - 1
2023-10-17,Laos,Nepal,665,-13,0 - 1
2024-11-14,Laos,Malaysia,664,-1,3 - 1
2024-11-17,Laos,Thailand,674,10,1 - 1
2024-12-09,Laos,Vietnam,670,-4,1 - 4
2024-12-12,Laos,Indonesia,690,20,3 - 3
2024-12-15,Laos,Philippines,703,13,1 - 1
2024-12-18,Laos,Myanmar,697,-6,3 - 2
2025-03-20,Laos,Sri Lanka,685,-12,1 - 2
2025-03-25,Laos,Vietnam,684,-1,5 - 0
2025-06-10,Laos,Nepal,713,29,2 - 1
2025-10-09,Laos,Malaysia,710,-4,0 - 3
2025-10-14,Laos,Malaysia,711,-1,5 - 1
2025-11-19,Laos,Vietnam,708,-3,0 - 2
2026-03-31,Laos,Nepal,734,26,1 - 0
2021-06-04,Latvia,Lithuania,1289,21,3 - 1
2021-06-07,Latvia,Germany,1288,-1,7 - 1
2021-06-10,Latvia,Estonia,1281,-7,2 - 1
2021-09-01,Latvia,Gibraltar,1290,9,3 - 1
2021-09-04,Latvia,Norway,1283,-7,0 - 2
2021-09-07,Latvia,Montenegro,1298,15,0 - 0
2021-10-08,Latvia,Netherlands,1296,-2,0 - 1
2021-10-11,Latvia,Turkey,1290,-6,1 - 2
2021-11-13,Latvia,Norway,1309,19,0 - 0
2021-11-16,Latvia,Gibraltar,1327,18,1 - 3
2022-03-25,Latvia,Kuwait,1328,1,1 - 1
2022-03-29,Latvia,Azerbaijan,1338,10,1 - 0
2022-06-03,Latvia,Andorra,1346,8,3 - 0
2022-06-06,Latvia,Liechtenstein,1350,4,1 - 0
2022-06-10,Latvia,Moldova,1378,28,2 - 4
2022-06-14,Latvia,Liechtenstein,1390,12,0 - 2
2022-09-22,Latvia,Moldova,1357,-33,1 - 2
2022-09-25,Latvia,Andorra,1349,-8,1 - 1
2022-11-16,Latvia,Estonia,1348,-1,1 - 1
2022-11-19,Latvia,Iceland,1352,4,1 - 1
2023-03-22,Latvia,Republic of Ireland,1350,-2,3 - 2
2023-03-28,Latvia,Wales,1348,-2,1 - 0
2023-06-16,Latvia,Turkey,1340,-8,2 - 3
2023-06-19,Latvia,Armenia,1332,-8,2 - 1
2023-09-08,Latvia,Croatia,1331,-1,5 - 0
2023-09-11,Latvia,Wales,1318,-13,0 - 2
2023-10-12,Latvia,Armenia,1356,38,2 - 0
2023-10-15,Latvia,Turkey,1352,-4,4 - 0
2023-11-18,Latvia,Croatia,1349,-3,0 - 2
2023-11-21,Latvia,Poland,1347,-2,2 - 0
2024-03-21,Latvia,Cyprus,1349,2,1 - 1
2024-03-26,Latvia,Liechtenstein,1341,-8,1 - 1
2024-06-08,Latvia,Lithuania,1312,-29,0 - 2
2024-06-11,Latvia,Faroe Islands,1321,9,1 - 0
2024-09-07,Latvia,Armenia,1307,-14,4 - 1
2024-09-10,Latvia,Faroe Islands,1319,12,1 - 0
2024-10-10,Latvia,North Macedonia,1297,-22,0 - 3
2024-10-13,Latvia,Faroe Islands,1300,3,1 - 1
2024-11-14,Latvia,North Macedonia,1296,-4,1 - 0
2024-11-17,Latvia,Armenia,1276,-20,1 - 2
2025-03-21,Latvia,Andorra,1291,15,0 - 1
2025-03-24,Latvia,England,1290,-1,3 - 0
2025-06-07,Latvia,Azerbaijan,1289,-1,0 - 0
2025-06-10,Latvia,Albania,1301,12,1 - 1
2025-09-06,Latvia,Serbia,1298,-3,0 - 1
2025-09-09,Latvia,Albania,1295,-3,1 - 0
2025-10-11,Latvia,Andorra,1280,-15,2 - 2
2025-10-14,Latvia,England,1278,-2,0 - 5
2025-11-13,Latvia,North Macedonia,1287,9,0 - 0
2025-11-16,Latvia,Serbia,1286,-1,2 - 1
2026-03-26,Latvia,Gibraltar,1297,11,0 - 1
2026-03-31,Latvia,Gibraltar,1301,4,1 - 0
2026-06-06,Latvia,Lithuania,1305,4,1 - 1
2026-06-09,Latvia,Faroe Islands,1288,-17,0 - 1
2021-06-05,Lebanon,Sri Lanka,1387,1,3 - 2
2021-06-09,Lebanon,Turkmenistan,1360,-27,3 - 2
2021-06-13,Lebanon,South Korea,1358,-2,2 - 1
2021-06-23,Lebanon,Djibouti,1361,3,1 - 0
2021-09-02,Lebanon,United Arab Emirates,1373,12,0 - 0
2021-09-07,Lebanon,South Korea,1371,-2,1 - 0
2021-10-07,Lebanon,Iraq,1383,12,0 - 0
2021-10-12,Lebanon,Syria,1406,23,3 - 2
2021-11-11,Lebanon,Iran,1401,-5,1 - 2
2021-11-16,Lebanon,United Arab Emirates,1379,-22,0 - 1
2021-12-01,Lebanon,Egypt,1371,-8,1 - 0
2021-12-04,Lebanon,Algeria,1365,-6,2 - 0
2021-12-07,Lebanon,Sudan,1384,19,1 - 0
2022-01-27,Lebanon,South Korea,1378,-6,0 - 1
2022-02-01,Lebanon,Iraq,1382,4,1 - 1
2022-03-24,Lebanon,Syria,1339,-43,0 - 3
2022-03-29,Lebanon,Iran,1337,-2,2 - 0
2022-11-19,Lebanon,Kuwait,1320,-17,2 - 0
2022-12-30,Lebanon,United Arab Emirates,1316,-4,1 - 0
2023-03-27,Lebanon,Oman,1313,-3,2 - 0
2023-06-09,Lebanon,Vanuatu,1325,12,3 - 1
2023-06-12,Lebanon,Mongolia,1311,-14,0 - 0
2023-06-15,Lebanon,India,1313,2,0 - 0
2023-06-18,Lebanon,India,1293,-20,2 - 0
2023-06-22,Lebanon,Bangladesh,1298,5,2 - 0
2023-06-25,Lebanon,Bhutan,1299,1,4 - 1
2023-06-28,Lebanon,Maldives,1303,4,1 - 0
2023-07-01,Lebanon,India,1307,4,0 - 0
2023-09-07,Lebanon,Thailand,1299,-8,2 - 1
2023-09-10,Lebanon,India,1313,14,1 - 0
2023-10-12,Lebanon,Montenegro,1310,-3,3 - 2
2023-10-17,Lebanon,United Arab Emirates,1307,-3,2 - 1
2023-11-16,Lebanon,Palestine,1313,6,0 - 0
2023-11-21,Lebanon,Bangladesh,1299,-14,1 - 1
2023-12-28,Lebanon,Jordan,1312,13,2 - 1
2024-01-04,Lebanon,Saudi Arabia,1309,-3,1 - 0
2024-01-12,Lebanon,Qatar,1297,-12,3 - 0
2024-01-17,Lebanon,China,1306,9,0 - 0
2024-01-22,Lebanon,Tajikistan,1286,-20,2 - 1
2024-03-21,Lebanon,Australia,1284,-2,2 - 0
2024-03-26,Lebanon,Australia,1281,-3,5 - 0
2024-06-06,Lebanon,Palestine,1289,8,0 - 0
2024-06-11,Lebanon,Bangladesh,1297,8,4 - 0
2024-09-04,Lebanon,Tajikistan,1316,19,1 - 0
2024-09-08,Lebanon,Malaysia,1304,-12,1 - 0
2024-11-14,Lebanon,Thailand,1310,6,0 - 0
2024-11-19,Lebanon,Myanmar,1313,3,2 - 3
2024-12-12,Lebanon,Kuwait,1324,11,2 - 1
2024-12-15,Lebanon,Kuwait,1339,15,2 - 0
2025-03-20,Lebanon,Timor-Leste,1340,1,4 - 0
2025-03-25,Lebanon,Brunei,1342,2,5 - 0
2025-05-28,Lebanon,Oman,1339,-3,1 - 0
2025-06-10,Lebanon,Yemen,1327,-12,0 - 0
2025-09-08,Lebanon,Indonesia,1346,3,0 - 0
2025-10-09,Lebanon,Bhutan,1347,1,2 - 0
2025-10-14,Lebanon,Bhutan,1349,1,4 - 0
2025-11-18,Lebanon,Brunei,1351,2,0 - 3
2025-11-26,Lebanon,Sudan,1332,-19,2 - 1
2026-06-04,Lebanon,Yemen,1288,-44,2 - 0
2021-06-02,Lesotho,Mozambique,1267,-24,5 - 0
2021-06-05,Lesotho,Eswatini,1246,-21,1 - 0
2021-07-03,Lesotho,Namibia,1249,3,0 - 0
2021-07-06,Lesotho,Eswatini,1211,-38,3 - 1
2021-07-08,Lesotho,Zambia,1244,33,2 - 1
2021-07-10,Lesotho,Botswana,1211,-33,4 - 0
2021-07-13,Lesotho,South Africa,1204,-7,4 - 0
2022-03-08,Lesotho,Eswatini,1208,4,0 - 0
2022-03-08,Lesotho,Eswatini,1196,-12,4 - 0
2022-03-23,Lesotho,Seychelles,1182,-14,0 - 0
2022-03-27,Lesotho,Seychelles,1193,11,3 - 1
2022-05-26,Lesotho,Namibia,1207,14,2 - 1
2022-05-28,Lesotho,Ethiopia,1213,6,1 - 1
2022-05-30,Lesotho,Ethiopia,1218,5,1 - 1
2022-06-03,Lesotho,Comoros,1201,-17,2 - 0
2022-06-09,Lesotho,Côte d'Ivoire,1219,18,0 - 0
2022-07-06,Lesotho,Malawi,1244,25,2 - 1
2022-07-08,Lesotho,Mauritius,1250,6,2 - 1
2022-07-10,Lesotho,Eswatini,1223,-27,2 - 0
2023-02-25,Lesotho,Malawi,1228,5,1 - 1
2023-02-26,Lesotho,Malawi,1242,14,0 - 1
2023-03-16,Lesotho,Eswatini,1241,-1,0 - 0
2023-03-23,Lesotho,Zambia,1233,-8,3 - 1
2023-03-26,Lesotho,Zambia,1221,-12,0 - 2
2023-06-03,Lesotho,Eswatini,1236,15,1 - 2
2023-06-03,Lesotho,Eswatini,1230,-6,1 - 0
2023-06-14,Lesotho,Togo,1219,-11,2 - 0
2023-06-17,Lesotho,Comoros,1200,-19,1 - 0
2023-07-07,Lesotho,Mauritius,1212,12,2 - 0
2023-07-10,Lesotho,Mozambique,1240,28,1 - 0
2023-07-12,Lesotho,Angola,1222,-18,4 - 2
2023-07-14,Lesotho,Malawi,1228,6,1 - 1
2023-07-16,Lesotho,Zambia,1222,-6,1 - 0
2023-09-09,Lesotho,Côte d'Ivoire,1220,-2,1 - 0
2023-11-16,Lesotho,Nigeria,1238,18,1 - 1
2023-11-21,Lesotho,Benin,1244,6,0 - 0
2024-01-06,Lesotho,Mozambique,1234,-10,2 - 0
2024-01-10,Lesotho,South Africa,1242,8,0 - 0
2024-03-21,Lesotho,Ethiopia,1256,14,1 - 2
2024-03-24,Lesotho,Ethiopia,1250,-6,2 - 1
2024-06-01,Lesotho,Namibia,1253,3,1 - 1
2024-06-07,Lesotho,Zimbabwe,1289,36,2 - 0
2024-06-11,Lesotho,Rwanda,1271,-18,1 - 0
2024-06-28,Lesotho,Seychelles,1254,-17,1 - 1
2024-07-01,Lesotho,Namibia,1241,-13,2 - 1
2024-07-03,Lesotho,Angola,1230,-11,3 - 1
2024-09-05,Lesotho,Central African Republic,1208,-22,3 - 1
2024-09-09,Lesotho,Morocco,1207,-1,1 - 0
2024-10-11,Lesotho,Gabon,1222,15,0 - 0
2024-10-15,Lesotho,Gabon,1208,-14,2 - 0
2024-11-14,Lesotho,Central African Republic,1235,27,1 - 0
2024-11-18,Lesotho,Morocco,1233,-2,7 - 0
2025-03-21,Lesotho,South Africa,1229,-4,2 - 0
2025-03-25,Lesotho,Rwanda,1240,11,1 - 1
2025-06-05,Lesotho,Malawi,1259,22,1 - 0
2025-06-08,Lesotho,Angola,1246,-13,4 - 0
2025-06-10,Lesotho,Namibia,1222,-24,3 - 0
2025-09-05,Lesotho,South Africa,1216,-6,3 - 0
2025-09-09,Lesotho,Benin,1199,-17,4 - 0
2025-10-10,Lesotho,Nigeria,1195,-4,2 - 1
2025-10-13,Lesotho,Zimbabwe,1224,29,1 - 0
2025-11-15,Lesotho,Malawi,1224,1,0 - 0
2025-11-18,Lesotho,Malawi,1215,-9,1 - 0
2026-03-26,Lesotho,Seychelles,1200,-16,0 - 0
2026-03-29,Lesotho,Seychelles,1205,5,2 - 1
2026-06-04,Lesotho,Kenya,1209,4,1 - 1
2026-06-07,Lesotho,Kenya,1198,-11,4 - 0
2021-06-11,Liberia,Mauritania,1349,-10,1 - 0
2021-06-14,Liberia,Libya,1359,10,1 - 0
2021-06-17,Liberia,Algeria,1357,-2,5 - 1
2021-09-03,Liberia,Nigeria,1352,-5,2 - 0
2021-09-06,Liberia,Central African Republic,1369,17,1 - 0
2021-09-30,Liberia,Egypt,1365,-4,2 - 0
2021-10-07,Liberia,Cabo Verde,1348,-17,2 - 1
2021-10-10,Liberia,Cabo Verde,1338,-10,1 - 0
2021-11-13,Liberia,Nigeria,1330,-8,2 - 0
2021-11-16,Liberia,Central African Republic,1357,27,3 - 1
2022-03-24,Liberia,Benin,1343,-14,4 - 0
2022-03-27,Liberia,Sierra Leone,1333,-10,1 - 0
2022-03-29,Liberia,Burundi,1321,-12,2 - 1
2022-06-13,Liberia,Morocco,1318,-3,2 - 0
2022-09-25,Liberia,Niger,1315,-3,0 - 0
2022-09-27,Liberia,Egypt,1311,-4,3 - 0
2023-03-24,Liberia,South Africa,1326,15,2 - 2
2023-03-28,Liberia,South Africa,1312,-14,1 - 2
2023-09-12,Liberia,Ghana,1309,-3,3 - 1
2023-10-14,Liberia,Libya,1300,-9,3 - 2
2023-10-17,Liberia,Morocco,1298,-2,3 - 0
2023-11-17,Liberia,Malawi,1274,-24,0 - 1
2023-11-20,Liberia,Equatorial Guinea,1261,-13,0 - 1
2024-03-20,Liberia,Djibouti,1269,8,2 - 0
2024-03-26,Liberia,Djibouti,1252,-17,0 - 0
2024-06-05,Liberia,Namibia,1259,7,1 - 1
2024-06-09,Liberia,São Tomé and Príncipe,1269,10,1 - 0
2024-09-06,Liberia,Togo,1279,10,1 - 1
2024-09-10,Liberia,Algeria,1267,-12,0 - 3
2024-10-11,Liberia,Equatorial Guinea,1262,-5,1 - 0
2024-10-14,Liberia,Equatorial Guinea,1251,-11,1 - 2
2024-11-13,Liberia,Togo,1271,20,1 - 0
2024-11-17,Liberia,Algeria,1267,-4,5 - 1
2025-03-19,Liberia,Tunisia,1259,-8,0 - 1
2025-03-24,Liberia,São Tomé and Príncipe,1265,6,2 - 1
2025-09-04,Liberia,Tunisia,1258,-5,3 - 0
2025-09-08,Liberia,Malawi,1265,7,2 - 2
2025-10-09,Liberia,Namibia,1295,30,3 - 1
2025-10-13,Liberia,Equatorial Guinea,1308,13,1 - 1
2025-11-15,Liberia,Guinea,1299,-8,2 - 0
2026-03-27,Liberia,Benin,1293,-7,1 - 0
2026-03-31,Liberia,Libya,1297,4,2 - 2
2026-06-06,Liberia,Sierra Leone,1291,-6,1 - 0
2026-06-09,Liberia,Sierra Leone,1304,13,3 - 1
2021-06-14,Libya,Liberia,1348,-10,1 - 0
2021-06-19,Libya,Sudan,1330,-18,1 - 0
2021-09-01,Libya,Gabon,1350,20,2 - 1
2021-09-07,Libya,Angola,1376,26,0 - 1
2021-10-08,Libya,Egypt,1371,-5,1 - 0
2021-10-11,Libya,Egypt,1349,-22,0 - 3
2021-11-12,Libya,Gabon,1338,-11,1 - 0
2021-11-16,Libya,Angola,1333,-5,1 - 1
2022-01-29,Libya,Kuwait,1324,-9,2 - 0
2022-02-01,Libya,Kuwait,1345,21,0 - 2
2022-03-26,Libya,Niger,1356,11,2 - 1
2022-03-29,Libya,Mauritania,1337,-19,2 - 0
2022-06-01,Libya,Botswana,1350,13,1 - 0
2022-06-06,Libya,Equatorial Guinea,1334,-16,2 - 0
2022-09-21,Libya,Uganda,1333,-1,0 - 0
2022-09-27,Libya,Tanzania,1344,11,2 - 1
2022-11-17,Libya,Niger,1352,8,3 - 2
2023-03-24,Libya,Tunisia,1348,-4,3 - 0
2023-03-28,Libya,Tunisia,1342,-6,0 - 1
2023-06-17,Libya,Botswana,1327,-15,1 - 0
2023-09-06,Libya,Equatorial Guinea,1331,4,1 - 1
2023-10-14,Libya,Liberia,1340,9,3 - 2
2023-10-17,Libya,Niger,1337,-3,1 - 1
2023-10-19,Libya,Somalia,1328,-9,0 - 0
2023-11-11,Libya,Sudan,1334,6,2 - 1
2023-11-17,Libya,Eswatini,1351,17,1 - 0
2023-11-21,Libya,Cameroon,1360,9,1 - 1
2024-01-02,Libya,Indonesia,1375,15,4 - 0
2024-01-05,Libya,Indonesia,1382,7,2 - 1
2024-01-12,Libya,Kuwait,1397,15,3 - 1
2024-03-22,Libya,Burkina Faso,1410,13,2 - 1
2024-03-26,Libya,Togo,1409,-1,1 - 1
2024-06-06,Libya,Mauritius,1411,2,2 - 1
2024-06-11,Libya,Cabo Verde,1403,-8,1 - 0
2024-09-04,Libya,Rwanda,1399,-9,1 - 1
2024-09-10,Libya,Benin,1379,-20,2 - 1
2024-10-11,Libya,Nigeria,1373,-6,1 - 0
2024-11-14,Libya,Rwanda,1397,24,0 - 1
2024-11-18,Libya,Benin,1393,-4,0 - 0
2025-03-20,Libya,Angola,1397,4,1 - 1
2025-03-25,Libya,Cameroon,1387,-10,3 - 1
2025-09-04,Libya,Angola,1421,35,0 - 1
2025-09-08,Libya,Eswatini,1430,9,2 - 0
2025-10-08,Libya,Cabo Verde,1431,1,3 - 3
2025-10-13,Libya,Mauritius,1419,-12,0 - 0
2025-11-15,Libya,Mauritania,1422,5,1 - 0
2025-11-25,Libya,Palestine,1424,2,0 - 0
2026-03-27,Libya,Niger,1424,-1,0 - 0
2026-03-31,Libya,Liberia,1420,-4,2 - 2
2021-06-03,Liechtenstein,Switzerland,1100,0,7 - 0
2021-06-07,Liechtenstein,Faroe Islands,1093,-7,5 - 1
2021-09-02,Liechtenstein,Germany,1092,-1,2 - 0
2021-09-05,Liechtenstein,Romania,1091,-1,2 - 0
2021-09-08,Liechtenstein,Armenia,1110,19,1 - 1
2021-10-08,Liechtenstein,North Macedonia,1101,-9,0 - 4
2021-10-11,Liechtenstein,Iceland,1098,-3,4 - 0
2021-11-11,Liechtenstein,Germany,1098,0,9 - 0
2021-11-14,Liechtenstein,Romania,1094,-4,0 - 2
2022-03-25,Liechtenstein,Cabo Verde,1090,-4,6 - 0
2022-03-29,Liechtenstein,Faroe Islands,1084,-6,1 - 0
2022-06-03,Liechtenstein,Moldova,1056,-28,0 - 2
2022-06-06,Liechtenstein,Latvia,1052,-4,1 - 0
2022-06-10,Liechtenstein,Andorra,1039,-13,2 - 1
2022-06-14,Liechtenstein,Latvia,1027,-12,0 - 2
2022-09-22,Liechtenstein,Andorra,993,-34,0 - 2
2022-09-25,Liechtenstein,Moldova,986,-7,2 - 0
2022-11-16,Liechtenstein,Gibraltar,978,-8,2 - 0
2023-03-26,Liechtenstein,Iceland,971,-7,0 - 7
2023-06-17,Liechtenstein,Luxembourg,969,-2,2 - 0
2023-06-20,Liechtenstein,Slovakia,967,-2,0 - 1
2023-09-08,Liechtenstein,Bosnia and Herzegovina,966,-1,2 - 1
2023-09-11,Liechtenstein,Slovakia,965,-1,3 - 0
2023-10-13,Liechtenstein,Bosnia and Herzegovina,961,-4,0 - 2
2023-10-16,Liechtenstein,Iceland,959,-2,4 - 0
2023-11-19,Liechtenstein,Luxembourg,956,-3,0 - 1
2024-03-22,Liechtenstein,Faroe Islands,951,-5,4 - 0
2024-03-26,Liechtenstein,Latvia,959,8,1 - 1
2024-06-03,Liechtenstein,Albania,958,-1,3 - 0
2024-06-07,Liechtenstein,Romania,968,10,0 - 0
2024-09-05,Liechtenstein,San Marino,943,-25,1 - 0
2024-09-08,Liechtenstein,Gibraltar,954,11,2 - 2
2024-10-10,Liechtenstein,Hong Kong,966,12,1 - 0
2024-11-14,Liechtenstein,Malta,963,-3,2 - 0
2024-11-18,Liechtenstein,San Marino,914,-49,1 - 3
2025-03-22,Liechtenstein,North Macedonia,912,-2,0 - 3
2025-03-25,Liechtenstein,Kazakhstan,907,-5,0 - 2
2025-06-09,Liechtenstein,Scotland,906,-1,0 - 4
2025-09-04,Liechtenstein,Belgium,905,-1,0 - 6
2025-09-07,Liechtenstein,North Macedonia,904,-1,5 - 0
2025-10-10,Liechtenstein,Kazakhstan,902,-2,4 - 0
2025-11-15,Liechtenstein,Wales,900,-1,0 - 1
2026-03-26,Liechtenstein,Tanzania,928,28,1 - 0
2026-03-29,Liechtenstein,Aruba,904,-24,4 - 1
2026-06-04,Liechtenstein,Andorra,899,-5,2 - 0
2026-06-07,Liechtenstein,Cyprus,895,-4,0 - 2
2021-06-04,Lithuania,Latvia,1319,-21,3 - 1
2021-06-08,Lithuania,Spain,1319,0,4 - 0
2021-09-02,Lithuania,Northern Ireland,1298,-21,1 - 4
2021-09-05,Lithuania,Bulgaria,1293,-5,1 - 0
2021-09-08,Lithuania,Italy,1292,-1,5 - 0
2021-10-09,Lithuania,Bulgaria,1334,42,3 - 1
2021-10-12,Lithuania,Switzerland,1330,-4,0 - 4
2021-11-12,Lithuania,Northern Ireland,1325,-5,1 - 0
2021-11-15,Lithuania,Kuwait,1323,-2,1 - 1
2022-03-25,Lithuania,San Marino,1325,2,1 - 2
2022-03-29,Lithuania,Republic of Ireland,1324,-1,1 - 0
2022-06-04,Lithuania,Luxembourg,1291,-33,0 - 2
2022-06-07,Lithuania,Turkey,1280,-11,0 - 6
2022-06-11,Lithuania,Faroe Islands,1263,-17,2 - 1
2022-06-14,Lithuania,Turkey,1261,-2,2 - 0
2022-09-22,Lithuania,Faroe Islands,1255,-6,1 - 1
2022-09-25,Lithuania,Luxembourg,1248,-7,1 - 0
2022-11-16,Lithuania,Iceland,1256,8,0 - 0
2022-11-19,Lithuania,Estonia,1248,-8,2 - 0
2023-03-24,Lithuania,Serbia,1247,-1,2 - 0
2023-03-27,Lithuania,Greece,1256,9,0 - 0
2023-06-17,Lithuania,Bulgaria,1263,7,1 - 1
2023-06-20,Lithuania,Hungary,1262,-1,2 - 0
2023-09-07,Lithuania,Montenegro,1272,10,2 - 2
2023-09-10,Lithuania,Serbia,1268,-4,1 - 3
2023-10-14,Lithuania,Bulgaria,1320,52,0 - 2
2023-10-17,Lithuania,Hungary,1337,17,2 - 2
2023-11-16,Lithuania,Montenegro,1328,-9,2 - 0
2023-11-19,Lithuania,Cyprus,1320,-8,1 - 0
2024-03-21,Lithuania,Gibraltar,1327,7,1 - 0
2024-03-26,Lithuania,Gibraltar,1331,4,1 - 0
2024-06-08,Lithuania,Latvia,1360,29,0 - 2
2024-06-11,Lithuania,Estonia,1356,-4,1 - 1
2024-09-06,Lithuania,Cyprus,1328,-28,0 - 1
2024-09-09,Lithuania,Romania,1324,-4,3 - 1
2024-10-12,Lithuania,Kosovo,1309,-15,1 - 2
2024-10-15,Lithuania,Romania,1303,-6,1 - 2
2024-11-15,Lithuania,Cyprus,1288,-15,2 - 1
2024-11-18,Lithuania,Kosovo,1284,-4,1 - 0
2025-03-21,Lithuania,Poland,1282,-2,1 - 0
2025-03-24,Lithuania,Finland,1291,9,2 - 2
2025-06-07,Lithuania,Malta,1295,4,0 - 0
2025-06-10,Lithuania,Denmark,1294,-1,5 - 0
2025-09-04,Lithuania,Malta,1286,-8,1 - 1
2025-09-07,Lithuania,Netherlands,1285,-1,2 - 3
2025-10-09,Lithuania,Finland,1280,-5,2 - 1
2025-10-12,Lithuania,Poland,1272,-8,0 - 2
2025-11-13,Lithuania,Israel,1277,6,0 - 0
2025-11-17,Lithuania,Netherlands,1276,-1,4 - 0
2026-03-26,Lithuania,Moldova,1297,20,0 - 2
2026-03-29,Lithuania,Georgia,1291,-6,0 - 2
2026-06-06,Lithuania,Latvia,1287,-4,1 - 1
2026-06-09,Lithuania,Estonia,1279,-8,1 - 0
2021-06-02,Luxembourg,Norway,1391,-2,1 - 0
2021-06-06,Luxembourg,Scotland,1386,-5,0 - 1
2021-09-01,Luxembourg,Azerbaijan,1400,14,2 - 1
2021-09-04,Luxembourg,Serbia,1396,-4,4 - 1
2021-09-07,Luxembourg,Qatar,1401,5,1 - 1
2021-10-09,Luxembourg,Serbia,1395,-6,0 - 1
2021-10-12,Luxembourg,Portugal,1394,-1,5 - 0
2021-11-11,Luxembourg,Azerbaijan,1429,35,1 - 3
2021-11-14,Luxembourg,Republic of Ireland,1407,-22,0 - 3
2022-03-25,Luxembourg,Northern Ireland,1396,-11,1 - 3
2022-03-29,Luxembourg,Bosnia and Herzegovina,1393,-3,1 - 0
2022-06-04,Luxembourg,Lithuania,1426,33,0 - 2
2022-06-07,Luxembourg,Faroe Islands,1441,15,0 - 1
2022-06-11,Luxembourg,Turkey,1426,-15,0 - 2
2022-06-14,Luxembourg,Faroe Islands,1413,-13,2 - 2
2022-09-22,Luxembourg,Turkey,1430,17,3 - 3
2022-09-25,Luxembourg,Lithuania,1437,7,1 - 0
2022-11-17,Luxembourg,Hungary,1444,7,2 - 2
2022-11-20,Luxembourg,Bulgaria,1443,-1,0 - 0
2023-03-23,Luxembourg,Slovakia,1455,12,0 - 0
2023-03-26,Luxembourg,Portugal,1449,-6,0 - 6
2023-06-09,Luxembourg,Malta,1432,-17,0 - 1
2023-06-17,Luxembourg,Liechtenstein,1434,2,2 - 0
2023-06-20,Luxembourg,Bosnia and Herzegovina,1483,49,0 - 2
2023-09-08,Luxembourg,Iceland,1506,23,3 - 1
2023-09-11,Luxembourg,Portugal,1503,-3,9 - 0
2023-10-13,Luxembourg,Iceland,1508,5,1 - 1
2023-10-16,Luxembourg,Slovakia,1488,-20,0 - 1
2023-11-16,Luxembourg,Bosnia and Herzegovina,1517,29,4 - 1
2023-11-19,Luxembourg,Liechtenstein,1520,3,0 - 1
2024-03-21,Luxembourg,Georgia,1507,-13,2 - 0
2024-03-26,Luxembourg,Kazakhstan,1513,6,2 - 1
2024-06-05,Luxembourg,France,1512,-1,3 - 0
2024-06-08,Luxembourg,Belgium,1511,-1,3 - 0
2024-09-05,Luxembourg,Northern Ireland,1490,-21,2 - 0
2024-09-08,Luxembourg,Belarus,1462,-28,0 - 1
2024-10-12,Luxembourg,Bulgaria,1470,8,0 - 0
2024-10-15,Luxembourg,Belarus,1470,0,1 - 1
2024-11-15,Luxembourg,Bulgaria,1444,-26,0 - 1
2024-11-18,Luxembourg,Northern Ireland,1445,1,2 - 2
2025-03-22,Luxembourg,Sweden,1460,15,1 - 0
2025-03-25,Luxembourg,Switzerland,1458,-2,3 - 1
2025-06-06,Luxembourg,Slovenia,1453,-5,0 - 1
2025-06-10,Luxembourg,Republic of Ireland,1455,2,0 - 0
2025-09-04,Luxembourg,Northern Ireland,1426,-29,1 - 3
2025-09-07,Luxembourg,Slovakia,1416,-10,0 - 1
2025-10-10,Luxembourg,Germany,1413,-3,4 - 0
2025-10-13,Luxembourg,Slovakia,1407,-6,2 - 0
2025-11-14,Luxembourg,Germany,1401,-6,0 - 2
2025-11-17,Luxembourg,Northern Ireland,1395,-6,1 - 0
2026-03-26,Luxembourg,Malta,1424,29,0 - 2
2026-03-31,Luxembourg,Malta,1436,12,3 - 0
2026-06-03,Luxembourg,Italy,1433,-3,0 - 1
2026-06-06,Luxembourg,Albania,1450,17,0 - 1
2023-03-26,Macau,Singapore,694,-3,0 - 1
2023-06-19,Macau,Myanmar,687,-7,2 - 0
2023-09-06,Macau,Bhutan,671,-16,0 - 1
2023-09-11,Macau,Cambodia,665,-6,4 - 0
2023-10-12,Macau,Myanmar,656,-9,5 - 1
2023-10-17,Macau,Myanmar,665,9,0 - 0
2024-09-06,Macau,Brunei,637,-28,3 - 0
2024-09-10,Macau,Brunei,613,-24,0 - 1
2024-12-14,Macau,Guam,597,-16,2 - 1
2025-03-19,Macau,Hong Kong,596,-1,2 - 0
2025-06-05,Macau,Taiwan,593,-3,2 - 0
2026-03-26,Macau,Aruba,590,-6,4 - 1
2026-03-29,Macau,Tanzania,589,-1,6 - 0
2021-09-02,Madagascar,Benin,1351,-21,0 - 1
2021-09-07,Madagascar,Tanzania,1335,-16,3 - 2
2021-10-07,Madagascar,DR Congo,1323,-12,2 - 0
2021-10-10,Madagascar,DR Congo,1347,24,1 - 0
2021-11-11,Madagascar,Benin,1333,-14,2 - 0
2021-11-14,Madagascar,Tanzania,1327,-6,1 - 1
2022-06-01,Madagascar,Ghana,1317,-10,3 - 0
2022-06-05,Madagascar,Angola,1316,-1,1 - 1
2022-07-12,Madagascar,Namibia,1288,-28,2 - 0
2022-07-15,Madagascar,South Africa,1283,-5,2 - 1
2022-09-21,Madagascar,Morocco,1282,-1,1 - 0
2022-09-24,Madagascar,Congo,1283,1,3 - 3
2022-09-27,Madagascar,Benin,1303,20,3 - 1
2023-03-23,Madagascar,Central African Republic,1255,-48,0 - 3
2023-03-27,Madagascar,Central African Republic,1230,-25,2 - 0
2023-06-18,Madagascar,Ghana,1243,13,0 - 0
2023-07-30,Madagascar,Mayotte,1258,15,3 - 1
2023-09-02,Madagascar,Reunion,1278,15,1 - 0
2023-09-07,Madagascar,Angola,1289,11,0 - 0
2023-10-14,Madagascar,Mauritania,1283,-6,2 - 1
2023-10-17,Madagascar,Benin,1296,13,2 - 1
2023-11-17,Madagascar,Ghana,1292,-4,1 - 0
2023-11-20,Madagascar,Chad,1316,24,3 - 0
2024-03-22,Madagascar,Burundi,1326,10,1 - 0
2024-03-25,Madagascar,Rwanda,1296,-30,0 - 2
2024-06-07,Madagascar,Comoros,1317,21,2 - 1
2024-06-11,Madagascar,Mali,1331,14,0 - 0
2024-09-05,Madagascar,Tunisia,1328,-3,1 - 0
2024-09-09,Madagascar,Comoros,1329,1,1 - 1
2024-10-11,Madagascar,Gambia,1330,1,1 - 1
2024-10-14,Madagascar,Gambia,1311,-19,1 - 0
2024-11-14,Madagascar,Tunisia,1306,-5,3 - 2
2024-11-18,Madagascar,Comoros,1292,-14,1 - 0
2025-03-19,Madagascar,Central African Republic,1327,35,4 - 1
2025-03-24,Madagascar,Ghana,1303,-24,3 - 0
2025-06-07,Madagascar,Tanzania,1326,26,1 - 0
2025-06-08,Madagascar,DR Congo,1320,-6,3 - 1
2025-06-09,Madagascar,Eswatini,1315,-5,1 - 1
2025-06-13,Madagascar,Angola,1300,-15,4 - 1
2025-06-15,Madagascar,Comoros,1286,-14,1 - 0
2025-09-04,Madagascar,Central African Republic,1315,29,2 - 0
2025-09-08,Madagascar,Chad,1333,18,3 - 1
2025-10-08,Madagascar,Comoros,1358,25,2 - 1
2025-10-12,Madagascar,Mali,1350,-8,4 - 1
2025-11-17,Madagascar,Equatorial Guinea,1369,20,2 - 0
2026-03-28,Madagascar,Kyrgyzstan,1382,14,5 - 2
2026-03-31,Madagascar,Equatorial Guinea,1382,0,1 - 1
2026-06-02,Madagascar,Morocco,1380,-2,4 - 0
2021-06-13,Malawi,Tanzania,1338,-13,2 - 0
2021-07-09,Malawi,Zimbabwe,1341,3,2 - 2
2021-07-11,Malawi,Mozambique,1306,-35,2 - 0
2021-07-13,Malawi,Namibia,1312,6,1 - 1
2021-07-14,Malawi,Senegal,1308,-4,2 - 1
2021-09-03,Malawi,Cameroon,1301,-7,2 - 0
2021-09-07,Malawi,Mozambique,1323,22,1 - 0
2021-10-08,Malawi,Côte d'Ivoire,1314,-9,3 - 0
2021-10-11,Malawi,Côte d'Ivoire,1309,-5,2 - 1
2021-11-13,Malawi,Cameroon,1296,-13,4 - 0
2021-11-16,Malawi,Mozambique,1275,-21,1 - 0
2021-12-31,Malawi,Comoros,1284,9,2 - 1
2022-01-10,Malawi,Guinea,1267,-17,1 - 0
2022-01-14,Malawi,Zimbabwe,1295,28,2 - 1
2022-01-18,Malawi,Senegal,1315,20,0 - 0
2022-01-25,Malawi,Morocco,1311,-4,2 - 1
2022-06-05,Malawi,Ethiopia,1326,15,2 - 1
2022-06-09,Malawi,Guinea,1314,-12,1 - 0
2022-07-06,Malawi,Lesotho,1289,-25,2 - 1
2022-07-08,Malawi,Eswatini,1289,0,1 - 1
2022-07-10,Malawi,Mauritius,1296,7,2 - 0
2023-02-25,Malawi,Lesotho,1291,-5,1 - 1
2023-02-26,Malawi,Lesotho,1277,-14,0 - 1
2023-03-15,Malawi,Bangladesh,1269,-8,1 - 1
2023-03-24,Malawi,Egypt,1266,-3,2 - 0
2023-03-28,Malawi,Egypt,1255,-11,0 - 4
2023-06-14,Malawi,Mozambique,1259,4,1 - 1
2023-06-20,Malawi,Ethiopia,1262,3,0 - 0
2023-07-06,Malawi,Zambia,1294,32,1 - 0
2023-07-09,Malawi,Seychelles,1299,5,2 - 0
2023-07-11,Malawi,Comoros,1325,26,2 - 0
2023-07-14,Malawi,Lesotho,1319,-6,1 - 1
2023-07-16,Malawi,South Africa,1334,15,0 - 0
2023-09-09,Malawi,Guinea,1333,-1,2 - 2
2023-11-17,Malawi,Liberia,1357,24,0 - 1
2023-11-21,Malawi,Tunisia,1350,-7,0 - 1
2024-03-23,Malawi,Kenya,1314,-36,0 - 4
2024-03-26,Malawi,Zambia,1301,-13,1 - 2
2024-06-06,Malawi,São Tomé and Príncipe,1309,8,3 - 1
2024-06-10,Malawi,Equatorial Guinea,1304,-5,1 - 0
2024-09-05,Malawi,Burundi,1278,-26,2 - 3
2024-09-10,Malawi,Burkina Faso,1265,-13,3 - 1
2024-10-11,Malawi,Senegal,1263,-2,4 - 0
2024-10-15,Malawi,Senegal,1259,-4,0 - 1
2024-11-14,Malawi,Burundi,1261,2,0 - 0
2024-11-18,Malawi,Burkina Faso,1312,51,3 - 0
2025-03-20,Malawi,Namibia,1287,-25,0 - 1
2025-03-24,Malawi,Tunisia,1282,-5,2 - 0
2025-06-05,Malawi,Lesotho,1258,-22,1 - 0
2025-06-08,Malawi,Namibia,1264,6,0 - 0
2025-06-10,Malawi,Angola,1257,-7,1 - 0
2025-07-06,Malawi,Botswana,1257,0,1 - 1
2025-09-05,Malawi,Namibia,1284,27,2 - 1
2025-09-08,Malawi,Liberia,1277,-7,2 - 2
2025-10-13,Malawi,São Tomé and Príncipe,1245,-32,1 - 0
2025-11-15,Malawi,Lesotho,1243,-1,0 - 0
2025-11-18,Malawi,Lesotho,1252,9,1 - 0
2026-03-31,Malawi,Botswana,1241,-11,1 - 0
2026-06-06,Malawi,Ethiopia,1235,-6,1 - 0
2026-06-09,Malawi,Ethiopia,1239,4,1 - 1
2021-06-03,Malaysia,United Arab Emirates,1183,-8,4 - 0
2021-06-11,Malaysia,Vietnam,1175,-8,2 - 1
2021-06-15,Malaysia,Thailand,1203,28,1 - 0
2021-10-06,Malaysia,Jordan,1197,-6,4 - 0
2021-10-09,Malaysia,Uzbekistan,1190,-7,5 - 1
2021-12-06,Malaysia,Cambodia,1198,8,3 - 1
2021-12-09,Malaysia,Laos,1202,4,4 - 0
2021-12-12,Malaysia,Vietnam,1182,-20,3 - 0
2021-12-19,Malaysia,Indonesia,1144,-38,4 - 1
2022-03-23,Malaysia,Philippines,1166,22,2 - 0
2022-03-26,Malaysia,Singapore,1152,-14,2 - 1
2022-05-27,Malaysia,Brunei,1153,1,4 - 0
2022-06-01,Malaysia,Hong Kong,1164,11,2 - 0
2022-06-08,Malaysia,Turkmenistan,1196,32,3 - 1
2022-06-11,Malaysia,Bahrain,1187,-9,1 - 2
2022-06-14,Malaysia,Bangladesh,1192,5,4 - 1
2022-09-22,Malaysia,Thailand,1202,10,1 - 1
2022-09-25,Malaysia,Tajikistan,1207,5,0 - 0
2022-12-09,Malaysia,Cambodia,1209,2,4 - 0
2022-12-14,Malaysia,Maldives,1213,4,3 - 0
2022-12-21,Malaysia,Myanmar,1223,10,0 - 1
2022-12-24,Malaysia,Laos,1225,2,5 - 0
2022-12-27,Malaysia,Vietnam,1213,-12,3 - 0
2023-01-03,Malaysia,Singapore,1233,20,4 - 1
2023-01-07,Malaysia,Thailand,1256,23,1 - 0
2023-01-10,Malaysia,Thailand,1239,-17,3 - 0
2023-03-23,Malaysia,Turkmenistan,1246,7,1 - 0
2023-03-28,Malaysia,Hong Kong,1253,7,2 - 0
2023-06-14,Malaysia,Solomon Islands,1266,13,4 - 1
2023-06-20,Malaysia,Papua New Guinea,1282,16,10 - 0
2023-09-06,Malaysia,Syria,1286,4,2 - 2
2023-09-09,Malaysia,China,1293,7,1 - 1
2023-10-13,Malaysia,India,1308,15,4 - 2
2023-10-17,Malaysia,Tajikistan,1281,-27,0 - 2
2023-11-16,Malaysia,Kyrgyzstan,1293,12,4 - 3
2023-11-21,Malaysia,Taiwan,1300,7,0 - 1
2024-01-08,Malaysia,Syria,1303,3,2 - 2
2024-01-15,Malaysia,Jordan,1281,-22,4 - 0
2024-01-20,Malaysia,Bahrain,1265,-16,1 - 0
2024-01-25,Malaysia,South Korea,1288,23,3 - 3
2024-03-15,Malaysia,Nepal,1290,2,5 - 1
2024-03-21,Malaysia,Oman,1282,-8,2 - 0
2024-03-26,Malaysia,Oman,1264,-18,0 - 2
2024-06-06,Malaysia,Kyrgyzstan,1270,6,1 - 1
2024-06-11,Malaysia,Taiwan,1274,4,3 - 1
2024-09-04,Malaysia,Philippines,1278,4,2 - 1
2024-09-08,Malaysia,Lebanon,1290,12,1 - 0
2024-10-14,Malaysia,New Zealand,1286,-4,4 - 0
2024-11-14,Malaysia,Laos,1287,1,3 - 1
2024-11-18,Malaysia,India,1287,0,1 - 1
2024-12-08,Malaysia,Cambodia,1272,-15,2 - 2
2024-12-11,Malaysia,Timor-Leste,1273,1,3 - 2
2024-12-14,Malaysia,Thailand,1266,-7,1 - 0
2024-12-20,Malaysia,Singapore,1253,-13,0 - 0
2025-03-25,Malaysia,Nepal,1258,5,2 - 0
2025-05-29,Malaysia,Cabo Verde,1263,4,1 - 1
2025-06-03,Malaysia,Cabo Verde,1251,-11,0 - 3
2025-06-10,Malaysia,Vietnam,1289,38,4 - 0
2025-09-04,Malaysia,Singapore,1293,3,2 - 1
2025-09-08,Malaysia,Palestine,1305,12,1 - 0
2025-10-09,Malaysia,Laos,1309,4,0 - 3
2025-10-14,Malaysia,Laos,1311,1,5 - 1
2025-11-18,Malaysia,Nepal,1313,2,1 - 0
2026-03-31,Malaysia,Vietnam,1293,-20,3 - 1
2021-06-04,Maldives,Syria,944,-3,4 - 0
2021-06-11,Maldives,China,940,-4,5 - 0
2021-06-15,Maldives,Philippines,951,11,1 - 1
2021-10-01,Maldives,Nepal,924,-27,0 - 1
2021-10-07,Maldives,Bangladesh,941,17,2 - 0
2021-10-10,Maldives,Sri Lanka,945,4,1 - 0
2021-10-13,Maldives,India,926,-19,1 - 3
2021-11-09,Maldives,Sri Lanka,919,-7,4 - 4
2021-11-13,Maldives,Bangladesh,901,-18,2 - 1
2022-03-24,Maldives,Bangladesh,910,9,2 - 0
2022-06-08,Maldives,Thailand,906,-4,3 - 0
2022-06-11,Maldives,Uzbekistan,905,-1,4 - 0
2022-06-14,Maldives,Sri Lanka,914,9,1 - 0
2022-09-21,Maldives,Brunei,927,13,0 - 3
2022-09-24,Maldives,Laos,936,9,3 - 1
2022-12-14,Maldives,Malaysia,932,-4,3 - 0
2022-12-17,Maldives,Singapore,927,-5,3 - 1
2023-03-21,Maldives,Pakistan,933,6,1 - 0
2023-06-22,Maldives,Bhutan,939,6,2 - 0
2023-06-25,Maldives,Bangladesh,902,-37,3 - 1
2023-06-28,Maldives,Lebanon,898,-4,1 - 0
2023-10-12,Maldives,Bangladesh,893,-5,1 - 1
2023-10-17,Maldives,Bangladesh,879,-14,2 - 1
2024-11-13,Maldives,Bangladesh,893,14,0 - 1
2024-11-16,Maldives,Bangladesh,886,-7,2 - 1
2025-03-19,Maldives,India,883,-3,3 - 0
2025-03-25,Maldives,Philippines,874,-9,4 - 1
2025-06-05,Maldives,Singapore,869,-5,3 - 1
2025-06-10,Maldives,Timor-Leste,838,-31,1 - 0
2025-09-06,Maldives,Sri Lanka,868,29,0 - 3
2025-09-09,Maldives,Sri Lanka,867,-1,1 - 1
2025-10-09,Maldives,Tajikistan,864,-3,2 - 0
2025-10-14,Maldives,Tajikistan,856,-10,0 - 3
2025-11-18,Maldives,Philippines,841,-15,0 - 2
2026-03-31,Maldives,Timor-Leste,848,7,2 - 1
2026-06-01,Maldives,Afghanistan,836,-12,0 - 1
2026-06-04,Maldives,Pakistan,801,-35,0 - 3
2021-06-06,Mali,Algeria,1553,-3,1 - 0
2021-06-11,Mali,DR Congo,1551,-2,1 - 1
2021-06-15,Mali,Tunisia,1546,-5,1 - 0
2021-09-01,Mali,Rwanda,1555,9,1 - 0
2021-09-06,Mali,Uganda,1554,-1,0 - 0
2021-10-07,Mali,Kenya,1576,22,5 - 0
2021-10-10,Mali,Kenya,1590,14,0 - 1
2021-11-11,Mali,Rwanda,1607,17,0 - 3
2021-11-14,Mali,Uganda,1619,12,1 - 0
2022-01-12,Mali,Tunisia,1646,27,1 - 0
2022-01-16,Mali,Gambia,1630,-16,1 - 1
2022-01-20,Mali,Mauritania,1640,10,2 - 0
2022-01-26,Mali,Equatorial Guinea,1629,-11,0 - 0
2022-03-25,Mali,Tunisia,1601,-28,0 - 1
2022-03-29,Mali,Tunisia,1607,6,0 - 0
2022-06-04,Mali,Congo,1614,7,4 - 0
2022-06-09,Mali,South Sudan,1617,3,3 - 1
2022-09-23,Mali,Zambia,1621,4,1 - 0
2022-09-26,Mali,Zambia,1615,-6,0 - 0
2022-11-16,Mali,Algeria,1620,5,1 - 1
2023-03-24,Mali,Gambia,1629,9,2 - 0
2023-03-28,Mali,Gambia,1598,-31,1 - 0
2023-06-18,Mali,Congo,1611,13,0 - 2
2023-09-08,Mali,South Sudan,1613,2,4 - 0
2023-09-12,Mali,Côte d'Ivoire,1616,3,0 - 0
2023-10-13,Mali,Uganda,1619,3,1 - 0
2023-10-17,Mali,Saudi Arabia,1631,12,3 - 1
2023-11-17,Mali,Chad,1633,2,3 - 1
2023-11-20,Mali,Central African Republic,1616,-17,1 - 1
2024-01-06,Mali,Guinea-Bissau,1622,6,6 - 2
2024-01-16,Mali,South Africa,1645,23,2 - 0
2024-01-20,Mali,Tunisia,1648,3,1 - 1
2024-01-24,Mali,Namibia,1632,-16,0 - 0
2024-01-30,Mali,Burkina Faso,1651,19,2 - 1
2024-02-03,Mali,Côte d'Ivoire,1627,-24,2 - 1
2024-03-22,Mali,Mauritania,1633,6,2 - 0
2024-03-26,Mali,Nigeria,1648,15,2 - 0
2024-06-06,Mali,Ghana,1616,-32,1 - 2
2024-06-11,Mali,Madagascar,1602,-14,0 - 0
2024-09-06,Mali,Mozambique,1589,-13,1 - 1
2024-09-10,Mali,Eswatini,1593,4,1 - 0
2024-10-11,Mali,Guinea-Bissau,1598,5,1 - 0
2024-10-15,Mali,Guinea-Bissau,1590,-8,0 - 0
2024-11-15,Mali,Mozambique,1607,17,0 - 1
2024-11-19,Mali,Eswatini,1612,5,6 - 0
2025-03-24,Mali,Central African Republic,1614,-16,0 - 0
2025-06-05,Mali,DR Congo,1602,-11,1 - 0
2025-09-04,Mali,Comoros,1621,19,3 - 0
2025-09-08,Mali,Ghana,1598,-23,1 - 0
2025-10-08,Mali,Chad,1605,7,0 - 2
2025-10-12,Mali,Madagascar,1613,8,4 - 1
2025-11-18,Mali,Jordan,1612,0,0 - 0
2025-12-22,Mali,Zambia,1596,-16,1 - 1
2025-12-26,Mali,Morocco,1615,19,1 - 1
2025-12-29,Mali,Comoros,1599,-16,0 - 0
2026-01-03,Mali,Tunisia,1600,1,1 - 1
2026-01-09,Mali,Senegal,1589,-11,1 - 0
2026-03-31,Mali,Russia,1596,7,0 - 0
2026-06-04,Mali,Iran,1588,-8,2 - 0
2021-06-04,Malta,Kosovo,1219,-4,2 - 1
2021-09-01,Malta,Cyprus,1259,40,3 - 0
2021-09-04,Malta,Slovenia,1256,-3,1 - 0
2021-09-07,Malta,Russia,1254,-2,2 - 0
2021-10-08,Malta,Slovenia,1240,-14,0 - 4
2021-10-11,Malta,Cyprus,1249,9,2 - 2
2021-11-11,Malta,Croatia,1244,-5,1 - 7
2021-11-14,Malta,Slovakia,1232,-12,0 - 6
2022-03-25,Malta,Azerbaijan,1242,10,1 - 0
2022-03-29,Malta,Kuwait,1258,16,2 - 0
2022-06-01,Malta,Venezuela,1255,-3,0 - 1
2022-06-05,Malta,San Marino,1262,7,0 - 2
2022-06-09,Malta,Estonia,1243,-19,1 - 2
2022-06-12,Malta,San Marino,1245,2,1 - 0
2022-09-23,Malta,Estonia,1238,-7,2 - 1
2022-09-27,Malta,Israel,1255,17,2 - 1
2022-11-17,Malta,Greece,1263,8,2 - 2
2022-11-20,Malta,Republic of Ireland,1260,-3,0 - 1
2023-03-23,Malta,North Macedonia,1256,-4,2 - 1
2023-03-26,Malta,Italy,1254,-2,0 - 2
2023-06-09,Malta,Luxembourg,1271,17,0 - 1
2023-06-16,Malta,England,1269,-2,0 - 4
2023-06-19,Malta,Ukraine,1267,-2,1 - 0
2023-09-06,Malta,Gibraltar,1270,3,1 - 0
2023-09-12,Malta,North Macedonia,1254,-16,0 - 2
2023-10-14,Malta,Italy,1253,-1,4 - 0
2023-10-17,Malta,Ukraine,1250,-3,1 - 3
2023-11-17,Malta,England,1250,0,2 - 0
2024-03-21,Malta,Slovenia,1258,8,2 - 2
2024-03-26,Malta,Belarus,1261,3,0 - 0
2024-06-07,Malta,Czech Republic,1259,-2,7 - 1
2024-06-11,Malta,Greece,1257,-2,2 - 0
2024-09-07,Malta,Moldova,1242,-15,2 - 0
2024-09-10,Malta,Andorra,1260,18,0 - 1
2024-10-13,Malta,Moldova,1281,21,1 - 0
2024-11-14,Malta,Liechtenstein,1284,3,2 - 0
2024-11-19,Malta,Andorra,1270,-14,0 - 0
2025-03-21,Malta,Finland,1259,-11,0 - 1
2025-03-24,Malta,Poland,1256,-3,2 - 0
2025-06-07,Malta,Lithuania,1252,-4,0 - 0
2025-06-10,Malta,Netherlands,1251,-1,8 - 0
2025-09-04,Malta,Lithuania,1259,8,1 - 1
2025-09-09,Malta,San Marino,1260,1,3 - 1
2025-10-09,Malta,Netherlands,1258,-2,0 - 4
2025-10-12,Malta,Bosnia and Herzegovina,1248,-10,1 - 4
2025-11-14,Malta,Finland,1284,36,0 - 1
2025-11-17,Malta,Poland,1279,-5,2 - 3
2026-03-26,Malta,Luxembourg,1249,-29,0 - 2
2026-03-31,Malta,Luxembourg,1237,-12,3 - 0
2026-06-01,Malta,Slovakia,1236,-1,2 - 1
2026-06-05,Malta,Azerbaijan,1255,19,2 - 0
2021-06-23,Martinique,Guadeloupe,1428,-17,1 - 2
2021-07-11,Martinique,Canada,1411,-17,4 - 1
2021-07-15,Martinique,USA,1405,-6,6 - 1
2021-07-18,Martinique,Haiti,1387,-18,2 - 1
2022-02-22,Martinique,Barbados,1390,3,3 - 1
2022-03-26,Martinique,Guadeloupe,1395,5,4 - 3
2022-06-05,Martinique,Costa Rica,1390,-5,2 - 0
2022-06-09,Martinique,Panama,1381,-9,5 - 0
2022-06-12,Martinique,Panama,1390,9,0 - 0
2022-09-24,Martinique,Guinea-Bissau,1387,-3,1 - 1
2023-02-23,Martinique,French Guiana,1399,12,0 - 1
2023-02-25,Martinique,French Guiana,1400,1,2 - 2
2023-03-25,Martinique,Costa Rica,1392,-8,1 - 2
2023-06-10,Martinique,Guyana,1400,8,2 - 0
2023-06-16,Martinique,St Lucia,1408,8,3 - 1
2023-06-20,Martinique,Puerto Rico,1418,10,2 - 0
2023-06-26,Martinique,El Salvador,1447,29,2 - 1
2023-06-30,Martinique,Panama,1436,-11,2 - 1
2023-07-04,Martinique,Costa Rica,1419,-17,6 - 4
2023-09-07,Martinique,Panama,1412,-7,3 - 0
2023-09-10,Martinique,Curaçao,1422,10,1 - 0
2023-10-13,Martinique,El Salvador,1437,15,1 - 0
2023-10-17,Martinique,El Salvador,1441,4,0 - 0
2024-03-24,Martinique,Suriname,1437,-4,1 - 1
2024-09-05,Martinique,Guatemala,1419,-18,3 - 1
2024-09-09,Martinique,Guyana,1406,-13,2 - 2
2024-10-11,Martinique,Guadeloupe,1428,22,0 - 1
2024-10-15,Martinique,Guadeloupe,1417,-11,0 - 0
2025-03-21,Martinique,Suriname,1399,-18,1 - 0
2025-03-25,Martinique,Suriname,1372,-27,0 - 1
2025-11-15,Martinique,Cuba,1338,-33,2 - 0
2025-11-18,Martinique,Dominican Republic,1340,2,0 - 0
2026-02-21,Martinique,Jamaica,1331,-11,0 - 2
2026-03-26,Martinique,Cuba,1327,-4,2 - 2
2026-03-29,Martinique,El Salvador,1312,-15,1 - 0
2021-06-03,Mauritania,Algeria,1376,-2,4 - 1
2021-06-11,Mauritania,Liberia,1386,10,1 - 0
2021-06-22,Mauritania,Yemen,1400,14,2 - 0
2021-09-03,Mauritania,Zambia,1377,-23,1 - 2
2021-09-07,Mauritania,Equatorial Guinea,1361,-16,1 - 0
2021-10-07,Mauritania,Tunisia,1355,-6,3 - 0
2021-10-10,Mauritania,Tunisia,1366,11,0 - 0
2021-11-13,Mauritania,Zambia,1343,-23,4 - 0
2021-11-16,Mauritania,Equatorial Guinea,1342,-1,1 - 1
2021-11-30,Mauritania,Tunisia,1331,-11,5 - 1
2021-12-03,Mauritania,United Arab Emirates,1320,-11,1 - 0
2021-12-06,Mauritania,Syria,1347,27,2 - 1
2021-12-30,Mauritania,Burkina Faso,1353,6,0 - 0
2022-01-04,Mauritania,Gabon,1354,1,1 - 1
2022-01-12,Mauritania,Gambia,1329,-25,1 - 0
2022-01-16,Mauritania,Tunisia,1314,-15,4 - 0
2022-01-20,Mauritania,Mali,1304,-10,2 - 0
2022-03-26,Mauritania,Mozambique,1315,11,2 - 1
2022-03-29,Mauritania,Libya,1334,19,2 - 0
2022-06-04,Mauritania,Sudan,1356,22,3 - 0
2022-06-08,Mauritania,Gabon,1368,12,0 - 0
2022-09-24,Mauritania,Benin,1380,12,1 - 0
2022-09-27,Mauritania,Congo,1392,12,2 - 0
2023-03-24,Mauritania,DR Congo,1375,-17,3 - 1
2023-03-28,Mauritania,DR Congo,1375,0,1 - 1
2023-06-20,Mauritania,Sudan,1404,29,3 - 0
2023-09-09,Mauritania,Gabon,1420,16,2 - 1
2023-10-14,Mauritania,Madagascar,1426,6,2 - 1
2023-10-17,Mauritania,Burkina Faso,1420,-6,2 - 1
2023-11-15,Mauritania,DR Congo,1405,-15,2 - 0
2023-11-21,Mauritania,South Sudan,1392,-13,0 - 0
2024-01-06,Mauritania,Tunisia,1401,9,0 - 0
2024-01-16,Mauritania,Burkina Faso,1387,-14,1 - 0
2024-01-20,Mauritania,Angola,1365,-22,3 - 2
2024-01-23,Mauritania,Algeria,1409,44,1 - 0
2024-01-29,Mauritania,Cabo Verde,1393,-16,1 - 0
2024-03-22,Mauritania,Mali,1387,-6,2 - 0
2024-03-26,Mauritania,Morocco,1396,9,0 - 0
2024-06-06,Mauritania,Sudan,1352,-44,0 - 2
2024-06-09,Mauritania,Senegal,1346,-6,0 - 1
2024-09-07,Mauritania,Botswana,1359,13,1 - 0
2024-09-10,Mauritania,Cabo Verde,1349,-10,2 - 0
2024-10-11,Mauritania,Egypt,1344,-5,2 - 0
2024-10-15,Mauritania,Egypt,1336,-8,0 - 1
2024-11-15,Mauritania,Botswana,1342,6,1 - 1
2024-11-19,Mauritania,Cabo Verde,1365,23,1 - 0
2025-03-22,Mauritania,Togo,1371,6,2 - 2
2025-03-25,Mauritania,DR Congo,1347,-24,0 - 2
2025-06-06,Mauritania,Central African Republic,1333,-12,2 - 1
2025-06-10,Mauritania,Burundi,1332,-1,0 - 0
2025-09-05,Mauritania,Togo,1357,25,2 - 0
2025-09-09,Mauritania,South Sudan,1342,-15,0 - 0
2025-10-10,Mauritania,Sudan,1344,2,0 - 0
2025-10-14,Mauritania,Senegal,1340,-3,4 - 0
2025-11-12,Mauritania,Tunisia,1348,8,1 - 1
2025-11-15,Mauritania,Libya,1343,-5,1 - 0
2025-11-25,Mauritania,Kuwait,1310,-33,2 - 0
2026-03-27,Mauritania,Argentina,1311,0,2 - 1
2026-06-05,Mauritania,Angola,1317,6,1 - 1
2026-06-08,Mauritania,Niger,1329,12,1 - 0
2022-01-29,Mauritius,Nepal,999,-9,1 - 0
2022-02-01,Mauritius,Nepal,990,-9,1 - 0
2022-03-19,Mauritius,Seychelles,985,-5,0 - 0
2022-03-24,Mauritius,São Tomé and Príncipe,964,-21,0 - 1
2022-03-27,Mauritius,São Tomé and Príncipe,965,1,3 - 3
2022-07-06,Mauritius,Eswatini,955,-10,3 - 0
2022-07-08,Mauritius,Lesotho,949,-6,2 - 1
2022-07-10,Mauritius,Malawi,942,-7,2 - 0
2022-07-18,Mauritius,Seychelles,951,9,2 - 0
2023-06-11,Mauritius,Pakistan,964,13,3 - 0
2023-06-14,Mauritius,Djibouti,930,-34,1 - 3
2023-06-18,Mauritius,Kenya,956,26,1 - 0
2023-07-07,Mauritius,Lesotho,944,-12,2 - 0
2023-07-10,Mauritius,Angola,982,38,1 - 0
2023-07-12,Mauritius,Mozambique,977,-5,1 - 0
2023-09-02,Mauritius,Comoros,1031,35,2 - 0
2023-11-17,Mauritius,Cameroon,1030,-1,3 - 0
2023-11-21,Mauritius,Angola,1043,13,0 - 0
2024-03-22,Mauritius,Chad,1029,-14,1 - 0
2024-03-26,Mauritius,Chad,1012,-17,1 - 2
2024-06-06,Mauritius,Libya,1010,-2,2 - 1
2024-06-11,Mauritius,Eswatini,1037,27,2 - 1
2024-09-03,Mauritius,India,1046,9,0 - 0
2024-09-06,Mauritius,Syria,1041,-5,2 - 0
2024-11-19,Mauritius,Hong Kong,1036,-5,1 - 0
2025-03-20,Mauritius,Cabo Verde,1034,-2,1 - 0
2025-03-23,Mauritius,Eswatini,1044,10,3 - 3
2025-06-04,Mauritius,Zimbabwe,1058,15,0 - 0
2025-06-07,Mauritius,Mozambique,1075,17,0 - 0
2025-06-10,Mauritius,South Africa,1094,19,0 - 0
2025-09-04,Mauritius,Cabo Verde,1085,-8,0 - 2
2025-09-09,Mauritius,Angola,1083,-2,3 - 1
2025-10-08,Mauritius,Cameroon,1077,-6,0 - 2
2025-10-13,Mauritius,Libya,1089,12,0 - 0
2026-03-27,Mauritius,Somalia,1084,-7,0 - 0
2026-03-31,Mauritius,Somalia,1073,-11,0 - 0
2023-07-30,Mayotte,Madagascar,1210,-15,3 - 1
2021-06-03,Mexico,Costa Rica,1913,-14,0 - 0
2021-06-06,Mexico,USA,1890,-23,3 - 2
2021-06-12,Mexico,Honduras,1883,-7,0 - 0
2021-06-30,Mexico,Panama,1888,5,3 - 0
2021-07-03,Mexico,Nigeria,1896,8,4 - 0
2021-07-10,Mexico,Trinidad and Tobago,1873,-23,0 - 0
2021-07-14,Mexico,Guatemala,1881,8,3 - 0
2021-07-18,Mexico,El Salvador,1888,7,1 - 0
2021-07-24,Mexico,Honduras,1902,14,3 - 0
2021-07-29,Mexico,Canada,1916,14,2 - 1
2021-09-02,Mexico,Jamaica,1896,3,2 - 1
2021-09-05,Mexico,Costa Rica,1907,11,0 - 1
2021-09-08,Mexico,Panama,1896,-11,1 - 1
2021-10-07,Mexico,Canada,1883,-13,1 - 1
2021-10-10,Mexico,Honduras,1889,6,3 - 0
2021-10-13,Mexico,El Salvador,1900,11,0 - 2
2021-10-27,Mexico,Ecuador,1887,-13,3 - 2
2021-11-12,Mexico,USA,1862,-25,2 - 0
2021-11-16,Mexico,Canada,1842,-20,2 - 1
2021-12-08,Mexico,Chile,1840,-2,2 - 2
2022-01-27,Mexico,Jamaica,1852,12,1 - 2
2022-01-30,Mexico,Costa Rica,1837,-15,0 - 0
2022-02-02,Mexico,Panama,1843,6,1 - 0
2022-03-24,Mexico,USA,1837,-6,0 - 0
2022-03-27,Mexico,Honduras,1843,6,0 - 1
2022-03-30,Mexico,El Salvador,1848,5,2 - 0
2022-04-27,Mexico,Guatemala,1840,-8,0 - 0
2022-05-28,Mexico,Nigeria,1845,5,2 - 1
2022-06-02,Mexico,Uruguay,1831,-14,3 - 0
2022-06-05,Mexico,Ecuador,1831,0,0 - 0
2022-06-11,Mexico,Suriname,1833,2,3 - 0
2022-06-14,Mexico,Jamaica,1823,-10,1 - 1
2022-09-24,Mexico,Peru,1821,11,1 - 0
2022-09-27,Mexico,Colombia,1813,-8,3 - 2
2022-11-09,Mexico,Iraq,1821,8,4 - 0
2022-11-16,Mexico,Sweden,1809,-12,2 - 1
2022-11-22,Mexico,Poland,1809,0,0 - 0
2022-11-26,Mexico,Argentina,1794,-15,2 - 0
2022-11-30,Mexico,Saudi Arabia,1813,19,2 - 1
2023-03-23,Mexico,Suriname,1819,6,0 - 2
2023-03-26,Mexico,Jamaica,1803,-16,2 - 2
2023-04-19,Mexico,USA,1806,3,1 - 1
2023-06-07,Mexico,Guatemala,1808,2,2 - 0
2023-06-10,Mexico,Cameroon,1803,-5,2 - 2
2023-06-15,Mexico,USA,1778,-25,3 - 0
2023-06-18,Mexico,Panama,1791,13,1 - 0
2023-06-25,Mexico,Honduras,1804,13,4 - 0
2023-06-29,Mexico,Haiti,1819,15,3 - 1
2023-07-02,Mexico,Qatar,1776,-43,1 - 0
2023-07-08,Mexico,Costa Rica,1802,26,2 - 0
2023-07-12,Mexico,Jamaica,1823,21,3 - 0
2023-07-16,Mexico,Panama,1840,17,1 - 0
2023-09-09,Mexico,Australia,1838,-2,2 - 2
2023-09-12,Mexico,Uzbekistan,1832,-6,3 - 3
2023-10-14,Mexico,Ghana,1838,6,2 - 0
2023-10-17,Mexico,Germany,1840,2,2 - 2
2023-11-17,Mexico,Honduras,1792,-48,2 - 0
2023-11-21,Mexico,Honduras,1799,7,2 - 0
2023-12-16,Mexico,Colombia,1794,-5,3 - 2
2024-03-21,Mexico,Panama,1826,32,3 - 0
2024-03-24,Mexico,USA,1800,-26,2 - 0
2024-05-31,Mexico,Bolivia,1805,5,1 - 0
2024-06-05,Mexico,Uruguay,1795,-10,4 - 0
2024-06-08,Mexico,Brazil,1791,-4,3 - 2
2024-06-22,Mexico,Jamaica,1806,15,1 - 0
2024-06-26,Mexico,Venezuela,1779,-27,1 - 0
2024-06-30,Mexico,Ecuador,1785,6,0 - 0
2024-09-07,Mexico,New Zealand,1793,8,3 - 0
2024-09-10,Mexico,Canada,1792,-1,0 - 0
2024-10-15,Mexico,USA,1801,9,2 - 0
2024-11-15,Mexico,Honduras,1757,-44,2 - 0
2024-11-19,Mexico,Honduras,1769,12,4 - 0
2025-03-20,Mexico,Canada,1800,31,2 - 0
2025-03-23,Mexico,Panama,1817,17,2 - 1
2025-06-07,Mexico,Switzerland,1802,-15,4 - 2
2025-06-10,Mexico,Turkey,1813,11,1 - 0
2025-06-14,Mexico,Dominican Republic,1815,2,3 - 2
2025-06-18,Mexico,Suriname,1821,6,2 - 0
2025-06-22,Mexico,Costa Rica,1811,-10,0 - 0
2025-06-28,Mexico,Saudi Arabia,1827,16,2 - 0
2025-07-02,Mexico,Honduras,1837,10,1 - 0
2025-07-06,Mexico,USA,1861,24,1 - 2
2025-09-06,Mexico,Japan,1862,1,0 - 0
2025-09-09,Mexico,South Korea,1859,-3,2 - 2
2025-10-11,Mexico,Colombia,1847,-12,4 - 0
2025-10-14,Mexico,Ecuador,1847,0,1 - 1
2025-11-15,Mexico,Uruguay,1846,-1,0 - 0
2025-11-18,Mexico,Paraguay,1835,-11,2 - 1
2026-01-22,Mexico,Panama,1845,10,0 - 1
2026-01-25,Mexico,Bolivia,1853,8,0 - 1
2026-02-25,Mexico,Iceland,1857,4,4 - 0
2026-03-28,Mexico,Portugal,1857,1,0 - 0
2026-03-31,Mexico,Belgium,1857,0,1 - 1
2026-05-22,Mexico,Ghana,1859,2,2 - 0
2026-05-30,Mexico,Australia,1867,8,1 - 0
2026-06-04,Mexico,Serbia,1875,8,5 - 1
2021-06-03,Moldova,Turkey,1208,-1,2 - 0
2021-06-06,Moldova,Azerbaijan,1220,12,1 - 0
2021-09-01,Moldova,Austria,1216,-4,0 - 2
2021-09-04,Moldova,Scotland,1214,-2,1 - 0
2021-09-07,Moldova,Faroe Islands,1201,-13,2 - 1
2021-10-09,Moldova,Denmark,1200,-1,0 - 4
2021-10-12,Moldova,Israel,1198,-2,2 - 1
2021-11-12,Moldova,Scotland,1192,-6,0 - 2
2021-11-15,Moldova,Austria,1190,-2,4 - 1
2022-01-18,Moldova,Uganda,1187,-3,3 - 2
2022-01-21,Moldova,South Korea,1186,-1,4 - 0
2022-03-24,Moldova,Kazakhstan,1170,-16,1 - 2
2022-03-29,Moldova,Kazakhstan,1204,34,0 - 1
2022-06-03,Moldova,Liechtenstein,1232,28,0 - 2
2022-06-06,Moldova,Andorra,1228,-4,0 - 0
2022-06-10,Moldova,Latvia,1200,-28,2 - 4
2022-06-14,Moldova,Andorra,1209,9,2 - 1
2022-09-22,Moldova,Latvia,1242,33,1 - 2
2022-09-25,Moldova,Liechtenstein,1249,7,2 - 0
2022-11-16,Moldova,Azerbaijan,1240,-9,1 - 2
2022-11-20,Moldova,Romania,1233,-7,0 - 5
2023-03-24,Moldova,Faroe Islands,1232,-1,1 - 1
2023-03-27,Moldova,Czech Republic,1249,17,0 - 0
2023-06-17,Moldova,Albania,1243,-6,2 - 0
2023-06-20,Moldova,Poland,1280,37,3 - 2
2023-09-07,Moldova,Austria,1289,9,1 - 1
2023-09-10,Moldova,Faroe Islands,1314,25,0 - 1
2023-10-12,Moldova,Sweden,1312,-2,3 - 1
2023-10-15,Moldova,Poland,1330,18,1 - 1
2023-11-17,Moldova,Albania,1342,12,1 - 1
2023-11-20,Moldova,Czech Republic,1339,-3,3 - 0
2024-03-22,Moldova,North Macedonia,1345,6,1 - 1
2024-03-26,Moldova,Cayman Islands,1347,2,4 - 0
2024-06-08,Moldova,Cyprus,1353,6,3 - 2
2024-06-11,Moldova,Ukraine,1350,-3,0 - 4
2024-09-07,Moldova,Malta,1365,15,2 - 0
2024-09-10,Moldova,San Marino,1365,0,1 - 0
2024-10-10,Moldova,Andorra,1371,6,2 - 0
2024-10-13,Moldova,Malta,1350,-21,1 - 0
2024-11-16,Moldova,Andorra,1361,11,0 - 1
2024-11-19,Moldova,Gibraltar,1356,-5,1 - 1
2025-03-22,Moldova,Norway,1347,-9,0 - 5
2025-03-25,Moldova,Estonia,1323,-24,2 - 3
2025-06-06,Moldova,Poland,1320,-2,2 - 0
2025-06-09,Moldova,Italy,1319,-1,2 - 0
2025-09-05,Moldova,Israel,1302,-17,0 - 4
2025-09-09,Moldova,Norway,1300,-2,11 - 1
2025-10-09,Moldova,Romania,1299,-1,2 - 1
2025-10-14,Moldova,Estonia,1307,8,1 - 1
2025-11-13,Moldova,Italy,1304,-3,0 - 2
2025-11-16,Moldova,Israel,1288,-16,1 - 4
2026-03-26,Moldova,Lithuania,1268,-20,0 - 2
2026-03-30,Moldova,Cyprus,1262,-6,3 - 2
2026-06-05,Moldova,Bulgaria,1265,3,2 - 2
2026-06-09,Moldova,Armenia,1270,5,1 - 1
2021-06-07,Mongolia,Kyrgyzstan,768,38,1 - 0
2022-03-23,Mongolia,Laos,758,-10,1 - 0
2022-03-29,Mongolia,Bangladesh,763,5,0 - 0
2022-06-08,Mongolia,Palestine,761,-2,0 - 1
2022-06-11,Mongolia,Philippines,753,-8,0 - 1
2022-06-14,Mongolia,Yemen,804,51,2 - 0
2023-06-09,Mongolia,India,802,-2,2 - 0
2023-06-12,Mongolia,Lebanon,816,14,0 - 0
2023-06-15,Mongolia,Vanuatu,811,-5,1 - 0
2023-10-12,Mongolia,Afghanistan,804,-7,1 - 0
2023-10-17,Mongolia,Afghanistan,793,-11,0 - 1
2024-03-25,Mongolia,Tanzania,791,-2,3 - 0
2024-06-07,Mongolia,Cambodia,782,-9,2 - 0
2024-06-11,Mongolia,Cambodia,791,9,2 - 1
2024-09-05,Mongolia,Timor-Leste,739,-52,4 - 1
2024-09-10,Mongolia,Timor-Leste,755,16,2 - 0
2024-12-08,Mongolia,Hong Kong,751,-4,3 - 0
2024-12-11,Mongolia,Taiwan,729,-22,4 - 0
2026-05-31,Mongolia,Singapore,728,-2,4 - 0
2026-06-05,Mongolia,Hong Kong,726,-2,2 - 0
2021-06-02,Montenegro,Bosnia and Herzegovina,1535,5,0 - 0
2021-06-05,Montenegro,Israel,1518,-17,1 - 3
2021-09-01,Montenegro,Turkey,1532,14,2 - 2
2021-09-04,Montenegro,Netherlands,1528,-4,4 - 0
2021-09-07,Montenegro,Latvia,1513,-15,0 - 0
2021-10-08,Montenegro,Gibraltar,1522,9,0 - 3
2021-10-11,Montenegro,Norway,1514,-8,2 - 0
2021-11-13,Montenegro,Netherlands,1529,15,2 - 2
2021-11-16,Montenegro,Turkey,1514,-15,1 - 2
2022-03-24,Montenegro,Armenia,1506,-8,1 - 0
2022-03-28,Montenegro,Greece,1518,12,1 - 0
2022-06-04,Montenegro,Romania,1551,33,2 - 0
2022-06-07,Montenegro,Finland,1539,-12,2 - 0
2022-06-11,Montenegro,Bosnia and Herzegovina,1538,-1,1 - 1
2022-06-14,Montenegro,Romania,1590,52,0 - 3
2022-09-23,Montenegro,Bosnia and Herzegovina,1578,-12,1 - 0
2022-09-26,Montenegro,Finland,1546,-32,0 - 2
2022-11-17,Montenegro,Slovakia,1544,-2,2 - 2
2022-11-20,Montenegro,Slovenia,1540,-4,1 - 0
2023-03-24,Montenegro,Bulgaria,1565,25,0 - 1
2023-03-27,Montenegro,Serbia,1549,-16,0 - 2
2023-06-17,Montenegro,Hungary,1559,10,0 - 0
2023-06-20,Montenegro,Czech Republic,1548,-11,1 - 4
2023-09-07,Montenegro,Lithuania,1538,-10,2 - 2
2023-09-10,Montenegro,Bulgaria,1550,12,2 - 1
2023-10-12,Montenegro,Lebanon,1553,3,3 - 2
2023-10-17,Montenegro,Serbia,1546,-7,3 - 1
2023-11-16,Montenegro,Lithuania,1555,9,2 - 0
2023-11-19,Montenegro,Hungary,1549,-6,3 - 1
2024-03-21,Montenegro,Belarus,1561,12,2 - 0
2024-03-25,Montenegro,North Macedonia,1571,10,1 - 0
2024-06-05,Montenegro,Belgium,1570,-1,2 - 0
2024-06-09,Montenegro,Georgia,1554,-16,1 - 3
2024-09-06,Montenegro,Iceland,1533,-21,2 - 0
2024-09-09,Montenegro,Wales,1516,-17,1 - 2
2024-10-11,Montenegro,Turkey,1512,-4,1 - 0
2024-10-14,Montenegro,Wales,1506,-6,1 - 0
2024-11-16,Montenegro,Iceland,1472,-34,0 - 2
2024-11-19,Montenegro,Turkey,1521,49,3 - 1
2025-03-22,Montenegro,Gibraltar,1523,2,3 - 1
2025-03-25,Montenegro,Faroe Islands,1528,5,1 - 0
2025-06-06,Montenegro,Czech Republic,1520,-8,2 - 0
2025-06-09,Montenegro,Armenia,1514,-6,2 - 2
2025-09-05,Montenegro,Czech Republic,1495,-19,0 - 2
2025-09-08,Montenegro,Croatia,1492,-3,4 - 0
2025-10-09,Montenegro,Faroe Islands,1443,-49,4 - 0
2025-10-13,Montenegro,Liechtenstein,1443,0,2 - 1
2025-11-14,Montenegro,Gibraltar,1448,5,1 - 2
2025-11-17,Montenegro,Croatia,1444,-4,2 - 3
2026-03-27,Montenegro,Andorra,1446,2,2 - 0
2026-03-31,Montenegro,Slovenia,1440,-6,2 - 3
2026-06-01,Montenegro,Bulgaria,1454,14,0 - 1
2026-06-05,Montenegro,Slovakia,1461,7,2 - 2
2021-06-02,Montserrat,United States Virgin Islands,911,17,4 - 0
2021-06-08,Montserrat,Grenada,947,36,1 - 2
2021-07-02,Montserrat,Trinidad and Tobago,940,-7,6 - 1
2022-06-04,Montserrat,Guyana,932,-8,2 - 1
2022-06-07,Montserrat,Haiti,931,-1,3 - 2
2022-06-11,Montserrat,Bermuda,965,34,3 - 2
2023-03-25,Montserrat,Haiti,960,-5,0 - 4
2023-03-28,Montserrat,Guyana,973,13,0 - 0
2023-09-08,Montserrat,Barbados,1002,29,2 - 3
2023-09-11,Montserrat,Dominican Republic,990,-12,3 - 0
2023-10-13,Montserrat,Nicaragua,981,-9,0 - 3
2023-10-16,Montserrat,Nicaragua,976,-5,3 - 0
2023-11-17,Montserrat,Dominican Republic,1004,28,2 - 1
2023-11-20,Montserrat,Barbados,1022,18,4 - 2
2024-06-05,Montserrat,Nicaragua,1016,-6,4 - 1
2024-06-09,Montserrat,Panama,1015,-1,3 - 1
2024-09-05,Montserrat,El Salvador,1008,-7,4 - 1
2024-09-08,Montserrat,St Vincent,983,-25,2 - 0
2024-10-10,Montserrat,Bonaire,995,12,1 - 0
2024-10-13,Montserrat,Bonaire,966,-29,1 - 0
2024-11-14,Montserrat,St Vincent,954,-12,2 - 1
2024-11-17,Montserrat,El Salvador,952,-2,1 - 0
2025-06-04,Montserrat,Belize,979,27,1 - 0
2025-06-10,Montserrat,Guyana,972,-7,3 - 0
2021-06-08,Morocco,Ghana,1679,6,1 - 0
2021-06-12,Morocco,Burkina Faso,1683,4,1 - 0
2021-09-02,Morocco,Sudan,1689,6,2 - 0
2021-10-06,Morocco,Guinea-Bissau,1697,8,5 - 0
2021-10-09,Morocco,Guinea-Bissau,1703,6,3 - 0
2021-10-12,Morocco,Guinea,1710,7,4 - 1
2021-11-12,Morocco,Sudan,1715,5,3 - 0
2021-11-16,Morocco,Guinea,1721,6,3 - 0
2021-12-01,Morocco,Palestine,1733,12,4 - 0
2021-12-04,Morocco,Jordan,1752,19,4 - 0
2021-12-07,Morocco,Saudi Arabia,1766,14,1 - 0
2021-12-11,Morocco,Algeria,1766,0,2 - 2
2022-01-10,Morocco,Ghana,1780,14,1 - 0
2022-01-14,Morocco,Comoros,1783,3,2 - 0
2022-01-18,Morocco,Gabon,1764,-19,2 - 2
2022-01-25,Morocco,Malawi,1768,4,2 - 1
2022-01-30,Morocco,Egypt,1735,-33,2 - 1
2022-03-25,Morocco,DR Congo,1728,-7,1 - 1
2022-03-29,Morocco,DR Congo,1738,10,4 - 1
2022-06-01,Morocco,USA,1729,-9,3 - 0
2022-06-09,Morocco,South Africa,1735,6,2 - 1
2022-06-13,Morocco,Liberia,1738,3,2 - 0
2022-09-21,Morocco,Madagascar,1739,1,1 - 0
2022-09-23,Morocco,Chile,1753,14,2 - 0
2022-09-27,Morocco,Paraguay,1753,0,0 - 0
2022-11-17,Morocco,Georgia,1766,13,3 - 0
2022-11-23,Morocco,Croatia,1779,13,0 - 0
2022-11-27,Morocco,Belgium,1851,72,2 - 0
2022-12-01,Morocco,Canada,1871,20,2 - 1
2022-12-06,Morocco,Spain,1882,11,0 - 0
2022-12-10,Morocco,Portugal,1925,43,1 - 0
2022-12-14,Morocco,France,1895,-30,2 - 0
2022-12-17,Morocco,Croatia,1867,-28,2 - 1
2023-03-25,Morocco,Brazil,1881,14,2 - 1
2023-03-28,Morocco,Peru,1880,-1,0 - 0
2023-06-12,Morocco,Cabo Verde,1871,-9,0 - 0
2023-06-17,Morocco,South Africa,1839,-32,2 - 1
2023-09-12,Morocco,Burkina Faso,1842,3,1 - 0
2023-10-14,Morocco,Côte d'Ivoire,1839,-3,1 - 1
2023-10-17,Morocco,Liberia,1841,2,3 - 0
2023-11-21,Morocco,Tanzania,1847,6,0 - 2
2024-01-11,Morocco,Sierra Leone,1848,1,3 - 1
2024-01-17,Morocco,Tanzania,1853,5,3 - 0
2024-01-21,Morocco,DR Congo,1833,-20,1 - 1
2024-01-24,Morocco,Zambia,1839,6,1 - 0
2024-01-30,Morocco,South Africa,1774,-65,2 - 0
2024-03-22,Morocco,Angola,1776,2,1 - 0
2024-03-26,Morocco,Mauritania,1767,-9,0 - 0
2024-06-07,Morocco,Zambia,1771,4,2 - 1
2024-06-11,Morocco,Congo,1774,3,6 - 0
2024-09-06,Morocco,Gabon,1779,5,4 - 1
2024-09-09,Morocco,Lesotho,1780,1,1 - 0
2024-10-12,Morocco,Central African Republic,1783,3,5 - 0
2024-10-15,Morocco,Central African Republic,1786,3,4 - 0
2024-11-15,Morocco,Gabon,1801,15,1 - 5
2024-11-18,Morocco,Lesotho,1803,2,7 - 0
2025-03-21,Morocco,Niger,1804,1,2 - 1
2025-03-25,Morocco,Tanzania,1807,3,2 - 0
2025-06-06,Morocco,Tunisia,1811,5,2 - 0
2025-06-09,Morocco,Benin,1812,1,1 - 0
2025-09-05,Morocco,Niger,1815,3,5 - 0
2025-09-08,Morocco,Zambia,1823,8,0 - 2
2025-10-09,Morocco,Bahrain,1824,1,1 - 0
2025-10-14,Morocco,Congo,1825,1,1 - 0
2025-11-14,Morocco,Mozambique,1826,1,1 - 0
2025-11-18,Morocco,Uganda,1828,2,4 - 0
2025-12-02,Morocco,Comoros,1832,4,3 - 1
2025-12-05,Morocco,Oman,1816,-16,0 - 0
2025-12-08,Morocco,Saudi Arabia,1825,9,1 - 0
2025-12-11,Morocco,Syria,1830,5,1 - 0
2025-12-15,Morocco,United Arab Emirates,1842,12,3 - 0
2025-12-18,Morocco,Jordan,1854,12,3 - 2
2025-12-21,Morocco,Comoros,1856,2,2 - 0
2025-12-26,Morocco,Mali,1837,-19,1 - 1
2025-12-29,Morocco,Zambia,1840,3,3 - 0
2026-01-04,Morocco,Tanzania,1842,2,1 - 0
2026-01-09,Morocco,Cameroon,1852,10,2 - 0
2026-01-14,Morocco,Nigeria,1838,-14,0 - 0
2026-01-18,Morocco,Senegal,1806,-32,0 - 1
2026-03-27,Morocco,Ecuador,1810,4,1 - 1
2026-03-31,Morocco,Paraguay,1821,11,2 - 1
2026-05-26,Morocco,Burundi,1822,1,5 - 0
2026-06-02,Morocco,Madagascar,1824,2,4 - 0
2026-06-07,Morocco,Norway,1827,3,1 - 1
2021-06-02,Mozambique,Lesotho,1282,24,5 - 0
2021-06-08,Mozambique,Eswatini,1273,-9,1 - 1
2021-07-07,Mozambique,Zimbabwe,1280,7,0 - 0
2021-07-09,Mozambique,Senegal,1277,-3,1 - 0
2021-07-11,Mozambique,Malawi,1312,35,2 - 0
2021-07-14,Mozambique,Namibia,1337,25,1 - 0
2021-07-16,Mozambique,South Africa,1324,-13,3 - 0
2021-07-18,Mozambique,Eswatini,1319,-5,1 - 1
2021-09-03,Mozambique,Côte d'Ivoire,1330,11,0 - 0
2021-09-07,Mozambique,Malawi,1308,-22,1 - 0
2021-10-08,Mozambique,Cameroon,1301,-7,3 - 1
2021-10-11,Mozambique,Cameroon,1294,-7,1 - 0
2021-11-13,Mozambique,Côte d'Ivoire,1286,-8,3 - 0
2021-11-16,Mozambique,Malawi,1307,21,1 - 0
2022-03-23,Mozambique,Niger,1305,-2,1 - 1
2022-03-26,Mozambique,Mauritania,1294,-11,2 - 1
2022-05-24,Mozambique,Eswatini,1280,-14,0 - 1
2022-06-02,Mozambique,Rwanda,1279,-1,1 - 1
2022-06-08,Mozambique,Benin,1312,33,0 - 1
2022-07-13,Mozambique,South Africa,1327,15,0 - 0
2022-07-15,Mozambique,Namibia,1309,-18,1 - 0
2022-07-17,Mozambique,Senegal,1325,16,1 - 1
2022-11-17,Mozambique,South Africa,1322,-3,2 - 1
2023-03-24,Mozambique,Senegal,1319,-3,5 - 1
2023-03-28,Mozambique,Senegal,1314,-5,0 - 1
2023-06-14,Mozambique,Malawi,1310,-4,1 - 1
2023-06-18,Mozambique,Rwanda,1346,36,0 - 2
2023-07-07,Mozambique,Angola,1350,4,1 - 1
2023-07-10,Mozambique,Lesotho,1322,-28,1 - 0
2023-07-12,Mozambique,Mauritius,1327,5,1 - 0
2023-09-09,Mozambique,Benin,1345,18,3 - 2
2023-10-13,Mozambique,Angola,1346,1,1 - 1
2023-10-16,Mozambique,Nigeria,1343,-3,3 - 2
2023-11-16,Mozambique,Botswana,1369,26,2 - 3
2023-11-19,Mozambique,Algeria,1357,-12,0 - 2
2024-01-06,Mozambique,Lesotho,1367,10,2 - 0
2024-01-08,Mozambique,Botswana,1366,-1,1 - 1
2024-01-14,Mozambique,Egypt,1384,18,2 - 2
2024-01-19,Mozambique,Cabo Verde,1355,-29,3 - 0
2024-01-22,Mozambique,Ghana,1366,11,2 - 2
2024-06-07,Mozambique,Somalia,1368,2,2 - 1
2024-06-10,Mozambique,Guinea,1396,28,1 - 0
2024-06-26,Mozambique,South Africa,1410,14,1 - 1
2024-06-29,Mozambique,Eswatini,1400,-10,0 - 0
2024-07-02,Mozambique,Botswana,1425,25,3 - 1
2024-07-05,Mozambique,Namibia,1424,-1,0 - 0
2024-07-07,Mozambique,Comoros,1419,-5,2 - 2
2024-09-06,Mozambique,Mali,1432,13,1 - 1
2024-09-10,Mozambique,Guinea-Bissau,1443,11,2 - 1
2024-10-11,Mozambique,Eswatini,1428,-15,1 - 1
2024-10-14,Mozambique,Eswatini,1445,17,3 - 0
2024-11-15,Mozambique,Mali,1428,-17,0 - 1
2024-11-19,Mozambique,Guinea-Bissau,1450,22,1 - 2
2025-03-20,Mozambique,Uganda,1476,26,3 - 1
2025-03-25,Mozambique,Algeria,1466,-10,5 - 1
2025-06-04,Mozambique,South Africa,1496,32,0 - 1
2025-06-07,Mozambique,Mauritius,1479,-17,0 - 0
2025-06-10,Mozambique,South Africa,1472,-7,2 - 0
2025-06-10,Mozambique,Zimbabwe,1433,-39,3 - 1
2025-09-05,Mozambique,Uganda,1401,-32,4 - 0
2025-09-08,Mozambique,Botswana,1419,18,2 - 0
2025-10-09,Mozambique,Guinea,1396,-23,1 - 2
2025-10-14,Mozambique,Somalia,1397,2,1 - 0
2025-11-14,Mozambique,Morocco,1396,-1,1 - 0
2025-11-17,Mozambique,Chad,1389,-7,2 - 2
2025-12-17,Mozambique,Angola,1380,-9,4 - 1
2025-12-24,Mozambique,Côte d'Ivoire,1369,-11,1 - 0
2025-12-28,Mozambique,Gabon,1400,31,3 - 2
2025-12-31,Mozambique,Cameroon,1387,-13,2 - 1
2026-01-05,Mozambique,Nigeria,1372,-15,4 - 0
2026-06-07,Mozambique,Oman,1352,-20,4 - 1
2026-06-09,Mozambique,Indonesia,1342,-10,1 - 0
2021-06-11,Myanmar,Kyrgyzstan,1023,-23,8 - 1
2021-06-15,Myanmar,Tajikistan,1007,-16,4 - 0
2021-11-13,Myanmar,Burundi,1003,-4,2 - 1
2021-11-25,Myanmar,Indonesia,991,-12,4 - 1
2021-12-05,Myanmar,Singapore,977,-14,3 - 0
2021-12-08,Myanmar,Timor-Leste,984,7,2 - 0
2021-12-11,Myanmar,Thailand,973,-11,4 - 0
2021-12-18,Myanmar,Philippines,961,-12,3 - 2
2022-05-24,Myanmar,Hong Kong,966,5,0 - 0
2022-05-27,Myanmar,Bahrain,965,-1,2 - 0
2022-06-08,Myanmar,Tajikistan,954,-11,4 - 0
2022-06-11,Myanmar,Kyrgyzstan,949,-5,2 - 0
2022-06-14,Myanmar,Singapore,927,-22,6 - 2
2022-09-21,Myanmar,Hong Kong,923,-4,2 - 0
2022-09-24,Myanmar,Hong Kong,930,7,0 - 0
2022-12-11,Myanmar,Thailand,928,-2,6 - 0
2022-12-21,Myanmar,Malaysia,918,-10,0 - 1
2022-12-24,Myanmar,Singapore,912,-6,3 - 2
2022-12-30,Myanmar,Laos,896,-16,2 - 2
2023-01-03,Myanmar,Vietnam,894,-2,3 - 0
2023-03-22,Myanmar,India,892,-2,1 - 0
2023-03-25,Myanmar,Kyrgyzstan,904,12,1 - 1
2023-06-16,Myanmar,China,903,-1,4 - 0
2023-06-19,Myanmar,Macau,910,7,2 - 0
2023-09-08,Myanmar,Nepal,908,-2,0 - 0
2023-09-11,Myanmar,Nepal,916,8,1 - 0
2023-10-12,Myanmar,Macau,925,9,5 - 1
2023-10-17,Myanmar,Macau,916,-9,0 - 0
2023-11-21,Myanmar,North Korea,906,-10,1 - 6
2024-03-21,Myanmar,Syria,923,17,1 - 1
2024-03-26,Myanmar,Syria,919,-4,7 - 0
2024-06-06,Myanmar,Japan,918,-1,0 - 5
2024-06-11,Myanmar,North Korea,914,-4,4 - 1
2024-10-10,Myanmar,Sri Lanka,918,4,2 - 0
2024-10-13,Myanmar,Sri Lanka,911,-7,0 - 0
2024-11-14,Myanmar,Singapore,908,-3,3 - 2
2024-11-19,Myanmar,Lebanon,905,-3,2 - 3
2024-12-09,Myanmar,Indonesia,901,-4,0 - 1
2024-12-12,Myanmar,Philippines,914,13,1 - 1
2024-12-18,Myanmar,Laos,920,6,3 - 2
2024-12-21,Myanmar,Vietnam,914,-6,5 - 0
2025-03-25,Myanmar,Afghanistan,938,24,2 - 1
2025-06-10,Myanmar,Pakistan,947,9,1 - 0
2025-09-09,Myanmar,Singapore,953,6,1 - 1
2025-10-09,Myanmar,Syria,949,-4,5 - 1
2025-10-14,Myanmar,Syria,945,-7,0 - 3
2026-03-26,Myanmar,Afghanistan,964,19,2 - 1
2026-03-31,Myanmar,Pakistan,982,18,1 - 2
2026-06-06,Myanmar,Guam,993,11,6 - 1
2026-06-09,Myanmar,Philippines,984,-9,5 - 1
2021-07-03,Namibia,Lesotho,1339,-3,0 - 0
2021-07-04,Namibia,Botswana,1338,-1,1 - 1
2021-07-07,Namibia,Senegal,1374,36,2 - 1
2021-07-11,Namibia,Zimbabwe,1406,32,2 - 0
2021-07-13,Namibia,Malawi,1400,-6,1 - 1
2021-07-14,Namibia,Mozambique,1375,-25,1 - 0
2021-09-02,Namibia,Congo,1375,0,1 - 1
2021-09-05,Namibia,Togo,1395,20,0 - 1
2021-10-09,Namibia,Senegal,1389,-6,4 - 1
2021-10-12,Namibia,Senegal,1381,-8,3 - 1
2021-11-11,Namibia,Congo,1383,2,1 - 1
2021-11-15,Namibia,Togo,1358,-25,0 - 1
2022-05-26,Namibia,Lesotho,1344,-14,2 - 1
2022-06-04,Namibia,Burundi,1339,-5,1 - 1
2022-07-12,Namibia,Madagascar,1367,28,2 - 0
2022-07-15,Namibia,Mozambique,1385,18,1 - 0
2022-07-17,Namibia,Zambia,1369,-16,1 - 0
2023-03-24,Namibia,Cameroon,1386,17,1 - 1
2023-03-28,Namibia,Cameroon,1419,33,2 - 1
2023-06-20,Namibia,Burundi,1390,-29,3 - 2
2023-07-05,Namibia,South Africa,1403,13,1 - 1
2023-07-08,Namibia,Eswatini,1375,-28,2 - 1
2023-07-11,Namibia,Botswana,1374,-1,0 - 0
2023-09-04,Namibia,Zimbabwe,1375,1,2 - 2
2023-09-09,Namibia,South Africa,1381,6,0 - 0
2023-11-15,Namibia,Equatorial Guinea,1372,-9,1 - 0
2023-11-21,Namibia,São Tomé and Príncipe,1381,9,2 - 0
2024-01-08,Namibia,Ghana,1388,7,0 - 0
2024-01-16,Namibia,Tunisia,1432,44,1 - 0
2024-01-21,Namibia,South Africa,1389,-43,4 - 0
2024-01-24,Namibia,Mali,1405,16,0 - 0
2024-01-27,Namibia,Angola,1373,-32,3 - 0
2024-06-01,Namibia,Lesotho,1370,-3,1 - 1
2024-06-05,Namibia,Liberia,1363,-7,1 - 1
2024-06-09,Namibia,Tunisia,1378,15,0 - 0
2024-06-28,Namibia,Angola,1385,7,0 - 0
2024-07-01,Namibia,Lesotho,1398,13,2 - 1
2024-07-03,Namibia,Seychelles,1401,3,3 - 1
2024-07-05,Namibia,Mozambique,1402,1,0 - 0
2024-07-07,Namibia,Angola,1376,-26,5 - 0
2024-09-07,Namibia,Cameroon,1370,-6,1 - 0
2024-09-10,Namibia,Kenya,1353,-17,2 - 1
2024-10-10,Namibia,Zimbabwe,1332,-21,1 - 0
2024-10-14,Namibia,Zimbabwe,1304,-28,3 - 1
2024-11-13,Namibia,Cameroon,1318,14,0 - 0
2024-11-19,Namibia,Kenya,1323,5,0 - 0
2025-03-20,Namibia,Malawi,1348,25,0 - 1
2025-03-24,Namibia,Equatorial Guinea,1356,8,1 - 1
2025-06-05,Namibia,Angola,1364,10,1 - 1
2025-06-08,Namibia,Malawi,1358,-6,0 - 0
2025-06-10,Namibia,Lesotho,1382,24,3 - 0
2025-09-05,Namibia,Malawi,1355,-27,2 - 1
2025-09-09,Namibia,São Tomé and Príncipe,1365,10,3 - 0
2025-10-09,Namibia,Liberia,1335,-30,3 - 1
2025-10-13,Namibia,Tunisia,1329,-6,3 - 0
2025-11-14,Namibia,Comoros,1321,-6,1 - 0
2025-11-17,Namibia,Comoros,1311,-10,4 - 0
2026-03-25,Namibia,Kazakhstan,1300,-11,2 - 0
2026-03-28,Namibia,Comoros,1303,3,0 - 0
2021-06-03,Nepal,Taiwan,939,33,2 - 0
2021-06-07,Nepal,Jordan,936,-3,3 - 0
2021-06-11,Nepal,Australia,935,-1,3 - 0
2021-09-02,Nepal,India,939,4,1 - 1
2021-09-05,Nepal,India,933,-6,1 - 2
2021-09-26,Nepal,Oman,932,-1,7 - 2
2021-10-01,Nepal,Maldives,959,27,0 - 1
2021-10-04,Nepal,Sri Lanka,965,6,3 - 2
2021-10-10,Nepal,India,955,-10,1 - 0
2021-10-13,Nepal,Bangladesh,949,-6,1 - 1
2021-10-16,Nepal,India,935,-14,3 - 0
2022-01-29,Nepal,Mauritius,944,9,1 - 0
2022-02-01,Nepal,Mauritius,953,9,1 - 0
2022-03-24,Nepal,Thailand,952,-1,2 - 0
2022-05-28,Nepal,Timor-Leste,945,-7,2 - 2
2022-05-31,Nepal,Sri Lanka,939,-6,1 - 1
2022-06-03,Nepal,Oman,938,-1,2 - 0
2022-06-08,Nepal,Jordan,936,-2,2 - 0
2022-06-11,Nepal,Kuwait,932,-4,4 - 1
2022-06-14,Nepal,Indonesia,919,-13,7 - 0
2022-09-27,Nepal,Bangladesh,927,8,3 - 1
2022-11-16,Nepal,Pakistan,933,6,1 - 0
2023-03-22,Nepal,Laos,938,5,2 - 0
2023-03-28,Nepal,Bhutan,925,-13,1 - 1
2023-03-31,Nepal,Laos,928,3,2 - 1
2023-06-15,Nepal,Philippines,923,-5,1 - 0
2023-06-21,Nepal,Kuwait,919,-4,3 - 1
2023-06-24,Nepal,India,915,-4,2 - 0
2023-06-27,Nepal,Pakistan,930,15,1 - 0
2023-09-08,Nepal,Myanmar,932,2,0 - 0
2023-09-11,Nepal,Myanmar,924,-8,1 - 0
2023-10-12,Nepal,Laos,908,-16,1 - 1
2023-10-17,Nepal,Laos,921,13,0 - 1
2023-11-16,Nepal,United Arab Emirates,919,-2,4 - 0
2023-11-21,Nepal,Yemen,894,-25,0 - 2
2024-03-15,Nepal,Malaysia,892,-2,5 - 1
2024-03-21,Nepal,Bahrain,890,-2,5 - 0
2024-03-26,Nepal,Bahrain,889,-1,3 - 0
2024-06-06,Nepal,United Arab Emirates,887,-2,4 - 0
2024-06-11,Nepal,Yemen,898,11,2 - 2
2024-11-13,Nepal,Tajikistan,895,-3,4 - 0
2024-11-16,Nepal,Afghanistan,931,36,2 - 0
2025-03-21,Nepal,Singapore,947,16,0 - 1
2025-03-25,Nepal,Malaysia,942,-5,2 - 0
2025-06-05,Nepal,Hong Kong,949,7,0 - 0
2025-06-10,Nepal,Laos,920,-29,2 - 1
2025-09-06,Nepal,Bangladesh,917,-3,0 - 0
2025-10-09,Nepal,Vietnam,914,-3,3 - 1
2025-10-14,Nepal,Vietnam,916,-2,1 - 0
2025-11-13,Nepal,Bangladesh,919,3,2 - 2
2025-11-18,Nepal,Malaysia,917,-2,1 - 0
2026-03-31,Nepal,Laos,893,-26,1 - 0
2021-06-02,Netherlands,Scotland,1948,-7,2 - 2
2021-06-06,Netherlands,Georgia,1950,2,3 - 0
2021-06-13,Netherlands,Ukraine,1960,10,3 - 2
2021-06-17,Netherlands,Austria,1972,12,2 - 0
2021-06-21,Netherlands,North Macedonia,1977,5,3 - 0
2021-06-27,Netherlands,Czech Republic,1922,-55,2 - 0
2021-09-01,Netherlands,Norway,1917,-5,1 - 1
2021-09-04,Netherlands,Montenegro,1921,4,4 - 0
2021-09-07,Netherlands,Turkey,1933,12,6 - 1
2021-10-08,Netherlands,Latvia,1935,2,0 - 1
2021-10-11,Netherlands,Gibraltar,1935,0,6 - 0
2021-11-13,Netherlands,Montenegro,1920,-15,2 - 2
2021-11-16,Netherlands,Norway,1930,10,2 - 0
2022-03-26,Netherlands,Denmark,1941,11,4 - 2
2022-03-29,Netherlands,Germany,1939,-2,1 - 1
2022-06-03,Netherlands,Belgium,1994,55,1 - 4
2022-06-08,Netherlands,Wales,2011,17,1 - 2
2022-06-11,Netherlands,Poland,1997,-14,2 - 2
2022-06-14,Netherlands,Wales,2004,7,3 - 2
2022-09-22,Netherlands,Poland,2026,22,0 - 2
2022-09-25,Netherlands,Belgium,2041,15,1 - 0
2022-11-21,Netherlands,Senegal,2051,10,2 - 0
2022-11-25,Netherlands,Ecuador,2037,-14,1 - 1
2022-11-29,Netherlands,Qatar,2048,11,0 - 2
2022-12-03,Netherlands,USA,2069,21,3 - 1
2022-12-09,Netherlands,Argentina,2074,5,2 - 2
2023-03-24,Netherlands,France,2048,-26,4 - 0
2023-03-27,Netherlands,Gibraltar,2048,0,3 - 0
2023-06-14,Netherlands,Croatia,1992,-56,2 - 4
2023-06-18,Netherlands,Italy,1956,-36,2 - 3
2023-09-07,Netherlands,Greece,1964,8,3 - 0
2023-09-10,Netherlands,Republic of Ireland,1973,9,1 - 2
2023-10-13,Netherlands,France,1955,-18,1 - 2
2023-10-16,Netherlands,Greece,1968,13,0 - 1
2023-11-18,Netherlands,Republic of Ireland,1971,3,1 - 0
2023-11-21,Netherlands,Gibraltar,1971,0,0 - 6
2024-03-22,Netherlands,Scotland,1978,7,4 - 0
2024-03-26,Netherlands,Germany,1969,-9,2 - 1
2024-06-06,Netherlands,Canada,1973,4,4 - 0
2024-06-10,Netherlands,Iceland,1975,2,4 - 0
2024-06-16,Netherlands,Poland,1986,11,2 - 1
2024-06-21,Netherlands,France,1993,7,0 - 0
2024-06-25,Netherlands,Austria,1960,-33,3 - 2
2024-07-02,Netherlands,Romania,1976,16,3 - 0
2024-07-06,Netherlands,Turkey,1990,14,2 - 1
2024-07-10,Netherlands,England,1964,-26,2 - 1
2024-09-07,Netherlands,Bosnia and Herzegovina,1966,2,5 - 2
2024-09-10,Netherlands,Germany,1960,-6,2 - 2
2024-10-11,Netherlands,Hungary,1955,-5,1 - 1
2024-10-14,Netherlands,Germany,1941,-14,1 - 0
2024-11-16,Netherlands,Hungary,1955,14,4 - 0
2024-11-19,Netherlands,Bosnia and Herzegovina,1939,-16,1 - 1
2025-03-20,Netherlands,Spain,1949,10,2 - 2
2025-03-23,Netherlands,Spain,1967,18,3 - 3
2025-06-07,Netherlands,Finland,1974,8,0 - 2
2025-06-10,Netherlands,Malta,1975,1,8 - 0
2025-09-04,Netherlands,Poland,1959,-16,1 - 1
2025-09-07,Netherlands,Lithuania,1960,1,2 - 3
2025-10-09,Netherlands,Malta,1962,2,0 - 4
2025-10-12,Netherlands,Finland,1966,4,4 - 0
2025-11-14,Netherlands,Poland,1958,-8,1 - 1
2025-11-17,Netherlands,Lithuania,1959,1,4 - 0
2026-03-27,Netherlands,Norway,1965,6,2 - 1
2026-03-31,Netherlands,Ecuador,1961,-4,1 - 1
2026-06-03,Netherlands,Algeria,1944,-17,0 - 1
2026-06-08,Netherlands,Uzbekistan,1948,4,2 - 1
2022-03-18,New Caledonia,Fiji,1248,-21,2 - 1
2022-03-21,New Caledonia,Papua New Guinea,1222,-26,1 - 0
2022-03-24,New Caledonia,New Zealand,1210,-12,7 - 1
2022-09-17,New Caledonia,Fiji,1191,-19,1 - 0
2022-09-21,New Caledonia,Solomon Islands,1172,-19,1 - 0
2023-03-20,New Caledonia,Tahiti,1191,19,0 - 2
2023-03-23,New Caledonia,Tahiti,1182,-9,2 - 1
2023-10-08,New Caledonia,Vanuatu,1203,21,4 - 0
2023-10-11,New Caledonia,Papua New Guinea,1223,20,3 - 1
2023-10-14,New Caledonia,Solomon Islands,1201,-22,0 - 1
2023-11-18,New Caledonia,Tonga,1203,2,7 - 0
2023-11-24,New Caledonia,Cook Islands,1208,5,8 - 0
2023-11-28,New Caledonia,Vanuatu,1223,15,1 - 0
2023-12-02,New Caledonia,Solomon Islands,1233,10,2 - 2
2024-10-10,New Caledonia,Papua New Guinea,1251,18,3 - 1
2024-11-14,New Caledonia,Solomon Islands,1267,16,3 - 2
2024-11-17,New Caledonia,Fiji,1264,-3,1 - 1
2025-03-21,New Caledonia,Tahiti,1293,29,3 - 0
2025-03-24,New Caledonia,New Zealand,1287,-6,3 - 0
2025-10-08,New Caledonia,Gibraltar,1296,9,0 - 2
2026-03-26,New Caledonia,Jamaica,1286,-8,1 - 0
2021-10-09,New Zealand,Curaçao,1497,12,2 - 1
2021-10-12,New Zealand,Bahrain,1519,22,0 - 1
2021-11-16,New Zealand,Gambia,1528,9,2 - 0
2022-01-28,New Zealand,Jordan,1513,-15,3 - 1
2022-03-18,New Zealand,Papua New Guinea,1517,4,1 - 0
2022-03-21,New Zealand,Fiji,1531,14,4 - 0
2022-03-24,New Zealand,New Caledonia,1543,12,7 - 1
2022-03-27,New Zealand,Tahiti,1547,4,1 - 0
2022-03-30,New Zealand,Solomon Islands,1557,10,5 - 0
2022-06-05,New Zealand,Peru,1554,-3,1 - 0
2022-06-09,New Zealand,Oman,1554,0,0 - 0
2022-06-14,New Zealand,Costa Rica,1543,-11,1 - 0
2022-09-22,New Zealand,Australia,1539,-4,1 - 0
2022-09-25,New Zealand,Australia,1527,-12,0 - 2
2023-03-23,New Zealand,China,1523,-4,0 - 0
2023-03-26,New Zealand,China,1529,6,2 - 1
2023-06-16,New Zealand,Sweden,1524,-5,4 - 1
2023-06-19,New Zealand,Qatar,1535,11,1 - 0
2023-10-13,New Zealand,DR Congo,1535,0,1 - 1
2023-10-17,New Zealand,Australia,1526,-9,2 - 0
2023-11-17,New Zealand,Greece,1521,-5,2 - 0
2023-11-21,New Zealand,Republic of Ireland,1526,5,1 - 1
2024-03-22,New Zealand,Egypt,1519,-7,1 - 0
2024-03-26,New Zealand,Tunisia,1526,7,0 - 0
2024-06-18,New Zealand,Solomon Islands,1541,15,3 - 0
2024-06-21,New Zealand,Vanuatu,1551,10,0 - 4
2024-06-27,New Zealand,Tahiti,1561,10,5 - 0
2024-06-30,New Zealand,Vanuatu,1571,10,0 - 3
2024-09-07,New Zealand,Mexico,1563,-8,3 - 0
2024-09-10,New Zealand,USA,1570,7,1 - 1
2024-10-11,New Zealand,Tahiti,1577,7,3 - 0
2024-10-14,New Zealand,Malaysia,1581,4,4 - 0
2024-11-15,New Zealand,Vanuatu,1584,3,8 - 1
2024-11-18,New Zealand,Samoa,1584,0,8 - 0
2025-03-21,New Zealand,Fiji,1590,6,7 - 0
2025-03-24,New Zealand,New Caledonia,1596,6,3 - 0
2025-06-07,New Zealand,Côte d'Ivoire,1611,15,1 - 0
2025-06-10,New Zealand,Ukraine,1603,-8,2 - 1
2025-09-05,New Zealand,Australia,1600,-3,1 - 0
2025-09-09,New Zealand,Australia,1588,-12,1 - 3
2025-10-09,New Zealand,Poland,1584,-4,1 - 0
2025-10-14,New Zealand,Norway,1592,8,1 - 1
2025-11-15,New Zealand,Colombia,1590,-2,2 - 1
2025-11-18,New Zealand,Ecuador,1586,-4,2 - 0
2026-03-27,New Zealand,Finland,1552,-33,0 - 2
2026-03-30,New Zealand,Chile,1585,33,4 - 1
2026-06-02,New Zealand,Haiti,1563,-22,4 - 0
2026-06-06,New Zealand,England,1562,-1,1 - 0
2021-06-04,Nicaragua,Belize,1234,19,3 - 0
2021-06-08,Nicaragua,Haiti,1231,-3,1 - 0
2021-09-08,Nicaragua,Guatemala,1238,7,2 - 2
2021-11-10,Nicaragua,Cuba,1217,-21,0 - 3
2021-11-13,Nicaragua,Cuba,1231,14,2 - 0
2022-01-29,Nicaragua,Belize,1240,9,4 - 0
2022-02-01,Nicaragua,Belize,1234,-6,1 - 1
2022-06-03,Nicaragua,Trinidad and Tobago,1256,22,2 - 1
2022-06-06,Nicaragua,St Vincent,1252,-4,2 - 2
2022-06-10,Nicaragua,Bahamas,1262,10,0 - 2
2022-06-13,Nicaragua,Bahamas,1266,4,4 - 0
2022-09-22,Nicaragua,Suriname,1257,-9,2 - 1
2022-09-27,Nicaragua,Ghana,1254,-3,1 - 0
2022-10-13,Nicaragua,Qatar,1252,-2,2 - 1
2022-11-10,Nicaragua,Iran,1252,0,1 - 0
2022-11-16,Nicaragua,El Salvador,1266,14,1 - 0
2022-11-19,Nicaragua,Guatemala,1258,-8,3 - 1
2023-03-24,Nicaragua,St Vincent,1269,11,4 - 1
2023-03-27,Nicaragua,Trinidad and Tobago,1279,10,1 - 1
2023-06-10,Nicaragua,Panama,1278,-1,3 - 2
2023-06-14,Nicaragua,Uruguay,1278,0,4 - 1
2023-06-18,Nicaragua,Paraguay,1277,-1,2 - 0
2023-09-08,Nicaragua,Dominican Republic,1309,32,0 - 2
2023-09-11,Nicaragua,Barbados,1316,7,5 - 1
2023-10-13,Nicaragua,Montserrat,1325,9,0 - 3
2023-10-16,Nicaragua,Montserrat,1330,5,3 - 0
2023-11-17,Nicaragua,Barbados,1344,14,0 - 4
2023-11-21,Nicaragua,Dominican Republic,1332,-12,0 - 0
2024-03-22,Nicaragua,Peru,1330,-2,2 - 0
2024-03-26,Nicaragua,Cuba,1316,-14,0 - 1
2024-05-26,Nicaragua,Guatemala,1321,5,1 - 1
2024-06-05,Nicaragua,Montserrat,1327,6,4 - 1
2024-06-08,Nicaragua,Belize,1349,22,0 - 4
2024-09-06,Nicaragua,French Guiana,1371,22,0 - 1
2024-09-10,Nicaragua,Cuba,1373,2,1 - 1
2024-10-10,Nicaragua,Jamaica,1353,-20,0 - 2
2024-10-14,Nicaragua,French Guiana,1363,10,3 - 2
2025-03-21,Nicaragua,Guadeloupe,1347,-16,1 - 0
2025-03-25,Nicaragua,Guadeloupe,1322,-25,0 - 1
2025-06-01,Nicaragua,Puerto Rico,1316,-5,1 - 1
2025-06-06,Nicaragua,Guyana,1328,12,1 - 0
2025-06-10,Nicaragua,Panama,1324,-4,3 - 0
2025-09-05,Nicaragua,Costa Rica,1338,13,1 - 1
2025-09-09,Nicaragua,Honduras,1331,-7,2 - 0
2025-10-09,Nicaragua,Haiti,1302,-29,0 - 3
2025-10-13,Nicaragua,Costa Rica,1297,-5,4 - 1
2025-11-13,Nicaragua,Honduras,1343,46,2 - 0
2025-11-18,Nicaragua,Haiti,1328,-15,2 - 0
2026-03-27,Nicaragua,Russia,1327,-1,3 - 1
2026-05-29,Nicaragua,South Africa,1334,7,0 - 0
2026-06-05,Nicaragua,Paraguay,1333,-1,4 - 0
2021-06-05,Niger,Gambia,1245,-11,2 - 0
2021-06-09,Niger,Congo,1238,-7,1 - 0
2021-06-11,Niger,Guinea,1233,-5,2 - 1
2021-09-02,Niger,Burkina Faso,1228,-9,2 - 0
2021-09-06,Niger,Djibouti,1236,8,4 - 2
2021-10-08,Niger,Algeria,1234,-2,6 - 1
2021-10-12,Niger,Algeria,1228,-6,0 - 4
2021-11-12,Niger,Burkina Faso,1243,15,1 - 1
2021-11-15,Niger,Djibouti,1249,6,7 - 2
2022-03-23,Niger,Mozambique,1251,2,1 - 1
2022-03-26,Niger,Libya,1240,-11,2 - 1
2022-06-04,Niger,Tanzania,1245,5,1 - 1
2022-06-08,Niger,Uganda,1258,13,1 - 1
2022-09-23,Niger,Egypt,1255,-3,3 - 0
2022-09-25,Niger,Liberia,1258,3,0 - 0
2022-11-17,Niger,Libya,1250,-8,3 - 2
2022-11-20,Niger,Gabon,1244,-6,3 - 1
2023-03-23,Niger,Algeria,1242,-2,2 - 1
2023-03-27,Niger,Algeria,1239,-3,1 - 0
2023-06-18,Niger,Tanzania,1228,-11,1 - 0
2023-09-07,Niger,Uganda,1210,-18,0 - 2
2023-10-14,Niger,Somalia,1215,5,3 - 0
2023-10-17,Niger,Libya,1218,3,1 - 1
2023-11-18,Niger,Tanzania,1205,-13,1 - 0
2023-11-21,Niger,Zambia,1240,35,2 - 1
2024-01-08,Niger,Senegal,1239,-1,1 - 0
2024-03-22,Niger,Togo,1233,-6,2 - 1
2024-03-26,Niger,Burkina Faso,1240,7,1 - 1
2024-09-04,Niger,Sudan,1228,-12,1 - 0
2024-09-09,Niger,Ghana,1242,14,1 - 1
2024-10-11,Niger,Angola,1238,-4,2 - 0
2024-10-15,Niger,Angola,1233,-5,1 - 0
2024-11-14,Niger,Sudan,1290,57,4 - 0
2024-11-18,Niger,Ghana,1323,33,1 - 2
2025-03-21,Niger,Morocco,1322,-1,2 - 1
2025-03-25,Niger,Bonaire,1324,2,6 - 0
2025-06-06,Niger,Gabon,1336,14,4 - 3
2025-06-10,Niger,Zimbabwe,1337,1,1 - 1
2025-09-05,Niger,Morocco,1334,-3,5 - 0
2025-09-09,Niger,Tanzania,1363,29,0 - 1
2025-10-08,Niger,Congo,1382,19,3 - 1
2025-10-12,Niger,Zambia,1409,27,0 - 1
2025-11-14,Niger,Burkina Faso,1402,-7,3 - 2
2025-11-18,Niger,Guinea,1404,2,1 - 1
2026-03-27,Niger,Libya,1405,1,0 - 0
2026-03-31,Niger,Togo,1393,-12,1 - 0
2026-06-05,Niger,Benin,1394,1,1 - 1
2026-06-08,Niger,Mauritania,1382,-12,1 - 0
2021-06-04,Nigeria,Cameroon,1675,-14,1 - 0
2021-06-08,Nigeria,Cameroon,1672,-3,0 - 0
2021-07-03,Nigeria,Mexico,1664,-8,4 - 0
2021-09-03,Nigeria,Liberia,1669,5,2 - 0
2021-09-07,Nigeria,Cabo Verde,1682,13,1 - 2
2021-10-07,Nigeria,Central African Republic,1644,-38,0 - 1
2021-10-10,Nigeria,Central African Republic,1652,8,2 - 0
2021-11-13,Nigeria,Liberia,1660,8,2 - 0
2021-11-16,Nigeria,Cabo Verde,1646,-14,1 - 1
2022-01-11,Nigeria,Egypt,1672,26,1 - 0
2022-01-15,Nigeria,Sudan,1681,9,3 - 1
2022-01-19,Nigeria,Guinea-Bissau,1692,11,2 - 0
2022-01-23,Nigeria,Tunisia,1660,-32,1 - 0
2022-03-25,Nigeria,Ghana,1658,-2,0 - 0
2022-03-29,Nigeria,Ghana,1646,-12,1 - 1
2022-05-28,Nigeria,Mexico,1641,-5,2 - 1
2022-06-02,Nigeria,Ecuador,1636,-5,1 - 0
2022-06-09,Nigeria,Sierra Leone,1640,4,2 - 1
2022-06-13,Nigeria,São Tomé and Príncipe,1644,4,10 - 0
2022-09-27,Nigeria,Algeria,1639,-5,2 - 1
2022-11-09,Nigeria,Costa Rica,1632,-7,2 - 0
2022-11-17,Nigeria,Portugal,1630,-2,4 - 0
2023-03-24,Nigeria,Guinea-Bissau,1595,-35,0 - 1
2023-03-27,Nigeria,Guinea-Bissau,1611,16,0 - 1
2023-06-18,Nigeria,Sierra Leone,1618,7,3 - 2
2023-09-10,Nigeria,São Tomé and Príncipe,1620,2,6 - 0
2023-10-13,Nigeria,Saudi Arabia,1618,-2,2 - 2
2023-10-16,Nigeria,Mozambique,1621,3,3 - 2
2023-11-16,Nigeria,Lesotho,1603,-18,1 - 1
2023-11-19,Nigeria,Zimbabwe,1590,-13,1 - 1
2024-01-08,Nigeria,Guinea,1568,-22,2 - 0
2024-01-14,Nigeria,Equatorial Guinea,1564,-4,1 - 1
2024-01-18,Nigeria,Côte d'Ivoire,1602,38,0 - 1
2024-01-22,Nigeria,Guinea-Bissau,1613,11,1 - 0
2024-01-27,Nigeria,Cameroon,1648,35,2 - 0
2024-02-02,Nigeria,Angola,1665,17,1 - 0
2024-02-07,Nigeria,South Africa,1659,-6,1 - 1
2024-02-11,Nigeria,Côte d'Ivoire,1637,-22,2 - 1
2024-03-22,Nigeria,Ghana,1644,7,2 - 1
2024-03-26,Nigeria,Mali,1629,-15,2 - 0
2024-06-07,Nigeria,South Africa,1621,-8,1 - 1
2024-06-10,Nigeria,Benin,1589,-32,2 - 1
2024-09-07,Nigeria,Benin,1600,11,3 - 0
2024-09-10,Nigeria,Rwanda,1592,-8,0 - 0
2024-10-11,Nigeria,Libya,1598,6,1 - 0
2024-11-14,Nigeria,Benin,1589,-9,1 - 1
2024-11-18,Nigeria,Rwanda,1553,-36,1 - 2
2025-03-21,Nigeria,Rwanda,1575,22,0 - 2
2025-03-25,Nigeria,Zimbabwe,1561,-14,1 - 1
2025-05-28,Nigeria,Ghana,1572,11,2 - 1
2025-05-31,Nigeria,Jamaica,1572,0,2 - 2
2025-06-06,Nigeria,Russia,1577,7,1 - 1
2025-09-06,Nigeria,Rwanda,1582,5,1 - 0
2025-09-09,Nigeria,South Africa,1585,3,1 - 1
2025-10-10,Nigeria,Lesotho,1589,4,2 - 1
2025-10-14,Nigeria,Benin,1604,16,4 - 0
2025-11-13,Nigeria,Gabon,1628,24,4 - 1
2025-11-16,Nigeria,DR Congo,1627,-1,1 - 1
2025-12-16,Nigeria,Egypt,1619,-8,2 - 1
2025-12-23,Nigeria,Tanzania,1627,8,2 - 1
2025-12-27,Nigeria,Tunisia,1654,27,3 - 2
2025-12-30,Nigeria,Uganda,1669,15,3 - 1
2026-01-05,Nigeria,Mozambique,1684,15,4 - 0
2026-01-10,Nigeria,Algeria,1731,47,2 - 0
2026-01-14,Nigeria,Morocco,1745,14,0 - 0
2026-01-17,Nigeria,Egypt,1739,-6,0 - 0
2026-03-27,Nigeria,Iran,1755,16,2 - 1
2026-03-31,Nigeria,Jordan,1752,-3,2 - 2
2026-05-26,Nigeria,Zimbabwe,1757,5,2 - 0
2026-05-30,Nigeria,Jamaica,1769,12,3 - 0
2026-06-03,Nigeria,Poland,1770,1,2 - 2
2026-06-10,Nigeria,Portugal,1767,-3,2 - 1
2023-11-16,North Korea,Syria,1357,-18,1 - 0
2023-11-21,North Korea,Myanmar,1367,10,1 - 6
2024-03-21,North Korea,Japan,1366,-1,1 - 0
2024-06-06,North Korea,Syria,1391,25,1 - 0
2024-06-11,North Korea,Myanmar,1395,4,4 - 1
2024-09-05,North Korea,Uzbekistan,1396,-4,1 - 0
2024-09-10,North Korea,Qatar,1406,10,2 - 2
2024-10-10,North Korea,United Arab Emirates,1418,12,1 - 1
2024-10-15,North Korea,Kyrgyzstan,1395,-23,1 - 0
2024-11-14,North Korea,Iran,1392,-3,3 - 2
2024-11-19,North Korea,Uzbekistan,1386,-6,1 - 0
2025-02-17,North Korea,Kazakhstan,1403,17,2 - 0
2025-03-14,North Korea,Jordan,1410,7,1 - 1
2025-03-20,North Korea,Qatar,1393,-17,5 - 1
2025-03-25,North Korea,United Arab Emirates,1380,-13,2 - 1
2025-06-05,North Korea,Kyrgyzstan,1376,-3,2 - 2
2025-06-10,North Korea,Iran,1373,-3,3 - 0
2021-06-04,North Macedonia,Kazakhstan,1603,5,4 - 0
2021-06-13,North Macedonia,Austria,1580,-23,3 - 1
2021-06-17,North Macedonia,Ukraine,1569,-11,2 - 1
2021-06-21,North Macedonia,Netherlands,1564,-5,3 - 0
2021-09-02,North Macedonia,Armenia,1559,-5,0 - 0
2021-09-05,North Macedonia,Iceland,1565,6,2 - 2
2021-09-08,North Macedonia,Romania,1565,0,0 - 0
2021-10-08,North Macedonia,Liechtenstein,1574,9,0 - 4
2021-10-11,North Macedonia,Germany,1561,-13,0 - 4
2021-11-11,North Macedonia,Armenia,1612,51,0 - 5
2021-11-14,North Macedonia,Iceland,1630,18,3 - 1
2022-03-24,North Macedonia,Italy,1668,38,0 - 1
2022-03-29,North Macedonia,Portugal,1663,-5,2 - 0
2022-06-02,North Macedonia,Bulgaria,1660,-3,1 - 1
2022-06-05,North Macedonia,Gibraltar,1663,3,0 - 2
2022-06-09,North Macedonia,Georgia,1613,-50,0 - 3
2022-06-12,North Macedonia,Gibraltar,1615,2,4 - 0
2022-09-23,North Macedonia,Georgia,1596,-19,2 - 0
2022-09-26,North Macedonia,Bulgaria,1565,-31,0 - 1
2022-10-22,North Macedonia,Saudi Arabia,1557,-8,1 - 0
2022-11-17,North Macedonia,Finland,1558,1,1 - 1
2022-11-20,North Macedonia,Azerbaijan,1534,-24,1 - 3
2023-03-23,North Macedonia,Malta,1538,4,2 - 1
2023-03-27,North Macedonia,Faroe Islands,1541,3,1 - 0
2023-06-16,North Macedonia,Ukraine,1530,-11,2 - 3
2023-06-19,North Macedonia,England,1527,-3,7 - 0
2023-09-09,North Macedonia,Italy,1542,15,1 - 1
2023-09-12,North Macedonia,Malta,1558,16,0 - 2
2023-10-14,North Macedonia,Ukraine,1548,-10,2 - 0
2023-10-17,North Macedonia,Armenia,1556,8,3 - 1
2023-11-17,North Macedonia,Italy,1552,-4,5 - 2
2023-11-20,North Macedonia,England,1568,16,1 - 1
2024-03-22,North Macedonia,Moldova,1562,-6,1 - 1
2024-03-25,North Macedonia,Montenegro,1552,-10,1 - 0
2024-06-03,North Macedonia,Croatia,1550,-2,3 - 0
2024-06-10,North Macedonia,Czech Republic,1547,-3,2 - 1
2024-09-07,North Macedonia,Faroe Islands,1537,-10,1 - 1
2024-09-10,North Macedonia,Armenia,1554,17,2 - 0
2024-10-10,North Macedonia,Latvia,1576,22,0 - 3
2024-10-13,North Macedonia,Armenia,1604,28,0 - 2
2024-11-14,North Macedonia,Latvia,1608,4,1 - 0
2024-11-17,North Macedonia,Faroe Islands,1611,3,1 - 0
2025-03-22,North Macedonia,Liechtenstein,1613,2,0 - 3
2025-03-25,North Macedonia,Wales,1614,1,1 - 1
2025-06-06,North Macedonia,Belgium,1621,7,1 - 1
2025-06-09,North Macedonia,Kazakhstan,1635,14,0 - 1
2025-09-04,North Macedonia,Saudi Arabia,1623,-12,2 - 1
2025-09-07,North Macedonia,Liechtenstein,1624,1,5 - 0
2025-10-10,North Macedonia,Belgium,1639,15,0 - 0
2025-10-13,North Macedonia,Kazakhstan,1624,-15,1 - 1
2025-11-13,North Macedonia,Latvia,1615,-9,0 - 0
2025-11-18,North Macedonia,Wales,1593,-22,7 - 1
2026-03-26,North Macedonia,Denmark,1584,-8,4 - 0
2026-03-31,North Macedonia,Republic of Ireland,1589,5,0 - 0
2026-05-29,North Macedonia,Bosnia and Herzegovina,1592,3,0 - 0
2026-06-01,North Macedonia,Turkey,1589,-3,4 - 0
2021-06-03,Northern Ireland,Ukraine,1567,-2,1 - 0
2021-09-02,Northern Ireland,Lithuania,1588,21,1 - 4
2021-09-05,Northern Ireland,Estonia,1596,8,0 - 1
2021-09-08,Northern Ireland,Switzerland,1607,11,0 - 0
2021-10-09,Northern Ireland,Switzerland,1602,-5,2 - 0
2021-10-12,Northern Ireland,Bulgaria,1581,-21,2 - 1
2021-11-12,Northern Ireland,Lithuania,1586,5,1 - 0
2021-11-15,Northern Ireland,Italy,1602,16,0 - 0
2022-03-25,Northern Ireland,Luxembourg,1613,11,1 - 3
2022-03-29,Northern Ireland,Hungary,1603,-10,0 - 1
2022-06-02,Northern Ireland,Greece,1581,-22,0 - 1
2022-06-05,Northern Ireland,Cyprus,1572,-9,0 - 0
2022-06-09,Northern Ireland,Kosovo,1554,-18,3 - 2
2022-06-12,Northern Ireland,Cyprus,1539,-15,2 - 2
2022-09-24,Northern Ireland,Kosovo,1552,13,2 - 1
2022-09-27,Northern Ireland,Greece,1540,-12,3 - 1
2023-03-23,Northern Ireland,San Marino,1541,1,0 - 2
2023-03-26,Northern Ireland,Finland,1522,-19,0 - 1
2023-06-16,Northern Ireland,Denmark,1519,-3,1 - 0
2023-06-19,Northern Ireland,Kazakhstan,1489,-30,0 - 1
2023-09-07,Northern Ireland,Slovenia,1479,-10,4 - 2
2023-09-10,Northern Ireland,Kazakhstan,1462,-17,1 - 0
2023-10-14,Northern Ireland,San Marino,1463,1,3 - 0
2023-10-17,Northern Ireland,Slovenia,1450,-13,0 - 1
2023-11-17,Northern Ireland,Finland,1437,-13,4 - 0
2023-11-20,Northern Ireland,Denmark,1490,53,2 - 0
2024-03-22,Northern Ireland,Romania,1497,7,1 - 1
2024-03-26,Northern Ireland,Scotland,1515,18,0 - 1
2024-06-08,Northern Ireland,Spain,1514,-1,5 - 1
2024-06-11,Northern Ireland,Andorra,1517,3,2 - 0
2024-09-05,Northern Ireland,Luxembourg,1538,21,2 - 0
2024-09-08,Northern Ireland,Bulgaria,1521,-17,1 - 0
2024-10-12,Northern Ireland,Belarus,1518,-3,0 - 0
2024-10-15,Northern Ireland,Bulgaria,1544,26,5 - 0
2024-11-15,Northern Ireland,Belarus,1560,16,2 - 0
2024-11-18,Northern Ireland,Luxembourg,1559,-1,2 - 2
2025-03-21,Northern Ireland,Switzerland,1563,4,1 - 1
2025-03-25,Northern Ireland,Sweden,1556,-7,5 - 1
2025-06-07,Northern Ireland,Denmark,1555,-2,2 - 1
2025-06-10,Northern Ireland,Iceland,1562,7,1 - 0
2025-09-04,Northern Ireland,Luxembourg,1590,29,1 - 3
2025-09-07,Northern Ireland,Germany,1584,-6,3 - 1
2025-10-10,Northern Ireland,Slovakia,1617,33,2 - 0
2025-10-13,Northern Ireland,Germany,1606,-11,0 - 1
2025-11-14,Northern Ireland,Slovakia,1597,-10,1 - 0
2025-11-17,Northern Ireland,Luxembourg,1603,6,1 - 0
2026-03-26,Northern Ireland,Italy,1595,-7,2 - 0
2026-03-31,Northern Ireland,Wales,1600,5,1 - 1
2026-06-04,Northern Ireland,Guinea,1606,6,1 - 0
2026-06-08,Northern Ireland,France,1605,-1,3 - 1
2021-06-02,Norway,Luxembourg,1750,2,1 - 0
2021-06-06,Norway,Greece,1737,-13,2 - 1
2021-09-01,Norway,Netherlands,1742,5,1 - 1
2021-09-04,Norway,Latvia,1749,7,0 - 2
2021-09-07,Norway,Gibraltar,1750,1,5 - 1
2021-10-08,Norway,Turkey,1753,3,1 - 1
2021-10-11,Norway,Montenegro,1761,8,2 - 0
2021-11-13,Norway,Latvia,1742,-19,0 - 0
2021-11-16,Norway,Netherlands,1732,-10,2 - 0
2022-03-25,Norway,Slovakia,1740,8,2 - 0
2022-03-29,Norway,Armenia,1746,6,9 - 0
2022-06-02,Norway,Serbia,1776,30,0 - 1
2022-06-05,Norway,Sweden,1804,28,1 - 2
2022-06-09,Norway,Slovenia,1790,-14,0 - 0
2022-06-12,Norway,Sweden,1804,14,3 - 2
2022-09-24,Norway,Slovenia,1779,-25,2 - 1
2022-09-27,Norway,Serbia,1747,-32,0 - 2
2022-11-17,Norway,Republic of Ireland,1758,11,1 - 2
2022-11-20,Norway,Finland,1753,-5,1 - 1
2023-03-25,Norway,Spain,1744,-9,3 - 0
2023-03-28,Norway,Georgia,1744,0,1 - 1
2023-06-17,Norway,Scotland,1721,-23,1 - 2
2023-06-20,Norway,Cyprus,1725,4,3 - 1
2023-09-07,Norway,Jordan,1734,9,6 - 0
2023-09-12,Norway,Georgia,1744,10,2 - 1
2023-10-12,Norway,Cyprus,1755,11,0 - 4
2023-10-15,Norway,Spain,1744,-11,0 - 1
2023-11-16,Norway,Faroe Islands,1745,1,2 - 0
2023-11-19,Norway,Scotland,1754,9,3 - 3
2024-03-22,Norway,Czech Republic,1741,-13,1 - 2
2024-03-26,Norway,Slovakia,1736,-5,1 - 1
2024-06-05,Norway,Kosovo,1741,5,3 - 0
2024-06-08,Norway,Denmark,1733,-8,3 - 1
2024-09-06,Norway,Kazakhstan,1723,-10,0 - 0
2024-09-09,Norway,Austria,1746,23,2 - 1
2024-10-10,Norway,Slovenia,1774,28,3 - 0
2024-10-13,Norway,Austria,1755,-19,5 - 1
2024-11-14,Norway,Slovenia,1800,45,1 - 4
2024-11-17,Norway,Kazakhstan,1805,5,5 - 0
2025-03-22,Norway,Moldova,1814,9,0 - 5
2025-03-25,Norway,Israel,1828,14,4 - 2
2025-06-06,Norway,Italy,1862,34,3 - 0
2025-06-09,Norway,Estonia,1866,4,0 - 1
2025-09-04,Norway,Finland,1868,2,1 - 0
2025-09-09,Norway,Moldova,1870,2,11 - 1
2025-10-11,Norway,Israel,1880,10,5 - 0
2025-10-14,Norway,New Zealand,1872,-8,1 - 1
2025-11-13,Norway,Estonia,1874,2,4 - 1
2025-11-16,Norway,Italy,1922,48,1 - 4
2026-03-27,Norway,Netherlands,1916,-6,2 - 1
2026-03-31,Norway,Switzerland,1912,-4,0 - 0
2026-06-01,Norway,Sweden,1917,5,3 - 1
2026-06-07,Norway,Morocco,1914,-3,1 - 1
2021-06-07,Oman,Qatar,1494,-8,1 - 0
2021-06-11,Oman,Afghanistan,1498,4,2 - 1
2021-06-15,Oman,Bangladesh,1500,2,3 - 0
2021-06-20,Oman,Somalia,1501,1,2 - 1
2021-09-02,Oman,Japan,1537,36,0 - 1
2021-09-07,Oman,Saudi Arabia,1516,-21,0 - 1
2021-09-26,Oman,Nepal,1517,1,7 - 2
2021-10-07,Oman,Australia,1505,-12,3 - 1
2021-10-12,Oman,Vietnam,1518,13,3 - 1
2021-11-11,Oman,China,1516,-2,1 - 1
2021-11-16,Oman,Japan,1503,-13,0 - 1
2021-11-30,Oman,Iraq,1507,4,1 - 1
2021-12-03,Oman,Qatar,1499,-8,2 - 1
2021-12-06,Oman,Bahrain,1538,39,3 - 0
2021-12-10,Oman,Tunisia,1523,-15,2 - 1
2022-01-27,Oman,Saudi Arabia,1514,-9,1 - 0
2022-02-01,Oman,Australia,1521,7,2 - 2
2022-03-24,Oman,Vietnam,1538,17,0 - 1
2022-03-29,Oman,China,1555,17,2 - 0
2022-06-03,Oman,Nepal,1556,1,2 - 0
2022-06-09,Oman,New Zealand,1556,0,0 - 0
2022-09-23,Oman,Iraq,1556,0,1 - 1
2022-09-26,Oman,Jordan,1546,-10,1 - 0
2022-11-16,Oman,Germany,1543,-3,0 - 1
2022-11-20,Oman,Belarus,1553,10,2 - 0
2022-12-23,Oman,Syria,1559,6,2 - 1
2022-12-30,Oman,Syria,1565,6,1 - 0
2023-01-06,Oman,Iraq,1571,6,0 - 0
2023-01-09,Oman,Yemen,1573,2,3 - 2
2023-01-12,Oman,Saudi Arabia,1596,23,2 - 1
2023-01-16,Oman,Bahrain,1612,16,1 - 0
2023-01-19,Oman,Iraq,1597,-15,3 - 2
2023-03-27,Oman,Lebanon,1600,3,2 - 0
2023-06-11,Oman,Uzbekistan,1574,-26,3 - 0
2023-06-14,Oman,Tajikistan,1561,-13,1 - 1
2023-06-17,Oman,Turkmenistan,1569,8,2 - 0
2023-06-20,Oman,Kyrgyzstan,1574,5,0 - 1
2023-09-06,Oman,Palestine,1578,4,2 - 1
2023-09-12,Oman,USA,1573,-5,4 - 0
2023-11-16,Oman,Taiwan,1574,1,3 - 0
2023-11-21,Oman,Kyrgyzstan,1542,-32,1 - 0
2023-12-29,Oman,China,1554,12,2 - 0
2024-01-06,Oman,United Arab Emirates,1566,12,0 - 1
2024-01-16,Oman,Saudi Arabia,1542,-24,2 - 1
2024-01-21,Oman,Thailand,1533,-9,0 - 0
2024-01-25,Oman,Kyrgyzstan,1516,-17,1 - 1
2024-03-21,Oman,Malaysia,1524,8,2 - 0
2024-03-26,Oman,Malaysia,1542,18,0 - 2
2024-06-06,Oman,Taiwan,1545,3,0 - 3
2024-06-11,Oman,Kyrgyzstan,1529,-16,1 - 1
2024-09-05,Oman,Iraq,1521,-8,1 - 0
2024-09-10,Oman,South Korea,1499,-22,1 - 3
2024-10-10,Oman,Kuwait,1514,15,4 - 0
2024-10-15,Oman,Jordan,1495,-19,4 - 0
2024-11-14,Oman,Palestine,1505,10,1 - 0
2024-11-19,Oman,Iraq,1487,-18,0 - 1
2024-12-16,Oman,Yemen,1488,1,1 - 0
2024-12-21,Oman,Kuwait,1484,-4,1 - 1
2024-12-24,Oman,Qatar,1508,24,2 - 1
2024-12-27,Oman,United Arab Emirates,1509,1,1 - 1
2024-12-31,Oman,Saudi Arabia,1532,23,2 - 1
2025-01-04,Oman,Bahrain,1511,-21,2 - 1
2025-03-13,Oman,Sudan,1505,-6,0 - 0
2025-03-20,Oman,South Korea,1521,16,1 - 1
2025-03-25,Oman,Kuwait,1536,15,0 - 1
2025-05-28,Oman,Lebanon,1539,3,1 - 0
2025-06-05,Oman,Jordan,1502,-37,0 - 3
2025-06-10,Oman,Palestine,1499,-3,1 - 1
2025-09-02,Oman,Kyrgyzstan,1523,10,2 - 1
2025-09-05,Oman,Turkmenistan,1530,7,2 - 1
2025-09-08,Oman,India,1514,-16,1 - 1
2025-10-08,Oman,Qatar,1518,4,0 - 0
2025-10-11,Oman,United Arab Emirates,1500,-18,2 - 1
2025-11-14,Oman,Sudan,1508,6,2 - 0
2025-11-18,Oman,Côte d'Ivoire,1492,-16,0 - 2
2025-11-26,Oman,Somalia,1474,-18,0 - 0
2025-12-02,Oman,Saudi Arabia,1460,-14,2 - 1
2025-12-05,Oman,Morocco,1476,16,0 - 0
2025-12-08,Oman,Comoros,1490,14,2 - 1
2026-06-05,Oman,Indonesia,1460,-31,3 - 0
2026-06-07,Oman,Mozambique,1480,20,4 - 1
2022-11-16,Pakistan,Nepal,870,-6,1 - 0
2023-03-21,Pakistan,Maldives,864,-6,1 - 0
2023-06-11,Pakistan,Mauritius,851,-13,3 - 0
2023-06-14,Pakistan,Kenya,850,-1,1 - 0
2023-06-17,Pakistan,Djibouti,831,-19,3 - 1
2023-06-21,Pakistan,India,828,-3,4 - 0
2023-06-24,Pakistan,Kuwait,825,-3,4 - 0
2023-06-27,Pakistan,Nepal,810,-15,1 - 0
2023-10-12,Pakistan,Cambodia,819,9,0 - 0
2023-10-17,Pakistan,Cambodia,836,17,1 - 0
2023-11-16,Pakistan,Saudi Arabia,835,-1,4 - 0
2023-11-21,Pakistan,Tajikistan,829,-6,1 - 6
2024-03-21,Pakistan,Jordan,828,-1,0 - 3
2024-03-26,Pakistan,Jordan,827,-1,7 - 0
2024-06-06,Pakistan,Saudi Arabia,826,-1,0 - 3
2024-06-11,Pakistan,Tajikistan,824,-2,3 - 0
2025-03-25,Pakistan,Syria,822,-2,2 - 0
2025-06-10,Pakistan,Myanmar,812,-9,1 - 0
2025-10-09,Pakistan,Afghanistan,821,8,0 - 0
2025-10-14,Pakistan,Afghanistan,832,11,1 - 1
2025-11-18,Pakistan,Syria,828,-4,0 - 5
2026-03-31,Pakistan,Myanmar,812,-18,1 - 2
2026-06-04,Pakistan,Maldives,847,35,0 - 3
2026-06-07,Pakistan,Afghanistan,880,33,2 - 0
2026-06-10,Pakistan,Afghanistan,909,29,2 - 0
2021-06-03,Palestine,Singapore,1411,15,4 - 0
2021-06-15,Palestine,Yemen,1427,16,3 - 0
2021-06-24,Palestine,Comoros,1446,19,5 - 1
2021-09-02,Palestine,Kyrgyzstan,1427,-19,1 - 0
2021-09-05,Palestine,Bangladesh,1429,2,2 - 0
2021-12-01,Palestine,Morocco,1417,-12,4 - 0
2021-12-04,Palestine,Saudi Arabia,1429,12,1 - 1
2021-12-07,Palestine,Jordan,1401,-28,5 - 1
2022-06-08,Palestine,Mongolia,1403,2,0 - 1
2022-06-11,Palestine,Yemen,1419,16,5 - 0
2022-06-14,Palestine,Philippines,1430,11,4 - 0
2023-03-25,Palestine,Bahrain,1445,15,1 - 2
2023-06-14,Palestine,Indonesia,1443,-2,0 - 0
2023-06-20,Palestine,China,1433,-10,2 - 0
2023-09-06,Palestine,Oman,1429,-4,2 - 1
2023-09-11,Palestine,Vietnam,1417,-12,2 - 0
2023-11-16,Palestine,Lebanon,1411,-6,0 - 0
2023-11-21,Palestine,Australia,1407,-4,1 - 0
2024-01-07,Palestine,Uzbekistan,1403,-4,1 - 0
2024-01-09,Palestine,Saudi Arabia,1408,5,0 - 0
2024-01-14,Palestine,Iran,1401,-7,4 - 1
2024-01-18,Palestine,United Arab Emirates,1409,8,1 - 1
2024-01-23,Palestine,Hong Kong,1420,11,3 - 0
2024-01-29,Palestine,Qatar,1410,-10,2 - 1
2024-03-21,Palestine,Bangladesh,1415,5,5 - 0
2024-03-26,Palestine,Bangladesh,1419,4,0 - 1
2024-06-06,Palestine,Lebanon,1411,-8,0 - 0
2024-06-11,Palestine,Australia,1406,-5,5 - 0
2024-09-05,Palestine,South Korea,1423,17,0 - 0
2024-09-10,Palestine,Jordan,1408,-15,3 - 1
2024-10-10,Palestine,Iraq,1403,-5,1 - 0
2024-10-15,Palestine,Kuwait,1400,-3,2 - 2
2024-11-14,Palestine,Oman,1390,-10,1 - 0
2024-11-19,Palestine,South Korea,1406,16,1 - 1
2025-03-20,Palestine,Jordan,1397,-9,3 - 1
2025-03-25,Palestine,Iraq,1426,29,2 - 1
2025-06-05,Palestine,Kuwait,1455,30,0 - 2
2025-06-10,Palestine,Oman,1458,3,1 - 1
2025-09-08,Palestine,Malaysia,1446,-12,1 - 0
2025-11-25,Palestine,Libya,1447,-2,0 - 0
2025-12-01,Palestine,Qatar,1475,28,0 - 1
2025-12-04,Palestine,Tunisia,1483,8,2 - 2
2025-12-07,Palestine,Syria,1484,1,0 - 0
2025-12-11,Palestine,Saudi Arabia,1470,-14,2 - 1
2026-06-06,Palestine,Kyrgyzstan,1467,-2,0 - 0
2026-06-09,Palestine,Kyrgyzstan,1465,-2,0 - 0
2021-06-05,Panama,Anguilla,1544,0,13 - 0
2021-06-08,Panama,Dominican Republic,1548,4,3 - 0
2021-06-12,Panama,Curaçao,1557,9,2 - 1
2021-06-15,Panama,Curaçao,1555,-2,0 - 0
2021-06-30,Panama,Mexico,1550,-5,3 - 0
2021-07-13,Panama,Qatar,1558,8,3 - 3
2021-07-17,Panama,Honduras,1537,-21,3 - 2
2021-07-20,Panama,Grenada,1544,7,3 - 1
2021-09-02,Panama,Costa Rica,1543,-1,0 - 0
2021-09-05,Panama,Jamaica,1590,47,0 - 3
2021-09-08,Panama,Mexico,1601,11,1 - 1
2021-10-07,Panama,El Salvador,1582,-19,1 - 0
2021-10-10,Panama,USA,1612,30,1 - 0
2021-10-13,Panama,Canada,1597,-15,4 - 1
2021-11-12,Panama,Honduras,1619,22,2 - 3
2021-11-16,Panama,El Salvador,1628,9,2 - 1
2022-01-16,Panama,Peru,1635,7,1 - 1
2022-01-27,Panama,Costa Rica,1620,-15,1 - 0
2022-01-30,Panama,Jamaica,1632,12,3 - 2
2022-02-02,Panama,Mexico,1626,-6,1 - 0
2022-03-24,Panama,Honduras,1612,-14,1 - 1
2022-03-27,Panama,USA,1602,-10,5 - 1
2022-03-30,Panama,Canada,1629,27,1 - 0
2022-05-01,Panama,El Salvador,1615,-14,3 - 2
2022-06-02,Panama,Costa Rica,1647,32,2 - 0
2022-06-09,Panama,Martinique,1656,9,5 - 0
2022-06-11,Panama,Uruguay,1652,-4,5 - 0
2022-06-12,Panama,Martinique,1643,-9,0 - 0
2022-09-27,Panama,Bahrain,1656,13,0 - 2
2022-11-05,Panama,Qatar,1646,-10,2 - 1
2022-11-10,Panama,Saudi Arabia,1646,0,1 - 1
2022-11-15,Panama,Venezuela,1647,1,2 - 2
2022-11-18,Panama,Cameroon,1646,-1,1 - 1
2023-03-12,Panama,Guatemala,1641,-5,1 - 1
2023-03-23,Panama,Argentina,1640,-1,2 - 0
2023-03-28,Panama,Costa Rica,1671,31,0 - 1
2023-06-10,Panama,Nicaragua,1672,1,3 - 2
2023-06-15,Panama,Canada,1647,-25,2 - 0
2023-06-18,Panama,Mexico,1634,-13,1 - 0
2023-06-26,Panama,Costa Rica,1663,29,2 - 1
2023-06-30,Panama,Martinique,1674,11,2 - 1
2023-07-04,Panama,El Salvador,1660,-14,2 - 2
2023-07-08,Panama,Qatar,1693,33,4 - 0
2023-07-12,Panama,USA,1707,14,1 - 1
2023-07-16,Panama,Mexico,1690,-17,1 - 0
2023-09-07,Panama,Martinique,1708,7,3 - 0
2023-09-10,Panama,Guatemala,1703,-5,1 - 1
2023-10-13,Panama,Curaçao,1709,6,1 - 2
2023-10-17,Panama,Guatemala,1719,10,3 - 0
2023-11-16,Panama,Costa Rica,1755,36,0 - 3
2023-11-20,Panama,Costa Rica,1766,11,3 - 1
2024-03-21,Panama,Mexico,1734,-32,3 - 0
2024-03-24,Panama,Jamaica,1707,-27,1 - 0
2024-06-06,Panama,Guyana,1710,3,2 - 0
2024-06-09,Panama,Montserrat,1711,1,3 - 1
2024-06-16,Panama,Paraguay,1698,-13,0 - 1
2024-06-23,Panama,Uruguay,1686,-12,3 - 1
2024-06-27,Panama,USA,1725,39,1 - 2
2024-07-01,Panama,Bolivia,1747,22,3 - 1
2024-07-06,Panama,Colombia,1731,-16,5 - 0
2024-10-12,Panama,USA,1720,-11,2 - 0
2024-10-15,Panama,Canada,1714,-6,2 - 1
2024-11-14,Panama,Costa Rica,1737,23,0 - 1
2024-11-18,Panama,Costa Rica,1727,-10,2 - 2
2025-02-08,Panama,Chile,1712,-15,6 - 1
2025-03-20,Panama,USA,1741,29,0 - 1
2025-03-23,Panama,Mexico,1724,-17,2 - 1
2025-06-07,Panama,Belize,1725,2,0 - 2
2025-06-10,Panama,Nicaragua,1729,4,3 - 0
2025-06-16,Panama,Guadeloupe,1739,10,5 - 2
2025-06-20,Panama,Guatemala,1750,11,1 - 0
2025-06-24,Panama,Jamaica,1773,23,4 - 1
2025-06-28,Panama,Honduras,1761,-12,1 - 1
2025-09-04,Panama,Suriname,1748,-13,0 - 0
2025-09-08,Panama,Guatemala,1733,-15,1 - 1
2025-10-10,Panama,El Salvador,1740,7,0 - 1
2025-10-14,Panama,Suriname,1723,-17,1 - 1
2025-11-13,Panama,Guatemala,1738,15,2 - 3
2025-11-18,Panama,El Salvador,1742,4,3 - 0
2026-01-18,Panama,Bolivia,1743,1,1 - 1
2026-01-22,Panama,Mexico,1733,-10,0 - 1
2026-03-27,Panama,South Africa,1730,-3,1 - 1
2026-03-31,Panama,South Africa,1737,7,1 - 2
2026-05-31,Panama,Brazil,1733,-4,6 - 2
2026-06-03,Panama,Dominican Republic,1734,1,4 - 2
2026-06-06,Panama,Bosnia and Herzegovina,1730,-4,1 - 1
2022-03-18,Papua New Guinea,New Zealand,1146,-4,1 - 0
2022-03-21,Papua New Guinea,New Caledonia,1172,26,1 - 0
2022-03-24,Papua New Guinea,Fiji,1196,24,2 - 1
2022-03-27,Papua New Guinea,Solomon Islands,1176,-20,3 - 2
2022-09-24,Papua New Guinea,Vanuatu,1200,24,0 - 1
2022-09-27,Papua New Guinea,Fiji,1223,23,1 - 0
2023-06-16,Papua New Guinea,Singapore,1223,0,2 - 2
2023-06-20,Papua New Guinea,Malaysia,1207,-16,10 - 0
2023-10-08,Papua New Guinea,Solomon Islands,1180,-27,3 - 1
2023-10-11,Papua New Guinea,New Caledonia,1160,-20,3 - 1
2023-10-14,Papua New Guinea,Vanuatu,1136,-24,0 - 1
2023-11-23,Papua New Guinea,Vanuatu,1135,-1,1 - 1
2023-11-30,Papua New Guinea,Tahiti,1107,-28,2 - 0
2024-03-22,Papua New Guinea,Sri Lanka,1096,-11,0 - 0
2024-03-25,Papua New Guinea,Central African Republic,1083,-13,4 - 0
2024-06-16,Papua New Guinea,Fiji,1064,-19,5 - 1
2024-06-19,Papua New Guinea,Tahiti,1073,9,1 - 1
2024-06-22,Papua New Guinea,Samoa,1079,6,2 - 1
2024-10-10,Papua New Guinea,New Caledonia,1061,-18,3 - 1
2024-11-14,Papua New Guinea,Fiji,1064,3,3 - 3
2024-11-17,Papua New Guinea,Solomon Islands,1044,-20,1 - 2
2024-12-15,Papua New Guinea,Fiji,1053,9,1 - 1
2024-12-18,Papua New Guinea,Solomon Islands,1085,32,2 - 3
2024-12-21,Papua New Guinea,Vanuatu,1104,19,2 - 1
2025-11-13,Papua New Guinea,Solomon Islands,1120,16,1 - 0
2025-11-20,Papua New Guinea,Fiji,1143,23,2 - 0
2025-11-23,Papua New Guinea,Vanuatu,1136,-7,2 - 2
2021-06-03,Paraguay,Uruguay,1783,14,0 - 0
2021-06-08,Paraguay,Brazil,1772,-11,0 - 2
2021-06-14,Paraguay,Bolivia,1795,23,3 - 1
2021-06-21,Paraguay,Argentina,1783,-12,1 - 0
2021-06-24,Paraguay,Chile,1827,44,2 - 0
2021-06-28,Paraguay,Uruguay,1808,-19,1 - 0
2021-07-02,Paraguay,Peru,1810,2,3 - 3
2021-09-02,Paraguay,Ecuador,1786,-24,2 - 0
2021-09-05,Paraguay,Colombia,1787,1,1 - 1
2021-09-09,Paraguay,Venezuela,1798,11,2 - 1
2021-10-07,Paraguay,Argentina,1808,10,0 - 0
2021-10-10,Paraguay,Chile,1782,-26,2 - 0
2021-10-14,Paraguay,Bolivia,1736,-46,4 - 0
2021-11-11,Paraguay,Chile,1714,-22,0 - 1
2021-11-16,Paraguay,Colombia,1728,14,0 - 0
2022-01-27,Paraguay,Uruguay,1709,-19,0 - 1
2022-02-01,Paraguay,Brazil,1706,-3,4 - 0
2022-03-24,Paraguay,Ecuador,1741,35,3 - 1
2022-03-29,Paraguay,Peru,1727,-14,2 - 0
2022-06-02,Paraguay,Japan,1717,-10,4 - 1
2022-06-10,Paraguay,South Korea,1722,5,2 - 2
2022-09-23,Paraguay,United Arab Emirates,1739,4,1 - 0
2022-09-27,Paraguay,Morocco,1739,0,0 - 0
2022-11-16,Paraguay,Peru,1734,-5,1 - 0
2022-11-19,Paraguay,Colombia,1726,-8,2 - 0
2023-03-27,Paraguay,Chile,1718,-8,3 - 2
2023-06-18,Paraguay,Nicaragua,1719,1,2 - 0
2023-09-07,Paraguay,Peru,1720,1,0 - 0
2023-09-12,Paraguay,Venezuela,1704,-16,1 - 0
2023-10-12,Paraguay,Argentina,1702,-2,1 - 0
2023-10-17,Paraguay,Bolivia,1711,9,1 - 0
2023-11-16,Paraguay,Chile,1717,6,0 - 0
2023-11-21,Paraguay,Colombia,1705,-12,0 - 1
2024-06-07,Paraguay,Peru,1709,4,0 - 0
2024-06-11,Paraguay,Chile,1697,-12,3 - 0
2024-06-16,Paraguay,Panama,1710,13,0 - 1
2024-06-24,Paraguay,Colombia,1703,-7,2 - 1
2024-06-28,Paraguay,Brazil,1690,-13,4 - 1
2024-07-02,Paraguay,Costa Rica,1661,-29,2 - 1
2024-09-06,Paraguay,Uruguay,1678,17,0 - 0
2024-09-10,Paraguay,Brazil,1710,32,1 - 0
2024-10-10,Paraguay,Ecuador,1723,13,0 - 0
2024-10-15,Paraguay,Venezuela,1741,18,2 - 1
2024-11-14,Paraguay,Argentina,1775,34,2 - 1
2024-11-19,Paraguay,Bolivia,1774,-1,2 - 2
2025-03-20,Paraguay,Chile,1786,12,1 - 0
2025-03-25,Paraguay,Colombia,1799,13,2 - 2
2025-06-05,Paraguay,Uruguay,1831,32,2 - 0
2025-06-10,Paraguay,Brazil,1824,-7,1 - 0
2025-09-04,Paraguay,Ecuador,1823,-1,0 - 0
2025-09-09,Paraguay,Peru,1843,20,0 - 1
2025-10-10,Paraguay,Japan,1846,3,2 - 2
2025-10-14,Paraguay,South Korea,1833,-14,2 - 0
2025-11-15,Paraguay,USA,1822,-11,2 - 1
2025-11-18,Paraguay,Mexico,1833,11,2 - 1
2026-03-27,Paraguay,Greece,1844,11,0 - 1
2026-03-31,Paraguay,Morocco,1833,-11,2 - 1
2026-06-05,Paraguay,Nicaragua,1834,1,4 - 0
2021-06-03,Peru,Colombia,1758,-35,0 - 3
2021-06-08,Peru,Ecuador,1787,29,1 - 2
2021-06-17,Peru,Brazil,1781,-6,4 - 0
2021-06-20,Peru,Colombia,1816,35,2 - 1
2021-06-23,Peru,Ecuador,1813,-3,2 - 2
2021-06-27,Peru,Venezuela,1835,22,1 - 0
2021-07-02,Peru,Paraguay,1833,-2,3 - 3
2021-07-05,Peru,Brazil,1829,-4,1 - 0
2021-07-09,Peru,Colombia,1809,-20,3 - 2
2021-09-02,Peru,Uruguay,1810,1,1 - 1
2021-09-05,Peru,Venezuela,1821,11,1 - 0
2021-09-09,Peru,Brazil,1816,-5,2 - 0
2021-10-07,Peru,Chile,1835,19,2 - 0
2021-10-10,Peru,Bolivia,1806,-29,1 - 0
2021-10-14,Peru,Argentina,1802,-4,1 - 0
2021-11-11,Peru,Bolivia,1816,14,3 - 0
2021-11-16,Peru,Venezuela,1835,19,1 - 2
2022-01-16,Peru,Panama,1828,-7,1 - 1
2022-01-20,Peru,Jamaica,1832,4,3 - 0
2022-01-28,Peru,Colombia,1861,29,0 - 1
2022-02-01,Peru,Ecuador,1855,-6,1 - 1
2022-03-24,Peru,Uruguay,1842,-13,1 - 0
2022-03-29,Peru,Paraguay,1856,14,2 - 0
2022-06-05,Peru,New Zealand,1859,3,1 - 0
2022-06-13,Peru,Australia,1850,-9,0 - 0
2022-09-24,Peru,Mexico,1839,-11,1 - 0
2022-09-27,Peru,El Salvador,1843,4,4 - 1
2022-11-16,Peru,Paraguay,1848,5,1 - 0
2022-11-19,Peru,Bolivia,1851,3,1 - 0
2023-03-25,Peru,Germany,1844,-7,2 - 0
2023-03-28,Peru,Morocco,1845,1,0 - 0
2023-06-16,Peru,South Korea,1856,11,0 - 1
2023-06-20,Peru,Japan,1843,-13,4 - 1
2023-09-07,Peru,Paraguay,1842,-1,0 - 0
2023-09-12,Peru,Brazil,1830,-12,0 - 1
2023-10-12,Peru,Chile,1798,-32,2 - 0
2023-10-17,Peru,Argentina,1787,-11,0 - 2
2023-11-16,Peru,Bolivia,1748,-39,2 - 0
2023-11-21,Peru,Venezuela,1743,-5,1 - 1
2024-03-22,Peru,Nicaragua,1745,2,2 - 0
2024-03-26,Peru,Dominican Republic,1746,1,4 - 1
2024-06-07,Peru,Paraguay,1742,-4,0 - 0
2024-06-14,Peru,El Salvador,1744,2,1 - 0
2024-06-21,Peru,Chile,1743,-1,0 - 0
2024-06-25,Peru,Canada,1716,-27,1 - 0
2024-06-29,Peru,Argentina,1710,-6,2 - 0
2024-09-06,Peru,Colombia,1722,12,1 - 1
2024-09-10,Peru,Ecuador,1714,-8,1 - 0
2024-10-11,Peru,Uruguay,1742,28,1 - 0
2024-10-15,Peru,Brazil,1734,-8,4 - 0
2024-11-15,Peru,Chile,1725,-9,0 - 0
2024-11-19,Peru,Argentina,1723,-2,1 - 0
2025-03-20,Peru,Bolivia,1740,17,3 - 1
2025-03-25,Peru,Venezuela,1725,-15,1 - 0
2025-06-06,Peru,Colombia,1739,15,0 - 0
2025-06-10,Peru,Ecuador,1743,4,0 - 0
2025-09-04,Peru,Uruguay,1731,-13,3 - 0
2025-09-09,Peru,Paraguay,1711,-20,0 - 1
2025-10-10,Peru,Chile,1703,-8,2 - 1
2025-11-12,Peru,Russia,1707,5,1 - 1
2025-11-18,Peru,Chile,1697,-10,2 - 1
2025-12-21,Peru,Bolivia,1707,10,2 - 0
2026-03-28,Peru,Senegal,1699,-8,2 - 0
2026-03-31,Peru,Honduras,1695,-4,2 - 2
2026-06-05,Peru,Haiti,1701,6,2 - 1
2026-06-08,Peru,Spain,1699,-2,3 - 1
2021-06-07,Philippines,China,1143,-9,2 - 0
2021-06-11,Philippines,Guam,1149,6,3 - 0
2021-06-15,Philippines,Maldives,1138,-11,1 - 1
2021-12-08,Philippines,Singapore,1124,-14,2 - 1
2021-12-11,Philippines,Timor-Leste,1129,5,7 - 0
2021-12-14,Philippines,Thailand,1118,-11,2 - 1
2021-12-18,Philippines,Myanmar,1130,12,3 - 2
2022-03-23,Philippines,Malaysia,1108,-22,2 - 0
2022-03-29,Philippines,Singapore,1092,-16,2 - 0
2022-06-08,Philippines,Yemen,1096,4,0 - 0
2022-06-11,Philippines,Mongolia,1104,8,0 - 1
2022-06-14,Philippines,Palestine,1093,-11,4 - 0
2022-07-16,Philippines,Timor-Leste,1095,2,4 - 1
2022-12-14,Philippines,Vietnam,1093,-2,1 - 0
2022-12-20,Philippines,Cambodia,1065,-28,3 - 2
2022-12-23,Philippines,Brunei,1068,3,5 - 1
2022-12-26,Philippines,Thailand,1061,-7,4 - 0
2023-01-02,Philippines,Indonesia,1047,-14,1 - 2
2023-03-24,Philippines,Kuwait,1044,-3,2 - 0
2023-03-28,Philippines,Jordan,1042,-2,4 - 0
2023-06-15,Philippines,Nepal,1047,5,1 - 0
2023-06-19,Philippines,Taiwan,1031,-16,2 - 3
2023-09-08,Philippines,Taiwan,1031,0,1 - 1
2023-09-12,Philippines,Afghanistan,1040,9,2 - 1
2023-10-15,Philippines,Kyrgyzstan,1055,15,1 - 0
2023-10-17,Philippines,Bahrain,1054,-1,1 - 0
2023-11-16,Philippines,Vietnam,1042,-12,0 - 2
2023-11-21,Philippines,Indonesia,1050,8,1 - 1
2024-03-21,Philippines,Iraq,1049,-1,1 - 0
2024-03-26,Philippines,Iraq,1045,-4,0 - 5
2024-06-06,Philippines,Vietnam,1040,-5,3 - 2
2024-06-11,Philippines,Indonesia,1034,-6,2 - 0
2024-09-04,Philippines,Malaysia,1030,-4,2 - 1
2024-09-08,Philippines,Tajikistan,1041,11,0 - 0
2024-10-11,Philippines,Thailand,1039,-2,3 - 1
2024-10-14,Philippines,Tajikistan,1084,45,3 - 0
2024-11-14,Philippines,Hong Kong,1074,-10,3 - 1
2024-12-12,Philippines,Myanmar,1061,-13,1 - 1
2024-12-15,Philippines,Laos,1048,-13,1 - 1
2024-12-18,Philippines,Vietnam,1055,7,1 - 1
2024-12-21,Philippines,Indonesia,1091,36,0 - 1
2024-12-27,Philippines,Thailand,1124,33,2 - 1
2024-12-30,Philippines,Thailand,1119,-5,3 - 1
2025-03-25,Philippines,Maldives,1128,9,4 - 1
2025-06-10,Philippines,Tajikistan,1131,4,2 - 2
2025-10-09,Philippines,Timor-Leste,1137,5,4 - 1
2025-10-14,Philippines,Timor-Leste,1140,2,3 - 1
2025-11-18,Philippines,Maldives,1155,15,0 - 2
2026-03-31,Philippines,Tajikistan,1168,12,1 - 1
2026-06-03,Philippines,Guam,1170,2,5 - 1
2026-06-09,Philippines,Myanmar,1179,9,5 - 1
2021-06-08,Poland,Iceland,1796,-7,2 - 2
2021-06-14,Poland,Slovakia,1761,-35,2 - 1
2021-06-19,Poland,Spain,1780,19,1 - 1
2021-06-23,Poland,Sweden,1762,-18,3 - 2
2021-09-02,Poland,Albania,1772,10,4 - 1
2021-09-05,Poland,San Marino,1773,1,1 - 7
2021-09-08,Poland,England,1783,10,1 - 1
2021-10-09,Poland,San Marino,1783,0,5 - 0
2021-10-12,Poland,Albania,1799,16,0 - 1
2021-11-12,Poland,Andorra,1801,2,1 - 4
2021-11-15,Poland,Hungary,1770,-31,1 - 2
2022-03-24,Poland,Scotland,1772,2,1 - 1
2022-03-29,Poland,Sweden,1799,27,2 - 0
2022-06-01,Poland,Wales,1816,17,2 - 1
2022-06-08,Poland,Belgium,1804,-12,6 - 1
2022-06-11,Poland,Netherlands,1818,14,2 - 2
2022-06-14,Poland,Belgium,1804,-14,0 - 1
2022-09-22,Poland,Netherlands,1782,-22,0 - 2
2022-09-25,Poland,Wales,1809,27,0 - 1
2022-11-16,Poland,Chile,1814,5,1 - 0
2022-11-22,Poland,Mexico,1814,0,0 - 0
2022-11-26,Poland,Saudi Arabia,1844,30,2 - 0
2022-11-30,Poland,Argentina,1827,-17,2 - 0
2022-12-04,Poland,France,1802,-25,3 - 1
2023-03-24,Poland,Czech Republic,1779,-23,3 - 1
2023-03-27,Poland,Albania,1784,5,1 - 0
2023-06-16,Poland,Germany,1796,12,1 - 0
2023-06-20,Poland,Moldova,1759,-37,3 - 2
2023-09-07,Poland,Faroe Islands,1761,2,2 - 0
2023-09-10,Poland,Albania,1724,-37,2 - 0
2023-10-12,Poland,Faroe Islands,1730,6,0 - 2
2023-10-15,Poland,Moldova,1712,-18,1 - 1
2023-11-17,Poland,Czech Republic,1708,-4,1 - 1
2023-11-21,Poland,Latvia,1710,2,2 - 0
2024-03-21,Poland,Estonia,1715,5,5 - 1
2024-03-26,Poland,Wales,1721,6,0 - 0
2024-06-07,Poland,Ukraine,1738,17,3 - 1
2024-06-10,Poland,Turkey,1746,8,2 - 1
2024-06-16,Poland,Netherlands,1735,-11,2 - 1
2024-06-21,Poland,Austria,1710,-25,3 - 1
2024-06-25,Poland,France,1730,20,1 - 1
2024-09-05,Poland,Scotland,1756,26,2 - 3
2024-09-08,Poland,Croatia,1748,-8,1 - 0
2024-10-12,Poland,Portugal,1729,-19,1 - 3
2024-10-15,Poland,Croatia,1734,5,3 - 3
2024-11-15,Poland,Portugal,1725,-9,5 - 1
2024-11-18,Poland,Scotland,1700,-25,1 - 2
2025-03-21,Poland,Lithuania,1702,2,1 - 0
2025-03-24,Poland,Malta,1705,3,2 - 0
2025-06-06,Poland,Moldova,1707,2,2 - 0
2025-06-10,Poland,Finland,1683,-24,2 - 1
2025-09-04,Poland,Netherlands,1698,16,1 - 1
2025-09-07,Poland,Finland,1710,12,3 - 1
2025-10-09,Poland,New Zealand,1714,4,1 - 0
2025-10-12,Poland,Lithuania,1722,8,0 - 2
2025-11-14,Poland,Netherlands,1730,8,1 - 1
2025-11-17,Poland,Malta,1735,5,2 - 3
2026-03-26,Poland,Albania,1746,11,2 - 1
2026-03-31,Poland,Sweden,1729,-17,3 - 2
2026-05-31,Poland,Ukraine,1711,-18,0 - 2
2026-06-03,Poland,Nigeria,1710,-1,2 - 2
2021-06-04,Portugal,Spain,2037,3,0 - 0
2021-06-09,Portugal,Israel,2039,2,4 - 0
2021-06-15,Portugal,Hungary,2060,21,0 - 3
2021-06-19,Portugal,Germany,2018,-42,4 - 2
2021-06-23,Portugal,France,2023,5,2 - 2
2021-06-27,Portugal,Belgium,2006,-17,1 - 0
2021-09-01,Portugal,Republic of Ireland,2008,2,2 - 1
2021-09-04,Portugal,Qatar,2012,4,3 - 1
2021-09-07,Portugal,Azerbaijan,2015,3,0 - 3
2021-10-09,Portugal,Qatar,2018,3,3 - 0
2021-10-12,Portugal,Luxembourg,2019,1,5 - 0
2021-11-11,Portugal,Republic of Ireland,2006,-13,0 - 0
2021-11-14,Portugal,Serbia,1972,-34,1 - 2
2022-03-24,Portugal,Turkey,1979,7,3 - 1
2022-03-29,Portugal,North Macedonia,1984,5,2 - 0
2022-06-02,Portugal,Spain,1992,8,1 - 1
2022-06-05,Portugal,Switzerland,2011,19,4 - 0
2022-06-09,Portugal,Czech Republic,2022,11,2 - 0
2022-06-12,Portugal,Switzerland,1999,-23,1 - 0
2022-09-24,Portugal,Czech Republic,2029,30,0 - 4
2022-09-27,Portugal,Spain,2003,-26,0 - 1
2022-11-17,Portugal,Nigeria,2005,2,4 - 0
2022-11-24,Portugal,Ghana,2009,4,3 - 2
2022-11-28,Portugal,Uruguay,2043,34,2 - 0
2022-12-02,Portugal,South Korea,1992,-51,2 - 1
2022-12-06,Portugal,Switzerland,2041,49,6 - 1
2022-12-10,Portugal,Morocco,1998,-43,1 - 0
2023-03-23,Portugal,Liechtenstein,1998,0,4 - 0
2023-03-26,Portugal,Luxembourg,2004,6,0 - 6
2023-06-17,Portugal,Bosnia and Herzegovina,2008,4,3 - 0
2023-06-20,Portugal,Iceland,2012,4,0 - 1
2023-09-08,Portugal,Slovakia,2018,6,0 - 1
2023-09-11,Portugal,Luxembourg,2021,3,9 - 0
2023-10-13,Portugal,Slovakia,2023,2,3 - 2
2023-10-16,Portugal,Bosnia and Herzegovina,2031,8,0 - 5
2023-11-16,Portugal,Liechtenstein,2031,0,0 - 2
2023-11-19,Portugal,Iceland,2032,1,2 - 0
2024-03-21,Portugal,Sweden,2035,3,5 - 2
2024-03-26,Portugal,Slovenia,2012,-23,2 - 0
2024-06-04,Portugal,Finland,2014,2,4 - 2
2024-06-08,Portugal,Croatia,2000,-14,1 - 2
2024-06-11,Portugal,Republic of Ireland,2002,2,3 - 0
2024-06-18,Portugal,Czech Republic,2013,11,2 - 1
2024-06-22,Portugal,Turkey,2031,18,3 - 0
2024-06-26,Portugal,Georgia,1963,-68,2 - 0
2024-07-01,Portugal,Slovenia,1950,-13,0 - 0
2024-07-05,Portugal,France,1959,9,0 - 0
2024-09-05,Portugal,Croatia,1971,12,2 - 1
2024-09-08,Portugal,Scotland,1975,4,2 - 1
2024-10-12,Portugal,Poland,1994,19,1 - 3
2024-10-15,Portugal,Scotland,1984,-10,0 - 0
2024-11-15,Portugal,Poland,1993,9,5 - 1
2024-11-18,Portugal,Croatia,1993,0,1 - 1
2025-03-20,Portugal,Denmark,1965,-28,1 - 0
2025-03-23,Portugal,Denmark,1988,23,5 - 2
2025-06-04,Portugal,Germany,2020,32,1 - 2
2025-06-08,Portugal,Spain,2030,10,2 - 2
2025-09-06,Portugal,Armenia,2033,3,0 - 5
2025-09-09,Portugal,Hungary,2041,8,2 - 3
2025-10-11,Portugal,Republic of Ireland,2043,2,1 - 0
2025-10-14,Portugal,Hungary,2026,-17,2 - 2
2025-11-13,Portugal,Republic of Ireland,1974,-52,2 - 0
2025-11-16,Portugal,Armenia,1976,2,9 - 1
2026-03-28,Portugal,Mexico,1975,-1,0 - 0
2026-03-31,Portugal,USA,1984,9,0 - 2
2026-06-06,Portugal,Chile,1986,2,2 - 1
2026-06-10,Portugal,Nigeria,1989,3,2 - 1
2021-06-02,Puerto Rico,Bahamas,1014,20,7 - 0
2021-06-08,Puerto Rico,Guyana,1058,44,2 - 0
2022-06-09,Puerto Rico,Cayman Islands,1084,26,0 - 3
2022-06-12,Puerto Rico,British Virgin Islands,1087,3,6 - 0
2023-03-23,Puerto Rico,British Virgin Islands,1093,6,1 - 3
2023-03-26,Puerto Rico,Cayman Islands,1102,9,5 - 1
2023-06-13,Puerto Rico,Curaçao,1108,6,0 - 0
2023-06-17,Puerto Rico,Suriname,1119,11,0 - 0
2023-06-20,Puerto Rico,Martinique,1109,-10,2 - 0
2023-09-09,Puerto Rico,Bahamas,1133,24,1 - 6
2023-09-12,Puerto Rico,Antigua and Barbuda,1167,34,5 - 0
2023-10-14,Puerto Rico,Guyana,1140,-27,3 - 1
2023-10-17,Puerto Rico,Guyana,1118,-22,3 - 1
2023-11-18,Puerto Rico,Antigua and Barbuda,1140,22,2 - 3
2023-11-21,Puerto Rico,Bahamas,1147,7,6 - 1
2024-03-21,Puerto Rico,Belize,1147,0,1 - 1
2024-03-24,Puerto Rico,Belize,1130,-17,3 - 0
2024-06-06,Puerto Rico,El Salvador,1146,16,0 - 0
2024-06-11,Puerto Rico,Anguilla,1148,2,8 - 0
2024-09-06,Puerto Rico,Haiti,1135,-13,1 - 4
2024-09-09,Puerto Rico,Aruba,1142,7,1 - 0
2024-10-11,Puerto Rico,Sint Maarten,1110,-32,3 - 2
2024-10-14,Puerto Rico,Sint Maarten,1120,10,2 - 1
2024-11-15,Puerto Rico,Aruba,1132,12,5 - 1
2024-11-18,Puerto Rico,Haiti,1121,-11,0 - 3
2025-03-21,Puerto Rico,Dominican Republic,1123,2,2 - 2
2025-03-25,Puerto Rico,Dominican Republic,1118,-5,2 - 0
2025-06-01,Puerto Rico,Nicaragua,1122,5,1 - 1
2025-06-06,Puerto Rico,Suriname,1118,-4,1 - 0
2025-06-10,Puerto Rico,St Vincent,1135,17,2 - 1
2025-10-14,Puerto Rico,Argentina,1134,0,6 - 0
2026-03-25,Puerto Rico,Guam,1137,3,4 - 0
2026-03-28,Puerto Rico,United States Virgin Islands,1138,1,2 - 0
2026-06-05,Puerto Rico,Saudi Arabia,1135,-3,3 - 0
2021-06-03,Qatar,India,1648,2,1 - 0
2021-06-07,Qatar,Oman,1656,8,1 - 0
2021-07-04,Qatar,El Salvador,1662,6,1 - 0
2021-07-13,Qatar,Panama,1654,-8,3 - 3
2021-07-17,Qatar,Grenada,1659,5,4 - 0
2021-07-20,Qatar,Honduras,1694,35,2 - 0
2021-07-24,Qatar,El Salvador,1709,15,3 - 2
2021-07-29,Qatar,USA,1698,-11,1 - 0
2021-09-01,Qatar,Serbia,1684,-14,4 - 0
2021-09-04,Qatar,Portugal,1680,-4,3 - 1
2021-09-07,Qatar,Luxembourg,1675,-5,1 - 1
2021-10-09,Qatar,Portugal,1672,-3,3 - 0
2021-10-12,Qatar,Republic of Ireland,1656,-16,4 - 0
2021-11-11,Qatar,Serbia,1649,-7,4 - 0
2021-11-14,Qatar,Azerbaijan,1643,-6,2 - 2
2021-11-30,Qatar,Bahrain,1653,10,1 - 0
2021-12-03,Qatar,Oman,1661,8,2 - 1
2021-12-06,Qatar,Iraq,1678,17,3 - 0
2021-12-10,Qatar,United Arab Emirates,1691,13,5 - 0
2021-12-15,Qatar,Algeria,1669,-22,1 - 2
2021-12-18,Qatar,Egypt,1663,-6,0 - 0
2022-03-26,Qatar,Bulgaria,1667,4,2 - 1
2022-03-29,Qatar,Slovenia,1663,-4,0 - 0
2022-09-23,Qatar,Canada,1648,-10,2 - 0
2022-09-27,Qatar,Chile,1650,2,2 - 2
2022-10-13,Qatar,Nicaragua,1652,2,2 - 1
2022-10-23,Qatar,Guatemala,1659,7,2 - 0
2022-10-27,Qatar,Honduras,1664,5,1 - 0
2022-11-05,Qatar,Panama,1674,10,2 - 1
2022-11-09,Qatar,Albania,1680,6,1 - 0
2022-11-20,Qatar,Ecuador,1642,-38,0 - 2
2022-11-25,Qatar,Senegal,1589,-53,1 - 3
2022-11-29,Qatar,Netherlands,1578,-11,0 - 2
2023-01-07,Qatar,Kuwait,1589,11,2 - 0
2023-01-10,Qatar,Bahrain,1565,-24,2 - 1
2023-01-13,Qatar,United Arab Emirates,1558,-7,1 - 1
2023-01-16,Qatar,Iraq,1546,-12,2 - 1
2023-06-15,Qatar,Jamaica,1556,10,2 - 1
2023-06-19,Qatar,New Zealand,1545,-11,1 - 0
2023-06-25,Qatar,Haiti,1520,-25,2 - 1
2023-06-29,Qatar,Honduras,1515,-5,1 - 1
2023-07-02,Qatar,Mexico,1558,43,1 - 0
2023-07-08,Qatar,Panama,1525,-33,4 - 0
2023-09-07,Qatar,Kenya,1508,-17,1 - 2
2023-09-12,Qatar,Russia,1512,4,1 - 1
2023-10-13,Qatar,Iraq,1516,4,0 - 0
2023-10-17,Qatar,Iran,1508,-8,4 - 0
2023-11-16,Qatar,Afghanistan,1512,4,8 - 1
2023-11-21,Qatar,India,1535,23,0 - 3
2023-12-31,Qatar,Cambodia,1535,0,3 - 0
2024-01-05,Qatar,Jordan,1521,-14,1 - 2
2024-01-12,Qatar,Lebanon,1533,12,3 - 0
2024-01-17,Qatar,Tajikistan,1542,9,1 - 0
2024-01-22,Qatar,China,1553,11,1 - 0
2024-01-29,Qatar,Palestine,1563,10,2 - 1
2024-02-03,Qatar,Uzbekistan,1563,0,1 - 1
2024-02-07,Qatar,Iran,1600,37,3 - 2
2024-02-10,Qatar,Jordan,1630,30,3 - 1
2024-03-21,Qatar,Kuwait,1637,7,3 - 0
2024-03-26,Qatar,Kuwait,1647,10,1 - 2
2024-06-06,Qatar,Afghanistan,1629,-18,0 - 0
2024-06-11,Qatar,India,1631,2,2 - 1
2024-09-05,Qatar,United Arab Emirates,1584,-47,1 - 3
2024-09-10,Qatar,North Korea,1574,-10,2 - 2
2024-10-10,Qatar,Kyrgyzstan,1579,5,3 - 1
2024-10-15,Qatar,Iran,1565,-14,4 - 1
2024-11-14,Qatar,Uzbekistan,1587,22,3 - 2
2024-11-19,Qatar,United Arab Emirates,1552,-35,5 - 0
2024-12-21,Qatar,United Arab Emirates,1553,1,1 - 1
2024-12-24,Qatar,Oman,1529,-24,2 - 1
2024-12-27,Qatar,Kuwait,1525,-4,1 - 1
2025-03-20,Qatar,North Korea,1542,17,5 - 1
2025-03-25,Qatar,Kyrgyzstan,1499,-43,3 - 1
2025-06-05,Qatar,Iran,1530,32,1 - 0
2025-06-10,Qatar,Uzbekistan,1517,-13,3 - 0
2025-09-03,Qatar,Bahrain,1497,-4,2 - 2
2025-09-07,Qatar,Russia,1488,-9,1 - 4
2025-10-08,Qatar,Oman,1484,-4,0 - 0
2025-10-14,Qatar,United Arab Emirates,1504,19,2 - 1
2025-11-17,Qatar,Zimbabwe,1488,-16,1 - 2
2025-12-01,Qatar,Palestine,1460,-28,0 - 1
2025-12-04,Qatar,Syria,1456,-4,1 - 1
2025-12-07,Qatar,Tunisia,1427,-29,0 - 3
2026-05-28,Qatar,Republic of Ireland,1423,-2,1 - 0
2026-06-06,Qatar,El Salvador,1421,-2,0 - 0
2021-06-03,Republic of Ireland,Andorra,1616,2,1 - 4
2021-06-08,Republic of Ireland,Hungary,1622,6,0 - 0
2021-09-01,Republic of Ireland,Portugal,1620,-2,2 - 1
2021-09-04,Republic of Ireland,Azerbaijan,1605,-15,1 - 1
2021-09-07,Republic of Ireland,Serbia,1610,5,1 - 1
2021-10-09,Republic of Ireland,Azerbaijan,1632,22,0 - 3
2021-10-12,Republic of Ireland,Qatar,1648,16,4 - 0
2021-11-11,Republic of Ireland,Portugal,1661,13,0 - 0
2021-11-14,Republic of Ireland,Luxembourg,1683,22,0 - 3
2022-03-26,Republic of Ireland,Belgium,1690,7,2 - 2
2022-03-29,Republic of Ireland,Lithuania,1691,1,1 - 0
2022-06-04,Republic of Ireland,Armenia,1666,-25,1 - 0
2022-06-08,Republic of Ireland,Ukraine,1650,-16,0 - 1
2022-06-11,Republic of Ireland,Scotland,1681,31,3 - 0
2022-06-14,Republic of Ireland,Ukraine,1690,9,1 - 1
2022-09-24,Republic of Ireland,Scotland,1678,-12,2 - 1
2022-09-27,Republic of Ireland,Armenia,1684,6,3 - 2
2022-11-17,Republic of Ireland,Norway,1673,-11,1 - 2
2022-11-20,Republic of Ireland,Malta,1676,3,0 - 1
2023-03-22,Republic of Ireland,Latvia,1678,2,3 - 2
2023-03-27,Republic of Ireland,France,1673,-5,0 - 1
2023-06-16,Republic of Ireland,Greece,1659,-14,2 - 1
2023-06-19,Republic of Ireland,Gibraltar,1660,1,3 - 0
2023-09-07,Republic of Ireland,France,1658,-2,2 - 0
2023-09-10,Republic of Ireland,Netherlands,1649,-9,1 - 2
2023-10-13,Republic of Ireland,Greece,1614,-35,0 - 2
2023-10-16,Republic of Ireland,Gibraltar,1617,3,0 - 4
2023-11-18,Republic of Ireland,Netherlands,1614,-3,1 - 0
2023-11-21,Republic of Ireland,New Zealand,1609,-5,1 - 1
2024-03-23,Republic of Ireland,Belgium,1616,7,0 - 0
2024-03-26,Republic of Ireland,Switzerland,1608,-8,0 - 1
2024-06-04,Republic of Ireland,Hungary,1622,14,2 - 1
2024-06-11,Republic of Ireland,Portugal,1620,-2,3 - 0
2024-09-07,Republic of Ireland,England,1609,-11,0 - 2
2024-09-10,Republic of Ireland,Greece,1583,-26,0 - 2
2024-10-10,Republic of Ireland,Finland,1610,27,1 - 2
2024-10-13,Republic of Ireland,Greece,1601,-9,2 - 0
2024-11-14,Republic of Ireland,Finland,1614,13,1 - 0
2024-11-17,Republic of Ireland,England,1609,-5,5 - 0
2025-03-20,Republic of Ireland,Bulgaria,1628,19,1 - 2
2025-03-23,Republic of Ireland,Bulgaria,1635,7,2 - 1
2025-06-06,Republic of Ireland,Senegal,1635,1,1 - 1
2025-06-10,Republic of Ireland,Luxembourg,1633,-2,0 - 0
2025-09-06,Republic of Ireland,Hungary,1631,-2,2 - 2
2025-09-09,Republic of Ireland,Armenia,1603,-28,2 - 1
2025-10-11,Republic of Ireland,Portugal,1601,-2,1 - 0
2025-10-14,Republic of Ireland,Armenia,1607,6,1 - 0
2025-11-13,Republic of Ireland,Portugal,1659,52,2 - 0
2025-11-16,Republic of Ireland,Hungary,1688,29,2 - 3
2026-03-26,Republic of Ireland,Czech Republic,1696,8,2 - 2
2026-03-31,Republic of Ireland,North Macedonia,1691,-5,0 - 0
2026-05-16,Republic of Ireland,Grenada,1692,1,5 - 0
2026-05-28,Republic of Ireland,Qatar,1694,2,1 - 0
2026-06-05,Republic of Ireland,Canada,1699,5,1 - 1
2023-09-02,Reunion,Madagascar,1346,-15,1 - 0
2021-06-02,Romania,Georgia,1630,-16,1 - 2
2021-06-06,Romania,England,1629,-1,1 - 0
2021-09-02,Romania,Iceland,1666,37,0 - 2
2021-09-05,Romania,Liechtenstein,1667,1,2 - 0
2021-09-08,Romania,North Macedonia,1667,0,0 - 0
2021-10-08,Romania,Germany,1663,-4,2 - 1
2021-10-11,Romania,Armenia,1673,10,1 - 0
2021-11-11,Romania,Iceland,1662,-11,0 - 0
2021-11-14,Romania,Liechtenstein,1666,4,0 - 2
2022-03-25,Romania,Greece,1653,-13,0 - 1
2022-03-29,Romania,Israel,1655,2,2 - 2
2022-06-04,Romania,Montenegro,1622,-33,2 - 0
2022-06-07,Romania,Bosnia and Herzegovina,1606,-16,1 - 0
2022-06-11,Romania,Finland,1626,20,1 - 0
2022-06-14,Romania,Montenegro,1574,-52,0 - 3
2022-09-23,Romania,Finland,1584,10,1 - 1
2022-09-26,Romania,Bosnia and Herzegovina,1615,31,4 - 1
2022-11-17,Romania,Slovenia,1603,-12,1 - 2
2022-11-20,Romania,Moldova,1610,7,0 - 5
2023-03-25,Romania,Andorra,1615,5,0 - 2
2023-03-28,Romania,Belarus,1621,6,2 - 1
2023-06-16,Romania,Kosovo,1620,-1,0 - 0
2023-06-19,Romania,Switzerland,1636,16,2 - 2
2023-09-09,Romania,Israel,1629,-7,1 - 1
2023-09-12,Romania,Kosovo,1641,12,2 - 0
2023-10-12,Romania,Belarus,1629,-12,0 - 0
2023-10-15,Romania,Andorra,1631,2,4 - 0
2023-11-18,Romania,Israel,1650,19,2 - 1
2023-11-21,Romania,Switzerland,1674,24,1 - 0
2024-03-22,Romania,Northern Ireland,1667,-7,1 - 1
2024-03-26,Romania,Colombia,1664,-3,3 - 2
2024-06-04,Romania,Bulgaria,1657,-7,0 - 0
2024-06-07,Romania,Liechtenstein,1647,-10,0 - 0
2024-06-17,Romania,Ukraine,1714,67,3 - 0
2024-06-22,Romania,Belgium,1698,-16,2 - 0
2024-06-26,Romania,Slovakia,1698,0,1 - 1
2024-07-02,Romania,Netherlands,1682,-16,3 - 0
2024-09-06,Romania,Kosovo,1709,27,0 - 3
2024-09-09,Romania,Lithuania,1713,4,3 - 1
2024-10-12,Romania,Cyprus,1723,10,0 - 3
2024-10-15,Romania,Lithuania,1729,6,1 - 2
2024-11-15,Romania,Kosovo,1715,-14,0 - 0
2024-11-18,Romania,Cyprus,1719,4,4 - 1
2025-03-21,Romania,Bosnia and Herzegovina,1684,-35,0 - 1
2025-03-24,Romania,San Marino,1685,1,1 - 5
2025-06-07,Romania,Austria,1677,-8,2 - 1
2025-06-10,Romania,Cyprus,1681,4,2 - 0
2025-09-05,Romania,Canada,1663,-18,0 - 3
2025-09-09,Romania,Cyprus,1650,-13,2 - 2
2025-10-09,Romania,Moldova,1651,1,2 - 1
2025-10-12,Romania,Austria,1677,26,1 - 0
2025-11-15,Romania,Bosnia and Herzegovina,1642,-35,3 - 1
2025-11-18,Romania,San Marino,1642,0,7 - 1
2026-03-26,Romania,Turkey,1637,-5,1 - 0
2026-03-31,Romania,Slovakia,1627,-10,2 - 0
2026-06-02,Romania,Georgia,1630,3,1 - 1
2026-06-06,Romania,Wales,1639,9,2 - 1
2021-06-05,Russia,Bulgaria,1744,2,1 - 0
2021-06-12,Russia,Belgium,1728,-16,0 - 3
2021-06-16,Russia,Finland,1746,18,1 - 0
2021-06-21,Russia,Denmark,1730,-16,4 - 1
2021-09-01,Russia,Croatia,1730,0,0 - 0
2021-09-04,Russia,Cyprus,1739,9,0 - 2
2021-09-07,Russia,Malta,1741,2,2 - 0
2021-10-08,Russia,Slovakia,1751,10,1 - 0
2021-10-11,Russia,Slovenia,1769,18,1 - 2
2021-11-11,Russia,Cyprus,1772,3,6 - 0
2021-11-14,Russia,Croatia,1761,-11,1 - 0
2022-09-24,Russia,Kyrgyzstan,1763,2,1 - 2
2022-11-17,Russia,Tajikistan,1755,-8,0 - 0
2022-11-20,Russia,Uzbekistan,1753,-2,0 - 0
2023-03-23,Russia,Iran,1756,3,1 - 1
2023-03-26,Russia,Iraq,1762,6,2 - 0
2023-09-12,Russia,Qatar,1758,-4,1 - 1
2023-10-12,Russia,Cameroon,1762,4,1 - 0
2023-10-16,Russia,Kenya,1754,-8,2 - 2
2023-11-20,Russia,Cuba,1756,2,8 - 0
2024-03-21,Russia,Serbia,1772,16,4 - 0
2024-06-07,Russia,Belarus,1780,8,0 - 4
2024-09-05,Russia,Vietnam,1785,5,0 - 3
2024-11-15,Russia,Brunei,1785,0,11 - 0
2024-11-19,Russia,Syria,1788,3,4 - 0
2025-03-19,Russia,Grenada,1788,0,5 - 0
2025-03-25,Russia,Zambia,1790,2,5 - 0
2025-06-06,Russia,Nigeria,1783,-7,1 - 1
2025-06-10,Russia,Belarus,1792,9,1 - 4
2025-09-04,Russia,Jordan,1785,-7,0 - 0
2025-09-07,Russia,Qatar,1794,9,1 - 4
2025-10-10,Russia,Iran,1800,6,2 - 1
2025-10-14,Russia,Bolivia,1810,8,3 - 0
2025-11-12,Russia,Peru,1805,-5,1 - 1
2025-11-15,Russia,Chile,1782,-23,0 - 2
2026-03-27,Russia,Nicaragua,1783,1,3 - 1
2026-03-31,Russia,Mali,1776,-7,0 - 0
2026-05-28,Russia,Egypt,1766,-10,1 - 0
2026-06-05,Russia,Burkina Faso,1770,4,3 - 0
2026-06-09,Russia,Trinidad and Tobago,1772,2,3 - 0
2021-06-04,Rwanda,Central African Republic,1313,11,2 - 0
2021-06-07,Rwanda,Central African Republic,1327,14,5 - 0
2021-09-01,Rwanda,Mali,1318,-9,1 - 0
2021-09-05,Rwanda,Kenya,1316,-2,1 - 1
2021-10-07,Rwanda,Uganda,1298,-18,0 - 1
2021-10-10,Rwanda,Uganda,1291,-7,1 - 0
2021-11-11,Rwanda,Mali,1274,-17,0 - 3
2021-11-15,Rwanda,Kenya,1264,-10,2 - 1
2022-01-03,Rwanda,Guinea,1284,20,3 - 0
2022-01-06,Rwanda,Guinea,1269,-15,0 - 2
2022-06-02,Rwanda,Mozambique,1270,1,1 - 1
2022-06-07,Rwanda,Senegal,1269,-1,1 - 0
2022-09-23,Rwanda,Equatorial Guinea,1274,5,0 - 0
2022-11-17,Rwanda,Sudan,1272,-2,0 - 0
2022-11-19,Rwanda,Sudan,1280,8,1 - 0
2023-03-19,Rwanda,Ethiopia,1275,-5,1 - 0
2023-03-22,Rwanda,Benin,1286,11,1 - 1
2023-03-29,Rwanda,Benin,1286,0,1 - 1
2023-06-18,Rwanda,Mozambique,1250,-36,0 - 2
2023-09-09,Rwanda,Senegal,1269,19,1 - 1
2023-11-15,Rwanda,Zimbabwe,1266,-3,0 - 0
2023-11-21,Rwanda,South Africa,1309,43,2 - 0
2024-03-22,Rwanda,Botswana,1311,2,0 - 0
2024-03-25,Rwanda,Madagascar,1341,30,0 - 2
2024-06-06,Rwanda,Benin,1322,-19,1 - 0
2024-06-11,Rwanda,Lesotho,1340,18,1 - 0
2024-09-04,Rwanda,Libya,1349,9,1 - 1
2024-09-10,Rwanda,Nigeria,1357,8,0 - 0
2024-10-11,Rwanda,Benin,1328,-29,3 - 0
2024-10-15,Rwanda,Benin,1349,21,2 - 1
2024-11-14,Rwanda,Libya,1325,-24,0 - 1
2024-11-18,Rwanda,Nigeria,1361,36,1 - 2
2025-03-21,Rwanda,Nigeria,1339,-22,0 - 2
2025-03-25,Rwanda,Lesotho,1328,-11,1 - 1
2025-06-05,Rwanda,Algeria,1324,-2,2 - 0
2025-09-06,Rwanda,Nigeria,1318,-5,1 - 0
2025-09-09,Rwanda,Zimbabwe,1342,24,1 - 0
2025-10-10,Rwanda,Benin,1322,-20,0 - 1
2025-10-14,Rwanda,South Africa,1310,-11,3 - 0
2026-03-27,Rwanda,Grenada,1317,9,4 - 0
2026-03-30,Rwanda,Estonia,1336,19,2 - 0
2023-03-04,Saint Barthelemy,Sint Maarten,730,17,5 - 1
2023-03-10,Saint Barthelemy,St Martin,725,-5,3 - 2
2021-06-04,Saint Kitts and Nevis,Guyana,1249,24,3 - 0
2021-06-08,Saint Kitts and Nevis,Trinidad and Tobago,1226,-23,2 - 0
2021-06-12,Saint Kitts and Nevis,El Salvador,1204,-22,0 - 4
2021-06-15,Saint Kitts and Nevis,El Salvador,1198,-6,2 - 0
2022-03-25,Saint Kitts and Nevis,Andorra,1187,-11,1 - 0
2022-06-09,Saint Kitts and Nevis,Aruba,1195,8,2 - 3
2022-06-12,Saint Kitts and Nevis,St Martin,1177,-18,1 - 1
2023-03-23,Saint Kitts and Nevis,St Martin,1185,8,3 - 1
2023-03-27,Saint Kitts and Nevis,Aruba,1193,8,2 - 0
2023-06-13,Saint Kitts and Nevis,Haiti,1190,-3,3 - 1
2023-06-16,Saint Kitts and Nevis,Curaçao,1198,8,1 - 1
2023-06-20,Saint Kitts and Nevis,French Guiana,1204,6,1 - 1
2023-06-25,Saint Kitts and Nevis,Trinidad and Tobago,1180,-24,3 - 0
2023-06-28,Saint Kitts and Nevis,USA,1179,-1,6 - 0
2023-07-02,Saint Kitts and Nevis,Jamaica,1170,-9,5 - 0
2023-09-07,Saint Kitts and Nevis,Guadeloupe,1152,-18,1 - 2
2023-09-10,Saint Kitts and Nevis,St Lucia,1125,-27,2 - 0
2023-10-12,Saint Kitts and Nevis,Sint Maarten,1131,6,3 - 2
2023-10-15,Saint Kitts and Nevis,Sint Maarten,1094,-37,0 - 1
2023-11-16,Saint Kitts and Nevis,St Lucia,1090,-4,0 - 0
2023-11-19,Saint Kitts and Nevis,Guadeloupe,1079,-11,5 - 0
2024-03-20,Saint Kitts and Nevis,San Marino,1086,7,1 - 3
2024-03-24,Saint Kitts and Nevis,San Marino,1080,-6,0 - 0
2024-06-06,Saint Kitts and Nevis,Costa Rica,1078,-2,4 - 0
2024-06-11,Saint Kitts and Nevis,Bahamas,1082,4,1 - 0
2024-09-07,Saint Kitts and Nevis,Cayman Islands,1103,21,1 - 4
2024-09-10,Saint Kitts and Nevis,British Virgin Islands,1107,4,2 - 0
2024-10-09,Saint Kitts and Nevis,British Virgin Islands,1109,2,3 - 1
2024-10-15,Saint Kitts and Nevis,Cayman Islands,1093,-16,1 - 1
2024-11-14,Saint Kitts and Nevis,Cuba,1118,25,2 - 1
2024-11-18,Saint Kitts and Nevis,Cuba,1103,-15,4 - 0
2025-05-20,Saint Kitts and Nevis,St Vincent,1086,-18,1 - 3
2025-05-24,Saint Kitts and Nevis,Anguilla,1089,3,4 - 2
2025-05-25,Saint Kitts and Nevis,St Vincent,1079,-10,3 - 0
2025-05-25,Saint Kitts and Nevis,St Martin,1056,-23,4 - 1
2025-06-06,Saint Kitts and Nevis,Trinidad and Tobago,1049,-6,6 - 2
2025-06-10,Saint Kitts and Nevis,Grenada,1025,-24,2 - 3
2025-10-03,Saint Kitts and Nevis,St Martin,1040,15,5 - 0
2025-10-04,Saint Kitts and Nevis,St Martin,1047,7,2 - 1
2025-11-12,Saint Kitts and Nevis,Sint Maarten,1039,-8,0 - 0
2025-11-18,Saint Kitts and Nevis,Belize,1005,-34,2 - 6
2026-03-27,Saint Kitts and Nevis,Indonesia,1002,-4,4 - 0
2026-03-30,Saint Kitts and Nevis,Solomon Islands,1030,28,4 - 2
2022-05-28,Saint Lucia,Guyana,1030,-6,3 - 2
2022-05-30,Saint Lucia,Trinidad and Tobago,1028,-2,1 - 0
2022-06-09,Saint Lucia,Dominica,1053,25,0 - 1
2022-06-12,Saint Lucia,Anguilla,1056,3,2 - 0
2022-11-17,Saint Lucia,San Marino,1048,-8,1 - 1
2022-11-20,Saint Lucia,San Marino,1050,2,1 - 0
2023-03-03,Saint Lucia,Grenada,1065,15,1 - 2
2023-03-05,Saint Lucia,Grenada,1056,-9,2 - 0
2023-03-24,Saint Lucia,Anguilla,1061,5,1 - 2
2023-03-27,Saint Lucia,Dominica,1077,16,3 - 1
2023-06-16,Saint Lucia,Martinique,1069,-8,3 - 1
2023-09-07,Saint Lucia,Sint Maarten,1084,15,5 - 1
2023-09-10,Saint Lucia,St Kitts and Nevis,1111,27,2 - 0
2023-10-12,Saint Lucia,Guadeloupe,1137,26,2 - 1
2023-10-15,Saint Lucia,Guadeloupe,1126,-11,2 - 0
2023-11-16,Saint Lucia,St Kitts and Nevis,1130,4,0 - 0
2023-11-19,Saint Lucia,Sint Maarten,1094,-36,1 - 2
2024-06-06,Saint Lucia,Haiti,1090,-4,2 - 1
2024-06-11,Saint Lucia,Aruba,1084,-6,2 - 2
2024-09-06,Saint Lucia,Curaçao,1117,33,2 - 1
2024-09-09,Saint Lucia,Grenada,1141,24,1 - 2
2024-10-11,Saint Lucia,St Martin,1146,5,2 - 1
2024-10-14,Saint Lucia,St Martin,1081,-65,0 - 4
2024-11-15,Saint Lucia,Grenada,1043,-38,4 - 0
2024-11-18,Saint Lucia,Curaçao,1036,-7,4 - 1
2025-06-06,Saint Lucia,Curaçao,1029,-7,4 - 0
2025-06-10,Saint Lucia,Barbados,1039,10,2 - 1
2025-11-12,Saint Lucia,Cuba,1022,-16,3 - 0
2025-11-15,Saint Lucia,St Vincent,1008,-14,3 - 1
2026-03-27,Saint Lucia,Azerbaijan,1003,-5,6 - 1
2022-02-13,Saint Martin,Anguilla,836,-18,1 - 2
2022-03-26,Saint Martin,Bahamas,848,12,2 - 0
2022-06-03,Saint Martin,Aruba,851,3,0 - 0
2022-06-06,Saint Martin,Aruba,821,-30,3 - 0
2022-06-12,Saint Martin,St Kitts and Nevis,839,18,1 - 1
2023-01-29,Saint Martin,Trinidad and Tobago,838,-1,2 - 0
2023-03-04,Saint Martin,Anguilla,835,-3,2 - 2
2023-03-10,Saint Martin,St Barthelemy,840,5,3 - 2
2023-03-23,Saint Martin,St Kitts and Nevis,832,-8,3 - 1
2023-09-07,Saint Martin,Anguilla,861,29,0 - 6
2023-09-11,Saint Martin,Bonaire,882,21,2 - 1
2023-10-16,Saint Martin,Anguilla,896,14,8 - 0
2023-11-21,Saint Martin,Bonaire,942,46,0 - 4
2024-09-06,Saint Martin,Grenada,924,-12,2 - 0
2024-09-09,Saint Martin,Curaçao,917,-7,4 - 0
2024-10-11,Saint Martin,St Lucia,912,-5,2 - 1
2024-10-14,Saint Martin,St Lucia,977,65,0 - 4
2024-11-15,Saint Martin,Curaçao,971,-6,5 - 0
2024-11-18,Saint Martin,Grenada,1020,49,3 - 0
2025-05-23,Saint Martin,Anguilla,1022,2,2 - 1
2025-05-25,Saint Martin,St Kitts and Nevis,1045,23,4 - 1
2025-10-03,Saint Martin,St Kitts and Nevis,1029,-15,5 - 0
2025-10-04,Saint Martin,St Kitts and Nevis,1022,-7,2 - 1
2025-11-09,Saint Martin,Anguilla,1002,-19,1 - 2
2025-11-12,Saint Martin,Dominica,1016,14,2 - 1
2025-11-15,Saint Martin,Belize,1003,-13,1 - 0
2026-03-26,Saint Martin,Barbados,1020,17,3 - 1
2026-03-29,Saint Martin,Bonaire,1042,22,0 - 3
2021-06-04,Saint Vincent and the Grenadines,Guatemala,1163,-8,10 - 0
2021-06-08,Saint Vincent and the Grenadines,Cuba,1148,-15,1 - 0
2021-07-02,Saint Vincent and the Grenadines,Haiti,1140,-8,6 - 1
2022-05-12,Saint Vincent and the Grenadines,Dominica,1130,-10,2 - 1
2022-05-15,Saint Vincent and the Grenadines,Dominica,1115,-15,3 - 1
2022-06-03,Saint Vincent and the Grenadines,Bahamas,1086,-29,1 - 0
2022-06-06,Saint Vincent and the Grenadines,Nicaragua,1090,4,2 - 2
2022-06-10,Saint Vincent and the Grenadines,Trinidad and Tobago,1072,-18,0 - 2
2022-06-13,Saint Vincent and the Grenadines,Trinidad and Tobago,1065,-7,4 - 1
2022-09-24,Saint Vincent and the Grenadines,Grenada,1087,22,1 - 3
2022-10-01,Saint Vincent and the Grenadines,Grenada,1064,-23,1 - 5
2023-03-24,Saint Vincent and the Grenadines,Nicaragua,1053,-11,4 - 1
2023-03-27,Saint Vincent and the Grenadines,Bahamas,1039,-14,1 - 1
2023-09-08,Saint Vincent and the Grenadines,Belize,1065,26,1 - 2
2023-09-12,Saint Vincent and the Grenadines,Bermuda,1085,20,4 - 3
2023-10-13,Saint Vincent and the Grenadines,French Guiana,1056,-29,1 - 4
2023-10-16,Saint Vincent and the Grenadines,French Guiana,1051,-5,3 - 2
2023-11-17,Saint Vincent and the Grenadines,Bermuda,1037,-14,3 - 1
2023-11-21,Saint Vincent and the Grenadines,Belize,1078,41,3 - 0
2024-05-02,Saint Vincent and the Grenadines,Dominica,1056,-22,1 - 3
2024-05-05,Saint Vincent and the Grenadines,Dominica,1066,10,2 - 0
2024-05-26,Saint Vincent and the Grenadines,Grenada,1090,24,0 - 3
2024-06-05,Saint Vincent and the Grenadines,Suriname,1080,-10,4 - 1
2024-06-09,Saint Vincent and the Grenadines,El Salvador,1071,-9,3 - 1
2024-09-05,Saint Vincent and the Grenadines,Bonaire,1063,-8,1 - 1
2024-09-08,Saint Vincent and the Grenadines,Montserrat,1088,25,2 - 0
2024-10-10,Saint Vincent and the Grenadines,El Salvador,1079,-9,2 - 3
2024-10-13,Saint Vincent and the Grenadines,El Salvador,1111,32,2 - 1
2024-11-14,Saint Vincent and the Grenadines,Montserrat,1123,12,2 - 1
2024-11-17,Saint Vincent and the Grenadines,Bonaire,1133,10,3 - 1
2025-03-06,Saint Vincent and the Grenadines,Grenada,1129,-4,1 - 1
2025-03-09,Saint Vincent and the Grenadines,Grenada,1125,-4,1 - 1
2025-03-21,Saint Vincent and the Grenadines,Jamaica,1140,15,1 - 1
2025-03-25,Saint Vincent and the Grenadines,Jamaica,1137,-3,3 - 0
2025-05-20,Saint Vincent and the Grenadines,St Kitts and Nevis,1155,18,1 - 3
2025-05-25,Saint Vincent and the Grenadines,St Kitts and Nevis,1165,10,3 - 0
2025-05-29,Saint Vincent and the Grenadines,British Virgin Islands,1155,-10,1 - 1
2025-06-04,Saint Vincent and the Grenadines,Anguilla,1157,2,6 - 0
2025-06-10,Saint Vincent and the Grenadines,Puerto Rico,1140,-17,2 - 1
2025-10-05,Saint Vincent and the Grenadines,Cuba,1162,22,7 - 0
2025-10-08,Saint Vincent and the Grenadines,Cuba,1170,8,1 - 0
2025-11-12,Saint Vincent and the Grenadines,Dominican Republic,1160,-10,2 - 0
2025-11-15,Saint Vincent and the Grenadines,St Lucia,1174,14,3 - 1
2026-03-26,Saint Vincent and the Grenadines,Bonaire,1135,-36,3 - 1
2026-03-29,Saint Vincent and the Grenadines,Barbados,1141,6,3 - 2
2023-11-17,Samoa,Solomon Islands,677,-1,1 - 0
2023-11-20,Samoa,American Samoa,702,25,10 - 0
2023-11-27,Samoa,Tahiti,699,-3,2 - 1
2024-03-20,Samoa,Tonga,727,28,1 - 4
2024-03-23,Samoa,Cook Islands,745,18,1 - 0
2024-06-16,Samoa,Tahiti,740,-5,2 - 0
2024-06-19,Samoa,Fiji,736,-4,9 - 1
2024-06-22,Samoa,Papua New Guinea,730,-6,2 - 1
2024-09-06,Samoa,American Samoa,734,4,2 - 0
2024-09-09,Samoa,Tonga,740,6,2 - 1
2024-10-12,Samoa,Vanuatu,735,-5,4 - 1
2024-11-15,Samoa,Tahiti,730,-5,3 - 0
2021-09-02,San Marino,Andorra,819,-9,2 - 0
2021-09-05,San Marino,Poland,818,-1,1 - 7
2021-09-08,San Marino,Albania,817,-1,5 - 0
2021-10-12,San Marino,Andorra,794,-23,0 - 3
2022-03-25,San Marino,Lithuania,792,-2,1 - 2
2022-03-28,San Marino,Cabo Verde,791,-1,2 - 0
2022-06-02,San Marino,Estonia,790,-1,2 - 0
2022-06-05,San Marino,Malta,783,-7,0 - 2
2022-06-12,San Marino,Malta,781,-2,1 - 0
2022-09-26,San Marino,Estonia,778,-3,0 - 4
2022-11-17,San Marino,St Lucia,786,8,1 - 1
2022-11-20,San Marino,St Lucia,784,-2,1 - 0
2023-03-23,San Marino,Northern Ireland,783,-1,0 - 2
2023-06-16,San Marino,Kazakhstan,781,-2,3 - 0
2023-09-10,San Marino,Slovenia,780,-1,0 - 4
2023-10-14,San Marino,Northern Ireland,779,-1,3 - 0
2023-11-17,San Marino,Kazakhstan,778,-1,3 - 1
2024-03-20,San Marino,St Kitts and Nevis,771,-7,1 - 3
2024-03-24,San Marino,St Kitts and Nevis,777,6,0 - 0
2024-06-11,San Marino,Cyprus,774,-3,1 - 4
2024-09-05,San Marino,Liechtenstein,799,25,1 - 0
2024-10-10,San Marino,Gibraltar,794,-5,1 - 0
2024-10-13,San Marino,Andorra,791,-3,2 - 0
2024-11-15,San Marino,Gibraltar,800,9,1 - 1
2024-11-18,San Marino,Liechtenstein,849,49,1 - 3
2025-03-21,San Marino,Cyprus,847,-2,2 - 0
2025-03-24,San Marino,Romania,846,-1,1 - 5
2025-09-06,San Marino,Bosnia and Herzegovina,842,-3,0 - 6
2025-09-09,San Marino,Malta,841,-1,3 - 1
2025-10-12,San Marino,Cyprus,833,-8,0 - 4
2026-03-28,San Marino,Faroe Islands,832,-1,1 - 2
2026-03-31,San Marino,Andorra,836,4,0 - 0
2026-06-05,San Marino,Bangladesh,826,-10,1 - 2
2026-06-09,San Marino,Azerbaijan,825,-1,2 - 1
2021-06-05,Saudi Arabia,Yemen,1579,4,3 - 0
2021-06-11,Saudi Arabia,Singapore,1582,3,3 - 0
2021-06-15,Saudi Arabia,Uzbekistan,1606,24,3 - 0
2021-09-02,Saudi Arabia,Vietnam,1616,10,3 - 1
2021-09-07,Saudi Arabia,Oman,1637,21,0 - 1
2021-10-07,Saudi Arabia,Japan,1657,20,1 - 0
2021-10-12,Saudi Arabia,China,1664,7,3 - 2
2021-11-11,Saudi Arabia,Australia,1674,10,0 - 0
2021-11-16,Saudi Arabia,Vietnam,1683,9,0 - 1
2021-12-01,Saudi Arabia,Jordan,1654,-29,1 - 0
2021-12-04,Saudi Arabia,Palestine,1642,-12,1 - 1
2021-12-07,Saudi Arabia,Morocco,1628,-14,1 - 0
2022-01-27,Saudi Arabia,Oman,1637,9,1 - 0
2022-02-01,Saudi Arabia,Japan,1624,-13,2 - 0
2022-03-24,Saudi Arabia,China,1615,-9,1 - 1
2022-03-29,Saudi Arabia,Australia,1634,19,1 - 0
2022-06-05,Saudi Arabia,Colombia,1630,-4,1 - 0
2022-06-09,Saudi Arabia,Venezuela,1621,-9,1 - 0
2022-09-23,Saudi Arabia,Ecuador,1627,6,0 - 0
2022-09-27,Saudi Arabia,USA,1632,5,0 - 0
2022-10-22,Saudi Arabia,North Macedonia,1640,8,1 - 0
2022-10-26,Saudi Arabia,Albania,1637,-3,1 - 1
2022-10-30,Saudi Arabia,Honduras,1632,-5,0 - 0
2022-11-06,Saudi Arabia,Iceland,1640,8,1 - 0
2022-11-10,Saudi Arabia,Panama,1640,0,1 - 1
2022-11-16,Saudi Arabia,Croatia,1635,-5,0 - 1
2022-11-22,Saudi Arabia,Argentina,1692,57,2 - 1
2022-11-26,Saudi Arabia,Poland,1662,-30,2 - 0
2022-11-30,Saudi Arabia,Mexico,1643,-19,2 - 1
2023-01-06,Saudi Arabia,Yemen,1645,2,2 - 0
2023-01-09,Saudi Arabia,Iraq,1617,-28,2 - 0
2023-01-12,Saudi Arabia,Oman,1594,-23,2 - 1
2023-03-24,Saudi Arabia,Venezuela,1584,-10,1 - 2
2023-03-28,Saudi Arabia,Bolivia,1572,-12,1 - 2
2023-09-08,Saudi Arabia,Costa Rica,1560,-12,3 - 1
2023-09-12,Saudi Arabia,South Korea,1555,-5,1 - 0
2023-10-13,Saudi Arabia,Nigeria,1557,2,2 - 2
2023-10-17,Saudi Arabia,Mali,1545,-12,3 - 1
2023-11-16,Saudi Arabia,Pakistan,1546,1,4 - 0
2023-11-21,Saudi Arabia,Jordan,1585,39,0 - 2
2024-01-04,Saudi Arabia,Lebanon,1588,3,1 - 0
2024-01-09,Saudi Arabia,Palestine,1583,-5,0 - 0
2024-01-10,Saudi Arabia,Hong Kong,1585,2,2 - 0
2024-01-16,Saudi Arabia,Oman,1609,24,2 - 1
2024-01-21,Saudi Arabia,Kyrgyzstan,1617,8,2 - 0
2024-01-25,Saudi Arabia,Thailand,1604,-13,0 - 0
2024-01-30,Saudi Arabia,South Korea,1615,11,1 - 1
2024-03-21,Saudi Arabia,Tajikistan,1620,5,1 - 0
2024-03-26,Saudi Arabia,Tajikistan,1612,-8,1 - 1
2024-06-06,Saudi Arabia,Pakistan,1613,1,0 - 3
2024-06-11,Saudi Arabia,Jordan,1587,-26,1 - 2
2024-09-05,Saudi Arabia,Indonesia,1572,-15,1 - 1
2024-09-10,Saudi Arabia,China,1588,16,1 - 2
2024-10-10,Saudi Arabia,Japan,1573,-15,0 - 2
2024-10-15,Saudi Arabia,Bahrain,1562,-11,0 - 0
2024-11-14,Saudi Arabia,Australia,1575,13,0 - 0
2024-11-19,Saudi Arabia,Indonesia,1535,-40,2 - 0
2024-12-17,Saudi Arabia,Trinidad and Tobago,1541,6,3 - 1
2024-12-22,Saudi Arabia,Bahrain,1516,-25,3 - 2
2024-12-25,Saudi Arabia,Yemen,1519,3,3 - 2
2024-12-28,Saudi Arabia,Iraq,1558,39,3 - 1
2024-12-31,Saudi Arabia,Oman,1535,-23,2 - 1
2025-03-20,Saudi Arabia,China,1544,9,1 - 0
2025-03-25,Saudi Arabia,Japan,1561,17,0 - 0
2025-05-30,Saudi Arabia,Jordan,1575,14,2 - 0
2025-06-05,Saudi Arabia,Bahrain,1607,32,0 - 2
2025-06-10,Saudi Arabia,Australia,1590,-17,1 - 2
2025-06-15,Saudi Arabia,Haiti,1609,19,1 - 0
2025-06-19,Saudi Arabia,USA,1597,-12,1 - 0
2025-06-22,Saudi Arabia,Trinidad and Tobago,1584,-13,1 - 1
2025-06-28,Saudi Arabia,Mexico,1568,-16,2 - 0
2025-09-04,Saudi Arabia,North Macedonia,1580,12,2 - 1
2025-09-08,Saudi Arabia,Czech Republic,1587,7,1 - 1
2025-10-08,Saudi Arabia,Indonesia,1592,5,3 - 2
2025-10-14,Saudi Arabia,Iraq,1586,-7,0 - 0
2025-11-14,Saudi Arabia,Côte d'Ivoire,1594,8,1 - 0
2025-11-18,Saudi Arabia,Algeria,1579,-15,0 - 2
2025-12-02,Saudi Arabia,Oman,1593,14,2 - 1
2025-12-05,Saudi Arabia,Comoros,1607,14,3 - 1
2025-12-08,Saudi Arabia,Morocco,1598,-9,1 - 0
2025-12-11,Saudi Arabia,Palestine,1612,14,2 - 1
2025-12-15,Saudi Arabia,Jordan,1596,-16,1 - 0
2025-12-18,Saudi Arabia,United Arab Emirates,1593,-3,0 - 0
2026-03-27,Saudi Arabia,Egypt,1571,-21,0 - 4
2026-03-31,Saudi Arabia,Serbia,1568,-3,2 - 1
2026-05-30,Saudi Arabia,Ecuador,1566,-2,2 - 1
2026-06-05,Saudi Arabia,Puerto Rico,1569,3,3 - 0
2026-06-09,Saudi Arabia,Senegal,1576,7,0 - 0
2021-06-02,Scotland,Netherlands,1673,7,2 - 2
2021-06-06,Scotland,Luxembourg,1678,5,0 - 1
2021-06-14,Scotland,Czech Republic,1639,-39,0 - 2
2021-06-18,Scotland,England,1661,22,0 - 0
2021-06-22,Scotland,Croatia,1629,-32,1 - 3
2021-09-01,Scotland,Denmark,1624,-5,2 - 0
2021-09-04,Scotland,Moldova,1626,2,1 - 0
2021-09-07,Scotland,Austria,1657,31,0 - 1
2021-10-09,Scotland,Israel,1671,14,3 - 2
2021-10-12,Scotland,Faroe Islands,1677,6,0 - 1
2021-11-12,Scotland,Moldova,1683,6,0 - 2
2021-11-15,Scotland,Denmark,1729,46,2 - 0
2022-03-24,Scotland,Poland,1727,-2,1 - 1
2022-03-29,Scotland,Austria,1730,3,2 - 2
2022-06-01,Scotland,Ukraine,1699,-31,1 - 3
2022-06-08,Scotland,Armenia,1709,10,2 - 0
2022-06-11,Scotland,Republic of Ireland,1678,-31,3 - 0
2022-06-14,Scotland,Armenia,1706,28,1 - 4
2022-09-21,Scotland,Ukraine,1745,39,3 - 0
2022-09-24,Scotland,Republic of Ireland,1757,12,2 - 1
2022-09-27,Scotland,Ukraine,1761,4,0 - 0
2022-11-16,Scotland,Turkey,1752,-9,2 - 1
2023-03-25,Scotland,Cyprus,1756,4,3 - 0
2023-03-28,Scotland,Spain,1798,42,2 - 0
2023-06-17,Scotland,Norway,1821,23,1 - 2
2023-06-20,Scotland,Georgia,1832,11,2 - 0
2023-09-08,Scotland,Cyprus,1839,7,0 - 3
2023-09-12,Scotland,England,1827,-12,1 - 3
2023-10-12,Scotland,Spain,1817,-10,2 - 0
2023-10-17,Scotland,France,1814,-3,4 - 1
2023-11-16,Scotland,Georgia,1810,-4,2 - 2
2023-11-19,Scotland,Norway,1801,-9,3 - 3
2024-03-22,Scotland,Netherlands,1794,-7,4 - 0
2024-03-26,Scotland,Northern Ireland,1776,-18,0 - 1
2024-06-03,Scotland,Gibraltar,1776,0,2 - 0
2024-06-07,Scotland,Finland,1770,-6,2 - 2
2024-06-14,Scotland,Germany,1752,-18,5 - 1
2024-06-19,Scotland,Switzerland,1759,7,1 - 1
2024-06-23,Scotland,Hungary,1735,-24,1 - 0
2024-09-05,Scotland,Poland,1709,-26,2 - 3
2024-09-08,Scotland,Portugal,1705,-4,2 - 1
2024-10-12,Scotland,Croatia,1699,-6,2 - 1
2024-10-15,Scotland,Portugal,1709,10,0 - 0
2024-11-15,Scotland,Croatia,1735,26,1 - 0
2024-11-18,Scotland,Poland,1760,25,1 - 2
2025-03-20,Scotland,Greece,1788,28,0 - 1
2025-03-23,Scotland,Greece,1743,-45,0 - 3
2025-06-06,Scotland,Iceland,1717,-26,1 - 3
2025-06-09,Scotland,Liechtenstein,1718,1,0 - 4
2025-09-05,Scotland,Denmark,1729,12,0 - 0
2025-09-08,Scotland,Belarus,1741,12,2 - 0
2025-10-09,Scotland,Greece,1767,26,3 - 1
2025-10-12,Scotland,Belarus,1771,4,2 - 1
2025-11-15,Scotland,Greece,1756,-15,3 - 2
2025-11-18,Scotland,Denmark,1790,34,4 - 2
2026-03-28,Scotland,Japan,1780,-10,0 - 1
2026-03-31,Scotland,Côte d'Ivoire,1767,-13,1 - 0
2026-05-30,Scotland,Curaçao,1770,3,4 - 1
2026-06-06,Scotland,Bolivia,1782,12,4 - 0
2021-06-05,Senegal,Zambia,1730,4,3 - 1
2021-06-08,Senegal,Cabo Verde,1733,3,2 - 0
2021-07-07,Senegal,Namibia,1697,-36,2 - 1
2021-07-09,Senegal,Mozambique,1700,3,1 - 0
2021-07-13,Senegal,Zimbabwe,1705,5,2 - 1
2021-07-14,Senegal,Malawi,1709,4,2 - 1
2021-07-16,Senegal,Eswatini,1691,-18,2 - 2
2021-07-18,Senegal,South Africa,1686,-5,0 - 0
2021-09-01,Senegal,Togo,1689,3,2 - 0
2021-09-07,Senegal,Congo,1702,13,1 - 3
2021-10-09,Senegal,Namibia,1708,6,4 - 1
2021-10-12,Senegal,Namibia,1716,8,3 - 1
2021-11-11,Senegal,Togo,1701,-15,1 - 1
2021-11-14,Senegal,Congo,1705,4,2 - 0
2022-01-10,Senegal,Zimbabwe,1710,5,1 - 0
2022-01-14,Senegal,Guinea,1693,-17,0 - 0
2022-01-18,Senegal,Malawi,1673,-20,0 - 0
2022-01-25,Senegal,Cabo Verde,1692,19,2 - 0
2022-01-30,Senegal,Equatorial Guinea,1710,18,3 - 1
2022-02-02,Senegal,Burkina Faso,1734,24,3 - 1
2022-02-06,Senegal,Egypt,1731,-3,0 - 0
2022-03-25,Senegal,Egypt,1715,-16,1 - 0
2022-03-29,Senegal,Egypt,1729,14,1 - 0
2022-06-04,Senegal,Benin,1736,7,3 - 1
2022-06-07,Senegal,Rwanda,1737,1,1 - 0
2022-07-13,Senegal,Eswatini,1720,-17,1 - 1
2022-07-15,Senegal,Zambia,1686,-34,4 - 3
2022-07-17,Senegal,Mozambique,1670,-16,1 - 1
2022-09-24,Senegal,Bolivia,1683,13,2 - 0
2022-09-27,Senegal,Iran,1687,4,1 - 1
2022-11-21,Senegal,Netherlands,1677,-10,2 - 0
2022-11-25,Senegal,Qatar,1730,53,1 - 3
2022-11-29,Senegal,Ecuador,1773,43,2 - 1
2022-12-04,Senegal,England,1747,-26,3 - 0
2023-03-24,Senegal,Mozambique,1750,3,5 - 1
2023-03-28,Senegal,Mozambique,1755,5,0 - 1
2023-06-17,Senegal,Benin,1742,-13,1 - 1
2023-06-20,Senegal,Brazil,1769,27,4 - 2
2023-09-09,Senegal,Rwanda,1750,-19,1 - 1
2023-09-12,Senegal,Algeria,1736,-14,0 - 1
2023-10-16,Senegal,Cameroon,1743,7,1 - 0
2023-11-18,Senegal,South Sudan,1744,1,4 - 0
2023-11-21,Senegal,Togo,1731,-13,0 - 0
2024-01-08,Senegal,Niger,1732,1,1 - 0
2024-01-15,Senegal,Gambia,1743,11,3 - 0
2024-01-19,Senegal,Cameroon,1766,23,3 - 1
2024-01-23,Senegal,Guinea,1778,12,2 - 0
2024-01-29,Senegal,Côte d'Ivoire,1769,-9,1 - 1
2024-03-22,Senegal,Gabon,1774,5,3 - 0
2024-03-26,Senegal,Benin,1776,2,1 - 0
2024-06-06,Senegal,DR Congo,1761,-15,1 - 1
2024-06-09,Senegal,Mauritania,1767,6,0 - 1
2024-09-06,Senegal,Burkina Faso,1751,-16,1 - 1
2024-09-09,Senegal,Burundi,1754,3,1 - 0
2024-10-11,Senegal,Malawi,1756,2,4 - 0
2024-10-15,Senegal,Malawi,1760,4,0 - 1
2024-11-14,Senegal,Burkina Faso,1769,9,1 - 0
2024-11-19,Senegal,Burundi,1771,2,2 - 0
2025-03-22,Senegal,Sudan,1755,-16,0 - 0
2025-03-25,Senegal,Togo,1759,4,2 - 0
2025-06-06,Senegal,Republic of Ireland,1757,-1,1 - 1
2025-06-10,Senegal,England,1784,27,1 - 3
2025-09-05,Senegal,Sudan,1787,3,2 - 0
2025-09-09,Senegal,DR Congo,1802,15,2 - 3
2025-10-10,Senegal,South Sudan,1805,3,0 - 5
2025-10-14,Senegal,Mauritania,1808,3,4 - 0
2025-11-15,Senegal,Brazil,1800,-8,2 - 0
2025-11-18,Senegal,Kenya,1803,3,8 - 0
2025-12-23,Senegal,Botswana,1808,5,3 - 0
2025-12-27,Senegal,DR Congo,1796,-12,1 - 1
2025-12-30,Senegal,Benin,1806,10,3 - 0
2026-01-03,Senegal,Sudan,1812,5,3 - 1
2026-01-09,Senegal,Mali,1823,11,1 - 0
2026-01-14,Senegal,Egypt,1837,14,1 - 0
2026-01-18,Senegal,Morocco,1869,32,0 - 1
2026-03-28,Senegal,Peru,1878,8,2 - 0
2026-03-31,Senegal,Gambia,1879,1,3 - 1
2026-05-31,Senegal,USA,1867,-12,3 - 2
2026-06-09,Senegal,Saudi Arabia,1860,-7,0 - 0
2021-06-07,Serbia,Jamaica,1792,-6,1 - 1
2021-06-11,Serbia,Japan,1784,-8,1 - 0
2021-09-01,Serbia,Qatar,1798,14,4 - 0
2021-09-04,Serbia,Luxembourg,1802,4,4 - 1
2021-09-07,Serbia,Republic of Ireland,1797,-5,1 - 1
2021-10-09,Serbia,Luxembourg,1803,6,0 - 1
2021-10-12,Serbia,Azerbaijan,1805,2,3 - 1
2021-11-11,Serbia,Qatar,1812,7,4 - 0
2021-11-14,Serbia,Portugal,1846,34,1 - 2
2022-03-24,Serbia,Hungary,1855,9,0 - 1
2022-03-29,Serbia,Denmark,1845,-10,3 - 0
2022-06-02,Serbia,Norway,1815,-30,0 - 1
2022-06-05,Serbia,Slovenia,1825,10,4 - 1
2022-06-09,Serbia,Sweden,1849,24,0 - 1
2022-06-12,Serbia,Slovenia,1841,-8,2 - 2
2022-09-24,Serbia,Sweden,1860,19,4 - 1
2022-09-27,Serbia,Norway,1892,32,0 - 2
2022-11-18,Serbia,Bahrain,1898,6,1 - 5
2022-11-24,Serbia,Brazil,1882,-16,2 - 0
2022-11-28,Serbia,Cameroon,1862,-20,3 - 3
2022-12-02,Serbia,Switzerland,1835,-27,3 - 2
2023-01-25,Serbia,USA,1847,12,1 - 2
2023-03-24,Serbia,Lithuania,1848,1,2 - 0
2023-03-27,Serbia,Montenegro,1864,16,0 - 2
2023-06-16,Serbia,Jordan,1867,3,3 - 2
2023-06-20,Serbia,Bulgaria,1854,-13,1 - 1
2023-09-07,Serbia,Hungary,1827,-27,1 - 2
2023-09-10,Serbia,Lithuania,1831,4,1 - 3
2023-10-14,Serbia,Hungary,1817,-14,2 - 1
2023-10-17,Serbia,Montenegro,1824,7,3 - 1
2023-11-15,Serbia,Belgium,1820,-4,1 - 0
2023-11-19,Serbia,Bulgaria,1802,-18,2 - 2
2024-03-21,Serbia,Russia,1786,-16,4 - 0
2024-03-25,Serbia,Cyprus,1788,2,0 - 1
2024-06-04,Serbia,Austria,1783,-5,2 - 1
2024-06-08,Serbia,Sweden,1801,18,0 - 3
2024-06-16,Serbia,England,1788,-13,1 - 0
2024-06-20,Serbia,Slovenia,1785,-3,1 - 1
2024-06-25,Serbia,Denmark,1789,4,0 - 0
2024-09-05,Serbia,Spain,1802,13,0 - 0
2024-09-08,Serbia,Denmark,1784,-18,2 - 0
2024-10-12,Serbia,Switzerland,1812,28,2 - 0
2024-10-15,Serbia,Spain,1807,-5,3 - 0
2024-11-15,Serbia,Switzerland,1813,6,1 - 1
2024-11-18,Serbia,Denmark,1810,-3,0 - 0
2025-03-20,Serbia,Austria,1819,9,1 - 1
2025-03-23,Serbia,Austria,1844,25,2 - 0
2025-06-07,Serbia,Albania,1838,-6,0 - 0
2025-06-10,Serbia,Andorra,1838,0,3 - 0
2025-09-06,Serbia,Latvia,1841,3,0 - 1
2025-09-09,Serbia,England,1806,-35,0 - 5
2025-10-11,Serbia,Albania,1773,-33,0 - 1
2025-10-14,Serbia,Andorra,1775,2,1 - 3
2025-11-13,Serbia,England,1768,-7,2 - 0
2025-11-16,Serbia,Latvia,1769,1,2 - 1
2026-03-27,Serbia,Spain,1766,-2,3 - 0
2026-03-31,Serbia,Saudi Arabia,1769,3,2 - 1
2026-05-31,Serbia,Cabo Verde,1742,-27,3 - 0
2026-06-04,Serbia,Mexico,1734,-8,5 - 1
2021-09-01,Seychelles,Comoros,902,-6,7 - 1
2021-09-04,Seychelles,Burundi,894,-8,8 - 1
2021-11-10,Seychelles,Bangladesh,892,-2,1 - 1
2021-11-13,Seychelles,Sri Lanka,902,10,0 - 1
2021-11-19,Seychelles,Sri Lanka,897,-5,3 - 3
2022-03-19,Seychelles,Mauritius,902,5,0 - 0
2022-03-23,Seychelles,Lesotho,916,14,0 - 0
2022-03-27,Seychelles,Lesotho,905,-11,3 - 1
2022-07-05,Seychelles,Botswana,901,-4,1 - 0
2022-07-07,Seychelles,Angola,898,-3,3 - 0
2022-07-10,Seychelles,Comoros,893,-5,2 - 1
2022-07-18,Seychelles,Mauritius,884,-9,2 - 0
2023-03-25,Seychelles,Bangladesh,876,-8,1 - 0
2023-03-28,Seychelles,Bangladesh,888,12,0 - 1
2023-07-06,Seychelles,Comoros,880,-8,3 - 0
2023-07-09,Seychelles,Malawi,875,-5,2 - 0
2023-07-11,Seychelles,Zambia,873,-2,4 - 2
2023-11-17,Seychelles,Côte d'Ivoire,860,-1,9 - 0
2023-11-20,Seychelles,Kenya,855,-5,5 - 0
2024-06-08,Seychelles,Gambia,851,-4,5 - 1
2024-06-11,Seychelles,Burundi,846,-5,3 - 1
2024-06-28,Seychelles,Lesotho,863,17,1 - 1
2024-07-01,Seychelles,Angola,862,-1,3 - 2
2024-07-03,Seychelles,Namibia,859,-3,3 - 1
2025-03-20,Seychelles,Gabon,858,-1,3 - 0
2025-03-25,Seychelles,Burundi,851,-7,5 - 0
2025-09-03,Seychelles,Gabon,848,-2,4 - 0
2025-09-09,Seychelles,Kenya,845,-3,5 - 0
2025-10-10,Seychelles,Côte d'Ivoire,844,-1,7 - 0
2025-10-14,Seychelles,Gambia,841,-3,7 - 0
2026-03-26,Seychelles,Lesotho,858,16,0 - 0
2026-03-29,Seychelles,Lesotho,853,-5,2 - 1
2021-06-15,Sierra Leone,Benin,1350,28,1 - 0
2021-10-06,Sierra Leone,South Sudan,1342,-10,1 - 1
2021-10-09,Sierra Leone,Gambia,1358,16,2 - 1
2021-11-13,Sierra Leone,Comoros,1338,-20,2 - 0
2022-01-11,Sierra Leone,Algeria,1360,22,0 - 0
2022-01-16,Sierra Leone,Côte d'Ivoire,1377,17,2 - 2
2022-01-20,Sierra Leone,Equatorial Guinea,1358,-19,1 - 0
2022-03-24,Sierra Leone,Togo,1339,-19,3 - 0
2022-03-27,Sierra Leone,Liberia,1349,10,1 - 0
2022-03-29,Sierra Leone,Congo,1358,9,2 - 1
2022-06-09,Sierra Leone,Nigeria,1354,-4,2 - 1
2022-06-13,Sierra Leone,Guinea-Bissau,1356,2,2 - 2
2022-09-24,Sierra Leone,South Africa,1350,-6,4 - 0
2022-09-27,Sierra Leone,DR Congo,1337,-13,3 - 0
2023-03-22,Sierra Leone,São Tomé and Príncipe,1324,-13,2 - 2
2023-03-26,Sierra Leone,São Tomé and Príncipe,1336,12,2 - 0
2023-06-18,Sierra Leone,Nigeria,1329,-7,3 - 2
2023-09-11,Sierra Leone,Guinea-Bissau,1318,-11,2 - 1
2023-10-14,Sierra Leone,Benin,1320,2,1 - 1
2023-10-17,Sierra Leone,Somalia,1322,2,2 - 0
2023-11-15,Sierra Leone,Ethiopia,1322,0,0 - 0
2023-11-19,Sierra Leone,Egypt,1315,-7,2 - 0
2024-01-06,Sierra Leone,Côte d'Ivoire,1312,-3,5 - 1
2024-01-11,Sierra Leone,Morocco,1311,-1,3 - 1
2024-06-05,Sierra Leone,Djibouti,1315,4,2 - 1
2024-06-10,Sierra Leone,Burkina Faso,1325,10,2 - 2
2024-09-06,Sierra Leone,Chad,1316,-9,0 - 0
2024-09-10,Sierra Leone,Zambia,1303,-13,3 - 2
2024-10-11,Sierra Leone,Côte d'Ivoire,1298,-5,4 - 1
2024-10-15,Sierra Leone,Côte d'Ivoire,1333,35,1 - 0
2024-11-13,Sierra Leone,Chad,1324,-9,1 - 1
2024-11-19,Sierra Leone,Zambia,1299,-25,2 - 0
2025-03-20,Sierra Leone,Guinea-Bissau,1332,33,3 - 1
2025-03-25,Sierra Leone,Egypt,1329,-3,1 - 0
2025-09-04,Sierra Leone,Guinea-Bissau,1329,2,1 - 1
2025-09-09,Sierra Leone,Ethiopia,1355,26,2 - 0
2025-10-08,Sierra Leone,Burkina Faso,1343,-12,1 - 0
2025-10-12,Sierra Leone,Djibouti,1346,3,2 - 1
2026-03-30,Sierra Leone,Azerbaijan,1348,4,1 - 1
2026-06-06,Sierra Leone,Liberia,1354,6,1 - 0
2026-06-09,Sierra Leone,Liberia,1341,-13,3 - 1
2021-06-03,Singapore,Palestine,1145,-15,4 - 0
2021-06-07,Singapore,Uzbekistan,1138,-7,5 - 0
2021-06-11,Singapore,Saudi Arabia,1135,-3,3 - 0
2021-11-11,Singapore,Kyrgyzstan,1129,-6,2 - 1
2021-12-05,Singapore,Myanmar,1143,14,3 - 0
2021-12-08,Singapore,Philippines,1157,14,2 - 1
2021-12-14,Singapore,Timor-Leste,1159,2,2 - 0
2021-12-18,Singapore,Thailand,1133,-26,0 - 2
2021-12-22,Singapore,Indonesia,1131,-2,1 - 1
2021-12-25,Singapore,Indonesia,1098,-33,2 - 4
2022-03-26,Singapore,Malaysia,1112,14,2 - 1
2022-03-29,Singapore,Philippines,1128,16,2 - 0
2022-06-01,Singapore,Kuwait,1121,-7,2 - 0
2022-06-08,Singapore,Kyrgyzstan,1113,-8,2 - 1
2022-06-11,Singapore,Tajikistan,1102,-11,1 - 0
2022-06-14,Singapore,Myanmar,1124,22,6 - 2
2022-09-21,Singapore,Vietnam,1117,-7,4 - 0
2022-09-24,Singapore,India,1122,5,1 - 1
2022-12-17,Singapore,Maldives,1127,5,3 - 1
2022-12-24,Singapore,Myanmar,1133,6,3 - 2
2022-12-27,Singapore,Laos,1139,6,0 - 2
2022-12-30,Singapore,Vietnam,1148,9,0 - 0
2023-01-03,Singapore,Malaysia,1128,-20,4 - 1
2023-03-23,Singapore,Hong Kong,1131,3,1 - 1
2023-03-26,Singapore,Macau,1134,3,0 - 1
2023-06-16,Singapore,Papua New Guinea,1134,0,2 - 2
2023-06-18,Singapore,Solomon Islands,1134,0,1 - 1
2023-09-08,Singapore,Tajikistan,1123,-11,0 - 2
2023-09-12,Singapore,Taiwan,1128,5,3 - 1
2023-10-12,Singapore,Guam,1130,2,2 - 1
2023-10-17,Singapore,Guam,1135,5,0 - 1
2023-11-16,Singapore,South Korea,1134,-1,5 - 0
2023-11-21,Singapore,Thailand,1115,-19,1 - 3
2024-03-21,Singapore,China,1125,10,2 - 2
2024-03-26,Singapore,China,1118,-7,4 - 1
2024-06-06,Singapore,South Korea,1114,-4,0 - 7
2024-06-11,Singapore,Thailand,1109,-5,3 - 1
2024-11-14,Singapore,Myanmar,1112,3,3 - 2
2024-11-18,Singapore,Taiwan,1095,-17,2 - 3
2024-12-11,Singapore,Cambodia,1100,5,2 - 1
2024-12-14,Singapore,Timor-Leste,1105,5,3 - 0
2024-12-17,Singapore,Thailand,1093,-12,2 - 4
2024-12-20,Singapore,Malaysia,1106,13,0 - 0
2024-12-26,Singapore,Vietnam,1082,-24,0 - 2
2024-12-29,Singapore,Vietnam,1074,-8,3 - 1
2025-03-21,Singapore,Nepal,1058,-16,0 - 1
2025-03-25,Singapore,Hong Kong,1057,-1,0 - 0
2025-06-05,Singapore,Maldives,1062,5,3 - 1
2025-06-10,Singapore,Bangladesh,1080,18,1 - 2
2025-09-04,Singapore,Malaysia,1078,-3,2 - 1
2025-09-09,Singapore,Myanmar,1072,-6,1 - 1
2025-10-09,Singapore,India,1072,0,1 - 1
2025-10-14,Singapore,India,1104,31,1 - 2
2025-11-13,Singapore,Thailand,1102,-2,3 - 2
2025-11-18,Singapore,Hong Kong,1131,29,1 - 2
2026-03-31,Singapore,Bangladesh,1137,6,1 - 0
2026-05-31,Singapore,Mongolia,1139,2,4 - 0
2026-06-05,Singapore,China,1134,-5,1 - 2
2022-06-03,Sint Maarten,United States Virgin Islands,759,-6,1 - 1
2022-06-06,Sint Maarten,Bonaire,770,11,2 - 2
2022-06-11,Sint Maarten,Turks and Caicos Islands,808,38,8 - 2
2022-06-14,Sint Maarten,Turks and Caicos Islands,777,-31,2 - 0
2023-03-04,Sint Maarten,St Barthelemy,760,-17,5 - 1
2023-03-25,Sint Maarten,Bonaire,822,62,6 - 1
2023-03-28,Sint Maarten,United States Virgin Islands,838,16,1 - 2
2023-06-17,Sint Maarten,French Guiana,834,-4,4 - 1
2023-09-07,Sint Maarten,St Lucia,819,-15,5 - 1
2023-09-10,Sint Maarten,Guadeloupe,817,-2,4 - 0
2023-10-12,Sint Maarten,St Kitts and Nevis,811,-6,3 - 2
2023-10-15,Sint Maarten,St Kitts and Nevis,848,37,0 - 1
2023-11-16,Sint Maarten,Guadeloupe,844,-4,2 - 0
2023-11-19,Sint Maarten,St Lucia,880,36,1 - 2
2024-03-17,Sint Maarten,Anguilla,872,-8,1 - 1
2024-06-02,Sint Maarten,Anguilla,840,-32,0 - 3
2024-06-04,Sint Maarten,Bonaire,855,15,3 - 1
2024-09-06,Sint Maarten,Aruba,896,41,2 - 0
2024-09-09,Sint Maarten,Haiti,894,-2,6 - 0
2024-10-11,Sint Maarten,Puerto Rico,926,32,3 - 2
2024-10-14,Sint Maarten,Puerto Rico,916,-10,2 - 1
2024-11-15,Sint Maarten,Haiti,913,-3,8 - 0
2024-11-18,Sint Maarten,Aruba,934,21,1 - 0
2025-11-12,Sint Maarten,St Kitts and Nevis,941,8,0 - 0
2025-11-15,Sint Maarten,Dominica,957,16,3 - 2
2026-03-27,Sint Maarten,Belize,977,21,3 - 2
2026-03-30,Sint Maarten,Dominica,975,-2,0 - 0
2021-06-06,Slovakia,Austria,1656,5,0 - 0
2021-06-14,Slovakia,Poland,1691,35,2 - 1
2021-06-18,Slovakia,Sweden,1678,-13,1 - 0
2021-06-23,Slovakia,Spain,1670,-8,5 - 0
2021-09-01,Slovakia,Slovenia,1673,3,1 - 1
2021-09-04,Slovakia,Croatia,1656,-17,0 - 1
2021-09-07,Slovakia,Cyprus,1660,4,2 - 0
2021-10-08,Slovakia,Russia,1650,-10,1 - 0
2021-10-11,Slovakia,Croatia,1664,14,2 - 2
2021-11-11,Slovakia,Slovenia,1655,-9,2 - 2
2021-11-14,Slovakia,Malta,1667,12,0 - 6
2022-03-25,Slovakia,Norway,1659,-8,2 - 0
2022-03-29,Slovakia,Finland,1676,17,2 - 0
2022-06-03,Slovakia,Belarus,1686,10,1 - 0
2022-06-06,Slovakia,Kazakhstan,1649,-37,0 - 1
2022-06-10,Slovakia,Azerbaijan,1656,7,0 - 1
2022-06-13,Slovakia,Kazakhstan,1627,-29,2 - 1
2022-09-22,Slovakia,Azerbaijan,1591,-36,1 - 2
2022-09-25,Slovakia,Belarus,1577,-14,1 - 1
2022-11-17,Slovakia,Montenegro,1579,2,2 - 2
2022-11-20,Slovakia,Chile,1580,1,0 - 0
2023-03-23,Slovakia,Luxembourg,1568,-12,0 - 0
2023-03-26,Slovakia,Bosnia and Herzegovina,1595,27,2 - 0
2023-06-17,Slovakia,Iceland,1617,22,1 - 2
2023-06-20,Slovakia,Liechtenstein,1619,2,0 - 1
2023-09-08,Slovakia,Portugal,1613,-6,0 - 1
2023-09-11,Slovakia,Liechtenstein,1614,1,3 - 0
2023-10-13,Slovakia,Portugal,1612,-2,3 - 2
2023-10-16,Slovakia,Luxembourg,1632,20,0 - 1
2023-11-16,Slovakia,Iceland,1644,12,4 - 2
2023-11-19,Slovakia,Bosnia and Herzegovina,1662,18,1 - 2
2024-03-23,Slovakia,Austria,1650,-12,0 - 2
2024-03-26,Slovakia,Norway,1655,5,1 - 1
2024-06-05,Slovakia,San Marino,1655,0,4 - 0
2024-06-09,Slovakia,Wales,1671,16,4 - 0
2024-06-17,Slovakia,Belgium,1714,43,1 - 0
2024-06-21,Slovakia,Ukraine,1694,-20,2 - 1
2024-06-26,Slovakia,Romania,1694,0,1 - 1
2024-06-30,Slovakia,England,1685,-9,2 - 1
2024-09-05,Slovakia,Estonia,1694,9,0 - 1
2024-09-08,Slovakia,Azerbaijan,1702,8,2 - 0
2024-10-11,Slovakia,Sweden,1696,-6,2 - 2
2024-10-14,Slovakia,Azerbaijan,1713,17,1 - 3
2024-11-16,Slovakia,Sweden,1699,-14,2 - 1
2024-11-19,Slovakia,Estonia,1702,3,1 - 0
2025-03-20,Slovakia,Slovenia,1698,-4,0 - 0
2025-03-23,Slovakia,Slovenia,1685,-13,1 - 0
2025-06-07,Slovakia,Greece,1678,-7,4 - 1
2025-06-10,Slovakia,Israel,1666,-12,1 - 0
2025-09-04,Slovakia,Germany,1707,42,2 - 0
2025-09-07,Slovakia,Luxembourg,1717,10,0 - 1
2025-10-10,Slovakia,Northern Ireland,1684,-33,2 - 0
2025-10-13,Slovakia,Luxembourg,1690,6,2 - 0
2025-11-14,Slovakia,Northern Ireland,1700,10,1 - 0
2025-11-17,Slovakia,Germany,1687,-13,6 - 0
2026-03-26,Slovakia,Kosovo,1663,-24,3 - 4
2026-03-31,Slovakia,Romania,1673,10,2 - 0
2026-06-01,Slovakia,Malta,1674,1,2 - 1
2026-06-05,Slovakia,Montenegro,1667,-7,2 - 2
2021-06-04,Slovenia,Gibraltar,1616,1,6 - 0
2021-09-01,Slovenia,Slovakia,1613,-3,1 - 1
2021-09-04,Slovenia,Malta,1616,3,1 - 0
2021-09-07,Slovenia,Croatia,1607,-9,3 - 0
2021-10-08,Slovenia,Malta,1621,14,0 - 4
2021-10-11,Slovenia,Russia,1603,-18,1 - 2
2021-11-11,Slovenia,Slovakia,1612,9,2 - 2
2021-11-14,Slovenia,Cyprus,1615,3,2 - 1
2022-03-26,Slovenia,Croatia,1621,6,1 - 1
2022-03-29,Slovenia,Qatar,1625,4,0 - 0
2022-06-02,Slovenia,Sweden,1602,-23,0 - 2
2022-06-05,Slovenia,Serbia,1592,-10,4 - 1
2022-06-09,Slovenia,Norway,1606,14,0 - 0
2022-06-12,Slovenia,Serbia,1614,8,2 - 2
2022-09-24,Slovenia,Norway,1639,25,2 - 1
2022-09-27,Slovenia,Sweden,1650,11,1 - 1
2022-11-17,Slovenia,Romania,1662,12,1 - 2
2022-11-20,Slovenia,Montenegro,1666,4,1 - 0
2023-03-23,Slovenia,Kazakhstan,1677,11,1 - 2
2023-03-26,Slovenia,San Marino,1677,0,2 - 0
2023-06-16,Slovenia,Finland,1655,-22,2 - 0
2023-06-19,Slovenia,Denmark,1661,6,1 - 1
2023-09-07,Slovenia,Northern Ireland,1671,10,4 - 2
2023-09-10,Slovenia,San Marino,1672,1,0 - 4
2023-10-14,Slovenia,Finland,1699,27,3 - 0
2023-10-17,Slovenia,Northern Ireland,1712,13,0 - 1
2023-11-17,Slovenia,Denmark,1705,-7,2 - 1
2023-11-20,Slovenia,Kazakhstan,1710,5,2 - 1
2024-01-20,Slovenia,USA,1724,14,0 - 1
2024-03-21,Slovenia,Malta,1716,-8,2 - 2
2024-03-26,Slovenia,Portugal,1739,23,2 - 0
2024-06-04,Slovenia,Armenia,1741,2,2 - 1
2024-06-08,Slovenia,Bulgaria,1733,-8,1 - 1
2024-06-16,Slovenia,Denmark,1740,7,1 - 1
2024-06-20,Slovenia,Serbia,1743,3,1 - 1
2024-06-25,Slovenia,England,1758,15,0 - 0
2024-07-01,Slovenia,Portugal,1771,13,0 - 0
2024-09-06,Slovenia,Austria,1771,0,1 - 1
2024-09-09,Slovenia,Kazakhstan,1777,6,3 - 0
2024-10-10,Slovenia,Norway,1749,-28,3 - 0
2024-10-13,Slovenia,Kazakhstan,1759,10,0 - 1
2024-11-14,Slovenia,Norway,1714,-45,1 - 4
2024-11-17,Slovenia,Austria,1727,13,1 - 1
2025-03-20,Slovenia,Slovakia,1731,4,0 - 0
2025-03-23,Slovenia,Slovakia,1744,13,1 - 0
2025-06-06,Slovenia,Luxembourg,1749,5,0 - 1
2025-06-10,Slovenia,Bosnia and Herzegovina,1752,3,2 - 1
2025-09-05,Slovenia,Sweden,1747,-5,2 - 2
2025-09-08,Slovenia,Switzerland,1731,-16,3 - 0
2025-10-10,Slovenia,Kosovo,1731,0,0 - 0
2025-10-13,Slovenia,Switzerland,1735,4,0 - 0
2025-11-15,Slovenia,Kosovo,1691,-44,0 - 2
2025-11-18,Slovenia,Sweden,1695,4,1 - 1
2026-03-28,Slovenia,Hungary,1688,-7,1 - 0
2026-03-31,Slovenia,Montenegro,1694,6,2 - 3
2026-06-04,Slovenia,Cyprus,1685,-9,1 - 1
2026-06-07,Slovenia,Croatia,1682,-3,2 - 1
2022-03-17,Solomon Islands,Cook Islands,1165,4,2 - 0
2022-03-24,Solomon Islands,Tahiti,1197,32,3 - 1
2022-03-27,Solomon Islands,Papua New Guinea,1217,20,3 - 2
2022-03-30,Solomon Islands,New Zealand,1207,-10,5 - 0
2022-09-21,Solomon Islands,New Caledonia,1226,19,1 - 0
2022-09-24,Solomon Islands,Fiji,1228,2,2 - 2
2022-09-30,Solomon Islands,Fiji,1208,-20,1 - 0
2023-03-23,Solomon Islands,Vanuatu,1227,19,2 - 0
2023-03-26,Solomon Islands,Fiji,1256,29,0 - 2
2023-06-14,Solomon Islands,Malaysia,1243,-13,4 - 1
2023-06-18,Solomon Islands,Singapore,1243,0,1 - 1
2023-10-08,Solomon Islands,Papua New Guinea,1270,27,3 - 1
2023-10-11,Solomon Islands,Vanuatu,1281,11,1 - 0
2023-10-14,Solomon Islands,New Caledonia,1303,22,0 - 1
2023-11-17,Solomon Islands,Samoa,1304,1,1 - 0
2023-11-23,Solomon Islands,American Samoa,1304,0,11 - 0
2023-11-28,Solomon Islands,Fiji,1318,14,2 - 0
2023-12-02,Solomon Islands,New Caledonia,1308,-10,2 - 2
2024-03-18,Solomon Islands,Fiji,1313,5,2 - 1
2024-03-21,Solomon Islands,Fiji,1290,-23,0 - 2
2024-06-15,Solomon Islands,Vanuatu,1255,-35,1 - 0
2024-06-18,Solomon Islands,New Zealand,1240,-15,3 - 0
2024-09-02,Solomon Islands,Fiji,1227,-13,1 - 0
2024-09-05,Solomon Islands,Hong Kong,1190,-37,3 - 0
2024-10-10,Solomon Islands,Fiji,1176,-14,1 - 0
2024-11-14,Solomon Islands,New Caledonia,1160,-16,3 - 2
2024-11-17,Solomon Islands,Papua New Guinea,1180,20,1 - 2
2024-12-09,Solomon Islands,Vanuatu,1196,16,4 - 1
2024-12-18,Solomon Islands,Papua New Guinea,1164,-32,2 - 3
2024-12-21,Solomon Islands,Fiji,1128,-36,1 - 3
2025-11-13,Solomon Islands,Papua New Guinea,1111,-16,1 - 0
2025-11-20,Solomon Islands,Vanuatu,1090,-21,2 - 1
2025-11-22,Solomon Islands,Fiji,1091,1,1 - 1
2026-03-27,Solomon Islands,Bulgaria,1082,-8,10 - 2
2026-03-30,Solomon Islands,St Kitts and Nevis,1054,-28,4 - 2
2021-06-15,Somalia,Djibouti,913,-8,1 - 0
2021-06-20,Somalia,Oman,912,-1,2 - 1
2022-03-23,Somalia,Eswatini,903,-9,3 - 0
2022-03-27,Somalia,Eswatini,899,-4,2 - 1
2023-10-14,Somalia,Niger,894,-5,3 - 0
2023-10-17,Somalia,Sierra Leone,892,-2,2 - 0
2023-10-19,Somalia,Libya,901,9,0 - 0
2023-11-21,Somalia,Uganda,898,-3,1 - 0
2024-03-20,Somalia,Eswatini,890,-8,3 - 0
2024-03-26,Somalia,Eswatini,906,16,2 - 2
2024-06-07,Somalia,Mozambique,904,-2,2 - 1
2024-06-10,Somalia,Botswana,899,-5,3 - 1
2025-03-21,Somalia,Guinea,918,19,0 - 0
2025-03-25,Somalia,Botswana,915,-3,2 - 0
2025-09-05,Somalia,Guinea,910,-3,3 - 0
2025-09-08,Somalia,Uganda,908,-2,2 - 0
2025-10-14,Somalia,Mozambique,905,-2,1 - 0
2025-11-17,Somalia,Bahrain,925,20,1 - 2
2025-11-21,Somalia,Bahrain,944,19,0 - 1
2025-11-26,Somalia,Oman,962,18,0 - 0
2026-03-27,Somalia,Mauritius,968,7,0 - 0
2026-03-31,Somalia,Mauritius,979,11,0 - 0
2021-06-10,South Africa,Uganda,1487,7,3 - 2
2021-07-06,South Africa,Botswana,1493,6,1 - 0
2021-07-08,South Africa,Eswatini,1497,4,1 - 0
2021-07-13,South Africa,Lesotho,1504,7,4 - 0
2021-07-14,South Africa,Zambia,1495,-9,0 - 0
2021-07-16,South Africa,Mozambique,1508,13,3 - 0
2021-07-18,South Africa,Senegal,1513,5,0 - 0
2021-09-03,South Africa,Zimbabwe,1510,-3,0 - 0
2021-09-06,South Africa,Ghana,1530,20,1 - 0
2021-10-09,South Africa,Ethiopia,1553,23,1 - 3
2021-10-12,South Africa,Ethiopia,1558,5,1 - 0
2021-11-11,South Africa,Zimbabwe,1563,5,1 - 0
2021-11-14,South Africa,Ghana,1550,-13,1 - 0
2022-03-25,South Africa,Guinea,1545,-5,0 - 0
2022-03-29,South Africa,France,1544,-1,5 - 0
2022-06-09,South Africa,Morocco,1538,-6,2 - 1
2022-07-13,South Africa,Mozambique,1523,-15,0 - 0
2022-07-15,South Africa,Madagascar,1528,5,2 - 1
2022-07-17,South Africa,Botswana,1536,8,2 - 1
2022-09-24,South Africa,Sierra Leone,1542,6,4 - 0
2022-09-27,South Africa,Botswana,1546,4,1 - 0
2022-11-17,South Africa,Mozambique,1549,3,2 - 1
2022-11-20,South Africa,Angola,1543,-6,1 - 1
2023-03-24,South Africa,Liberia,1528,-15,2 - 2
2023-03-28,South Africa,Liberia,1542,14,1 - 2
2023-06-17,South Africa,Morocco,1574,32,2 - 1
2023-07-05,South Africa,Namibia,1561,-13,1 - 1
2023-07-08,South Africa,Botswana,1567,6,2 - 1
2023-07-11,South Africa,Eswatini,1571,4,2 - 1
2023-07-14,South Africa,Zambia,1541,-30,1 - 2
2023-07-16,South Africa,Malawi,1526,-15,0 - 0
2023-09-09,South Africa,Namibia,1520,-6,0 - 0
2023-09-12,South Africa,DR Congo,1527,7,1 - 0
2023-10-13,South Africa,Eswatini,1519,-8,0 - 0
2023-10-17,South Africa,Côte d'Ivoire,1525,6,1 - 1
2023-11-18,South Africa,Benin,1532,7,2 - 1
2023-11-21,South Africa,Rwanda,1489,-43,2 - 0
2024-01-10,South Africa,Lesotho,1481,-8,0 - 0
2024-01-16,South Africa,Mali,1458,-23,2 - 0
2024-01-21,South Africa,Namibia,1501,43,4 - 0
2024-01-24,South Africa,Tunisia,1513,12,0 - 0
2024-01-30,South Africa,Morocco,1578,65,2 - 0
2024-02-03,South Africa,Cabo Verde,1577,-1,0 - 0
2024-02-07,South Africa,Nigeria,1583,6,1 - 1
2024-02-10,South Africa,DR Congo,1579,-4,0 - 0
2024-03-21,South Africa,Andorra,1566,-13,1 - 1
2024-03-26,South Africa,Algeria,1574,8,3 - 3
2024-06-07,South Africa,Nigeria,1582,8,1 - 1
2024-06-11,South Africa,Zimbabwe,1588,6,3 - 1
2024-06-26,South Africa,Mozambique,1574,-14,1 - 1
2024-06-29,South Africa,Botswana,1559,-15,0 - 0
2024-07-02,South Africa,Eswatini,1562,3,1 - 0
2024-09-06,South Africa,Uganda,1548,-14,2 - 2
2024-09-10,South Africa,South Sudan,1553,5,2 - 3
2024-10-11,South Africa,Congo,1561,8,5 - 0
2024-10-15,South Africa,Congo,1550,-11,1 - 1
2024-11-15,South Africa,Uganda,1576,26,0 - 2
2024-11-19,South Africa,South Sudan,1579,3,3 - 0
2025-03-21,South Africa,Lesotho,1583,4,2 - 0
2025-03-25,South Africa,Benin,1601,18,2 - 0
2025-06-04,South Africa,Mozambique,1568,-32,0 - 1
2025-06-06,South Africa,Tanzania,1562,-6,0 - 0
2025-06-07,South Africa,Zimbabwe,1571,9,2 - 0
2025-06-10,South Africa,Mozambique,1578,7,2 - 0
2025-06-10,South Africa,Mauritius,1559,-19,0 - 0
2025-06-13,South Africa,Comoros,1571,12,3 - 1
2025-06-15,South Africa,Angola,1525,-46,0 - 3
2025-09-05,South Africa,Lesotho,1531,6,3 - 0
2025-09-09,South Africa,Nigeria,1528,-3,1 - 1
2025-10-10,South Africa,Zimbabwe,1515,-13,0 - 0
2025-10-14,South Africa,Rwanda,1525,11,3 - 0
2025-11-15,South Africa,Zambia,1531,6,3 - 1
2025-12-22,South Africa,Angola,1559,28,2 - 1
2025-12-26,South Africa,Egypt,1538,-21,1 - 0
2025-12-29,South Africa,Zimbabwe,1551,13,3 - 2
2026-01-04,South Africa,Cameroon,1528,-22,2 - 1
2026-03-27,South Africa,Panama,1531,3,1 - 1
2026-03-31,South Africa,Panama,1524,-7,1 - 2
2026-05-29,South Africa,Nicaragua,1517,-7,0 - 0
2026-06-06,South Africa,Jamaica,1517,0,1 - 1
2021-06-05,South Korea,Turkmenistan,1761,3,5 - 0
2021-06-09,South Korea,Sri Lanka,1761,0,5 - 0
2021-06-13,South Korea,Lebanon,1763,2,2 - 1
2021-09-02,South Korea,Iraq,1751,-12,0 - 0
2021-09-07,South Korea,Lebanon,1753,2,1 - 0
2021-10-07,South Korea,Syria,1756,3,2 - 1
2021-10-12,South Korea,Iran,1765,9,1 - 1
2021-11-11,South Korea,United Arab Emirates,1769,4,1 - 0
2021-11-16,South Korea,Iraq,1787,18,3 - 0
2022-01-15,South Korea,Iceland,1794,7,5 - 1
2022-01-21,South Korea,Moldova,1795,1,4 - 0
2022-01-27,South Korea,Lebanon,1801,6,0 - 1
2022-02-01,South Korea,Syria,1807,6,2 - 0
2022-03-24,South Korea,Iran,1832,25,2 - 0
2022-03-29,South Korea,United Arab Emirates,1800,-32,1 - 0
2022-06-02,South Korea,Brazil,1793,-7,1 - 5
2022-06-06,South Korea,Chile,1803,10,2 - 0
2022-06-10,South Korea,Paraguay,1798,-5,2 - 2
2022-06-14,South Korea,Egypt,1805,7,4 - 1
2022-07-20,South Korea,China,1813,8,3 - 0
2022-07-24,South Korea,Hong Kong,1814,1,3 - 0
2022-07-27,South Korea,Japan,1783,-31,3 - 0
2022-09-23,South Korea,Costa Rica,1779,-4,2 - 2
2022-09-27,South Korea,Cameroon,1783,4,1 - 0
2022-11-11,South Korea,Iceland,1786,3,1 - 0
2022-11-24,South Korea,Uruguay,1798,12,0 - 0
2022-11-28,South Korea,Ghana,1750,-48,3 - 2
2022-12-02,South Korea,Portugal,1801,51,2 - 1
2022-12-05,South Korea,Brazil,1788,-13,4 - 1
2023-03-24,South Korea,Colombia,1789,1,2 - 2
2023-03-28,South Korea,Uruguay,1779,-10,1 - 2
2023-06-16,South Korea,Peru,1768,-11,0 - 1
2023-06-20,South Korea,El Salvador,1760,-8,1 - 1
2023-09-07,South Korea,Wales,1760,0,0 - 0
2023-09-12,South Korea,Saudi Arabia,1765,5,1 - 0
2023-10-13,South Korea,Tunisia,1778,13,4 - 0
2023-10-17,South Korea,Vietnam,1780,2,6 - 0
2023-11-16,South Korea,Singapore,1781,1,5 - 0
2023-11-21,South Korea,China,1798,17,0 - 3
2024-01-06,South Korea,Iraq,1803,5,1 - 0
2024-01-15,South Korea,Bahrain,1811,8,3 - 1
2024-01-20,South Korea,Jordan,1794,-17,2 - 2
2024-01-25,South Korea,Malaysia,1771,-23,3 - 3
2024-01-30,South Korea,Saudi Arabia,1760,-11,1 - 1
2024-02-02,South Korea,Australia,1787,27,2 - 1
2024-02-06,South Korea,Jordan,1729,-58,2 - 0
2024-03-21,South Korea,Thailand,1712,-17,1 - 1
2024-03-26,South Korea,Thailand,1731,19,0 - 3
2024-06-06,South Korea,Singapore,1735,4,0 - 7
2024-06-11,South Korea,China,1738,3,1 - 0
2024-09-05,South Korea,Palestine,1721,-17,0 - 0
2024-09-10,South Korea,Oman,1743,22,1 - 3
2024-10-10,South Korea,Jordan,1772,29,0 - 2
2024-10-15,South Korea,Iraq,1781,9,3 - 2
2024-11-14,South Korea,Kuwait,1789,8,1 - 3
2024-11-19,South Korea,Palestine,1773,-16,1 - 1
2025-03-20,South Korea,Oman,1757,-16,1 - 1
2025-03-25,South Korea,Jordan,1745,-12,1 - 1
2025-06-05,South Korea,Iraq,1765,21,0 - 2
2025-06-10,South Korea,Kuwait,1768,3,4 - 0
2025-07-07,South Korea,China,1773,4,3 - 0
2025-07-11,South Korea,Hong Kong,1774,1,2 - 0
2025-07-15,South Korea,Japan,1753,-21,0 - 1
2025-09-06,South Korea,USA,1770,17,0 - 2
2025-09-09,South Korea,Mexico,1773,3,2 - 2
2025-10-10,South Korea,Brazil,1759,-14,0 - 5
2025-10-14,South Korea,Paraguay,1774,14,2 - 0
2025-11-14,South Korea,Bolivia,1782,8,2 - 0
2025-11-18,South Korea,Ghana,1784,2,1 - 0
2026-03-28,South Korea,Côte d'Ivoire,1758,-26,4 - 0
2026-03-31,South Korea,Austria,1752,-6,1 - 0
2026-05-30,South Korea,Trinidad and Tobago,1756,4,5 - 0
2026-06-03,South Korea,El Salvador,1758,2,1 - 0
2021-10-06,South Sudan,Sierra Leone,1092,10,1 - 1
2021-10-12,South Sudan,Gambia,1087,-5,2 - 1
2022-01-27,South Sudan,Uzbekistan,1084,-3,3 - 0
2022-01-31,South Sudan,Jordan,1083,-1,2 - 1
2022-03-23,South Sudan,Djibouti,1098,15,4 - 2
2022-03-27,South Sudan,Djibouti,1107,9,1 - 0
2022-05-29,South Sudan,Sudan,1112,5,0 - 0
2022-06-04,South Sudan,Gambia,1107,-5,1 - 0
2022-06-09,South Sudan,Mali,1104,-3,3 - 1
2023-03-23,South Sudan,Congo,1138,34,1 - 2
2023-03-27,South Sudan,Congo,1125,-13,1 - 0
2023-06-14,South Sudan,Gambia,1120,-5,3 - 2
2023-06-18,South Sudan,Egypt,1119,-1,3 - 0
2023-09-08,South Sudan,Mali,1117,-2,4 - 0
2023-09-12,South Sudan,Kenya,1135,18,0 - 1
2023-11-18,South Sudan,Senegal,1134,-1,4 - 0
2023-11-21,South Sudan,Mauritania,1147,13,0 - 0
2024-03-22,South Sudan,São Tomé and Príncipe,1142,-5,1 - 1
2024-03-26,South Sudan,São Tomé and Príncipe,1137,-5,0 - 0
2024-06-05,South Sudan,Togo,1152,15,1 - 1
2024-06-11,South Sudan,Sudan,1128,-24,0 - 3
2024-09-05,South Sudan,Congo,1120,-8,1 - 0
2024-09-10,South Sudan,South Africa,1115,-5,2 - 3
2024-10-11,South Sudan,Uganda,1111,-4,1 - 0
2024-10-15,South Sudan,Uganda,1101,-10,1 - 2
2024-11-14,South Sudan,Congo,1125,24,3 - 2
2024-11-19,South Sudan,South Africa,1122,-3,3 - 0
2025-03-21,South Sudan,DR Congo,1120,-2,1 - 0
2025-03-25,South Sudan,Sudan,1134,14,1 - 1
2025-09-05,South Sudan,DR Congo,1125,-8,1 - 4
2025-09-09,South Sudan,Mauritania,1140,15,0 - 0
2025-10-10,South Sudan,Senegal,1137,-3,0 - 5
2025-10-13,South Sudan,Togo,1143,6,0 - 0
2025-11-25,South Sudan,Syria,1133,-9,2 - 0
2026-03-26,South Sudan,Djibouti,1144,10,4 - 0
2026-03-29,South Sudan,Djibouti,1109,-35,0 - 1
2021-06-04,Spain,Portugal,2034,-3,0 - 0
2021-06-08,Spain,Lithuania,2034,0,4 - 0
2021-06-14,Spain,Sweden,2017,-17,0 - 0
2021-06-19,Spain,Poland,1998,-19,1 - 1
2021-06-23,Spain,Slovakia,2006,8,5 - 0
2021-06-28,Spain,Croatia,2027,21,5 - 3
2021-07-02,Spain,Switzerland,2019,-8,1 - 1
2021-07-06,Spain,Italy,2024,5,1 - 1
2021-09-02,Spain,Sweden,2001,-23,2 - 1
2021-09-05,Spain,Georgia,2003,2,4 - 0
2021-09-08,Spain,Kosovo,2009,6,0 - 2
2021-10-06,Spain,Italy,2045,36,1 - 2
2021-10-10,Spain,France,2023,-22,2 - 1
2021-11-11,Spain,Greece,2031,8,0 - 1
2021-11-14,Spain,Sweden,2037,6,1 - 0
2022-03-26,Spain,Albania,2038,1,2 - 1
2022-03-29,Spain,Iceland,2039,1,5 - 0
2022-06-02,Spain,Portugal,2031,-8,1 - 1
2022-06-05,Spain,Czech Republic,2026,-5,2 - 2
2022-06-09,Spain,Switzerland,2043,17,0 - 1
2022-06-12,Spain,Czech Republic,2052,9,2 - 0
2022-09-24,Spain,Switzerland,2019,-33,1 - 2
2022-09-27,Spain,Portugal,2045,26,0 - 1
2022-11-17,Spain,Jordan,2048,3,1 - 3
2022-11-23,Spain,Costa Rica,2068,20,7 - 0
2022-11-27,Spain,Germany,2056,-12,1 - 1
2022-12-01,Spain,Japan,2007,-49,2 - 1
2022-12-06,Spain,Morocco,1996,-11,0 - 0
2023-03-25,Spain,Norway,2005,9,3 - 0
2023-03-28,Spain,Scotland,1963,-42,2 - 0
2023-06-15,Spain,Italy,1987,24,2 - 1
2023-06-18,Spain,Croatia,1989,2,0 - 0
2023-09-08,Spain,Georgia,2006,17,1 - 7
2023-09-12,Spain,Cyprus,2007,1,6 - 0
2023-10-12,Spain,Scotland,2017,10,2 - 0
2023-10-15,Spain,Norway,2028,11,0 - 1
2023-11-16,Spain,Cyprus,2030,2,1 - 3
2023-11-19,Spain,Georgia,2033,3,3 - 1
2024-03-22,Spain,Colombia,2022,-11,1 - 0
2024-03-26,Spain,Brazil,2019,-3,3 - 3
2024-06-05,Spain,Andorra,2019,0,5 - 0
2024-06-08,Spain,Northern Ireland,2020,1,5 - 1
2024-06-15,Spain,Croatia,2057,37,3 - 0
2024-06-20,Spain,Italy,2075,18,1 - 0
2024-06-24,Spain,Albania,2079,4,1 - 0
2024-06-30,Spain,Georgia,2089,10,4 - 1
2024-07-05,Spain,Germany,2112,23,1 - 2
2024-07-09,Spain,France,2134,22,2 - 1
2024-07-14,Spain,England,2150,16,2 - 1
2024-09-05,Spain,Serbia,2137,-13,0 - 0
2024-09-08,Spain,Switzerland,2157,20,1 - 4
2024-10-12,Spain,Denmark,2161,4,1 - 0
2024-10-15,Spain,Serbia,2166,5,3 - 0
2024-11-15,Spain,Denmark,2175,9,1 - 2
2024-11-18,Spain,Switzerland,2178,3,3 - 2
2025-03-20,Spain,Netherlands,2168,-10,2 - 2
2025-03-23,Spain,Netherlands,2150,-18,3 - 3
2025-06-05,Spain,France,2167,17,5 - 4
2025-06-08,Spain,Portugal,2157,-10,2 - 2
2025-09-04,Spain,Bulgaria,2159,2,0 - 3
2025-09-07,Spain,Turkey,2179,20,0 - 6
2025-10-11,Spain,Georgia,2181,2,2 - 0
2025-10-14,Spain,Bulgaria,2181,1,4 - 0
2025-11-15,Spain,Georgia,2188,7,0 - 4
2025-11-18,Spain,Turkey,2171,-17,2 - 2
2026-03-27,Spain,Serbia,2174,2,3 - 0
2026-03-31,Spain,Egypt,2165,-9,0 - 0
2026-06-04,Spain,Iraq,2155,-10,1 - 1
2026-06-08,Spain,Peru,2157,2,3 - 1
2021-06-05,Sri Lanka,Lebanon,659,-1,3 - 2
2021-10-01,Sri Lanka,Bangladesh,649,-10,1 - 0
2021-10-04,Sri Lanka,Nepal,643,-6,3 - 2
2021-10-07,Sri Lanka,India,661,18,0 - 0
2021-10-10,Sri Lanka,Maldives,657,-4,1 - 0
2021-11-09,Sri Lanka,Maldives,664,7,4 - 4
2021-11-13,Sri Lanka,Seychelles,654,-10,0 - 1
2021-11-16,Sri Lanka,Bangladesh,674,20,2 - 1
2021-11-19,Sri Lanka,Seychelles,679,5,3 - 3
2022-05-31,Sri Lanka,Nepal,685,6,1 - 1
2022-06-11,Sri Lanka,Thailand,684,-1,2 - 0
2022-06-14,Sri Lanka,Maldives,675,-9,1 - 0
2023-10-12,Sri Lanka,Yemen,669,-6,3 - 0
2023-10-17,Sri Lanka,Yemen,684,15,1 - 1
2024-03-22,Sri Lanka,Papua New Guinea,695,11,0 - 0
2024-03-25,Sri Lanka,Bhutan,707,12,2 - 0
2024-06-08,Sri Lanka,Brunei,697,-10,1 - 0
2024-06-11,Sri Lanka,Brunei,688,-9,1 - 0
2024-09-05,Sri Lanka,Cambodia,691,3,0 - 0
2024-09-10,Sri Lanka,Cambodia,703,12,2 - 2
2024-10-10,Sri Lanka,Myanmar,699,-4,2 - 0
2024-10-13,Sri Lanka,Myanmar,706,7,0 - 0
2024-11-16,Sri Lanka,Yemen,724,18,1 - 0
2024-11-19,Sri Lanka,Yemen,721,-3,2 - 0
2025-03-20,Sri Lanka,Laos,733,12,1 - 2
2025-03-25,Sri Lanka,Thailand,732,-1,1 - 0
2025-06-05,Sri Lanka,Brunei,739,8,1 - 0
2025-06-10,Sri Lanka,Taiwan,775,36,3 - 1
2025-09-06,Sri Lanka,Maldives,747,-29,0 - 3
2025-09-09,Sri Lanka,Maldives,748,1,1 - 1
2025-10-09,Sri Lanka,Turkmenistan,784,36,1 - 0
2025-10-14,Sri Lanka,Turkmenistan,784,-2,2 - 1
2025-11-18,Sri Lanka,Thailand,780,-4,0 - 4
2026-03-31,Sri Lanka,Taiwan,827,44,1 - 3
2026-06-08,Sri Lanka,Bhutan,836,9,4 - 1
2021-06-11,Sudan,Zambia,1396,10,3 - 2
2021-06-13,Sudan,Zambia,1386,-10,0 - 1
2021-06-19,Sudan,Libya,1404,18,1 - 0
2021-09-02,Sudan,Morocco,1394,-6,2 - 0
2021-09-07,Sudan,Guinea-Bissau,1353,-41,2 - 4
2021-10-06,Sudan,Guinea,1358,5,1 - 1
2021-10-09,Sudan,Guinea,1362,4,2 - 2
2021-11-12,Sudan,Morocco,1357,-5,3 - 0
2021-11-15,Sudan,Guinea-Bissau,1359,2,0 - 0
2021-12-01,Sudan,Algeria,1352,-7,4 - 0
2021-12-04,Sudan,Egypt,1339,-13,5 - 0
2021-12-07,Sudan,Lebanon,1320,-19,1 - 0
2021-12-30,Sudan,Ethiopia,1311,-9,3 - 2
2022-01-02,Sudan,Zimbabwe,1311,0,0 - 0
2022-01-11,Sudan,Guinea-Bissau,1317,6,0 - 0
2022-01-15,Sudan,Nigeria,1308,-9,3 - 1
2022-01-19,Sudan,Egypt,1302,-6,1 - 0
2022-03-26,Sudan,Central African Republic,1300,-2,0 - 0
2022-03-29,Sudan,Tanzania,1305,5,1 - 1
2022-05-29,Sudan,South Sudan,1300,-5,0 - 0
2022-06-04,Sudan,Mauritania,1278,-22,3 - 0
2022-06-08,Sudan,DR Congo,1303,25,2 - 1
2022-09-23,Sudan,Ethiopia,1307,4,1 - 1
2022-09-26,Sudan,Ethiopia,1311,4,2 - 2
2022-11-17,Sudan,Rwanda,1313,2,0 - 0
2022-11-19,Sudan,Rwanda,1305,-8,1 - 0
2023-03-23,Sudan,Gabon,1299,-6,1 - 0
2023-03-27,Sudan,Gabon,1324,25,1 - 0
2023-06-15,Sudan,Kuwait,1315,-9,2 - 1
2023-06-20,Sudan,Mauritania,1286,-29,3 - 0
2023-09-09,Sudan,DR Congo,1278,-8,2 - 0
2023-10-15,Sudan,Tanzania,1280,2,1 - 1
2023-10-17,Sudan,Chad,1287,7,1 - 0
2023-10-20,Sudan,Chad,1284,-3,1 - 1
2023-11-11,Sudan,Libya,1278,-6,2 - 1
2023-11-16,Sudan,Togo,1284,6,1 - 1
2023-11-19,Sudan,DR Congo,1316,32,1 - 0
2024-03-10,Sudan,Bangladesh,1308,-8,0 - 0
2024-03-14,Sudan,Bangladesh,1312,4,3 - 0
2024-03-22,Sudan,Guinea-Bissau,1323,11,1 - 0
2024-03-25,Sudan,Guinea-Bissau,1314,-9,2 - 1
2024-05-15,Sudan,Tanzania,1325,11,2 - 1
2024-05-19,Sudan,Tanzania,1326,1,1 - 1
2024-06-06,Sudan,Mauritania,1370,44,0 - 2
2024-06-11,Sudan,South Sudan,1394,24,0 - 3
2024-09-04,Sudan,Niger,1391,12,1 - 0
2024-09-09,Sudan,Angola,1385,-6,2 - 1
2024-10-10,Sudan,Ghana,1396,11,0 - 0
2024-10-15,Sudan,Ghana,1434,38,2 - 0
2024-11-14,Sudan,Niger,1377,-57,4 - 0
2024-11-18,Sudan,Angola,1388,11,0 - 0
2025-03-13,Sudan,Oman,1394,6,0 - 0
2025-03-22,Sudan,Senegal,1410,16,0 - 0
2025-03-25,Sudan,South Sudan,1396,-14,1 - 1
2025-09-05,Sudan,Senegal,1392,-3,2 - 0
2025-09-09,Sudan,Togo,1375,-17,1 - 0
2025-10-10,Sudan,Mauritania,1373,-2,0 - 0
2025-10-14,Sudan,DR Congo,1367,-5,1 - 0
2025-11-14,Sudan,Oman,1361,-6,2 - 0
2025-11-26,Sudan,Lebanon,1380,19,2 - 1
2025-12-03,Sudan,Algeria,1395,15,0 - 0
2025-12-06,Sudan,Iraq,1381,-14,2 - 0
2025-12-09,Sudan,Bahrain,1352,-29,3 - 1
2025-12-24,Sudan,Algeria,1343,-9,3 - 0
2025-12-28,Sudan,Equatorial Guinea,1373,30,1 - 0
2025-12-31,Sudan,Burkina Faso,1353,-20,2 - 0
2026-01-03,Sudan,Senegal,1350,-5,3 - 1
2021-06-04,Suriname,Bermuda,1351,26,6 - 0
2021-06-08,Suriname,Canada,1338,-13,4 - 0
2021-07-12,Suriname,Jamaica,1323,-15,2 - 0
2021-07-16,Suriname,Costa Rica,1316,-7,2 - 1
2021-07-20,Suriname,Guadeloupe,1335,19,2 - 1
2022-01-28,Suriname,Barbados,1338,3,1 - 0
2022-02-01,Suriname,Guyana,1343,5,2 - 1
2022-03-27,Suriname,Thailand,1337,-6,1 - 0
2022-05-22,Suriname,French Guiana,1323,-14,3 - 1
2022-06-04,Suriname,Jamaica,1329,6,1 - 1
2022-06-07,Suriname,Jamaica,1320,-9,3 - 1
2022-06-11,Suriname,Mexico,1318,-2,3 - 0
2022-09-22,Suriname,Nicaragua,1327,9,2 - 1
2022-11-19,Suriname,French Guiana,1308,-19,1 - 3
2022-11-24,Suriname,Bonaire,1316,8,4 - 1
2022-11-26,Suriname,Curaçao,1322,6,2 - 2
2023-03-23,Suriname,Mexico,1316,-6,0 - 2
2023-06-17,Suriname,Puerto Rico,1305,-11,0 - 0
2023-09-08,Suriname,Grenada,1300,-5,1 - 1
2023-09-12,Suriname,Cuba,1285,-15,1 - 0
2023-10-12,Suriname,Haiti,1292,7,1 - 1
2023-10-15,Suriname,Grenada,1304,12,4 - 0
2024-03-24,Suriname,Martinique,1308,4,1 - 1
2024-06-05,Suriname,St Vincent,1318,10,4 - 1
2024-06-08,Suriname,Anguilla,1320,2,0 - 4
2024-09-05,Suriname,Guyana,1355,35,1 - 3
2024-09-09,Suriname,Guadeloupe,1339,-16,1 - 0
2024-10-11,Suriname,Costa Rica,1350,11,1 - 1
2024-10-15,Suriname,Guyana,1367,17,5 - 1
2024-11-15,Suriname,Canada,1361,-6,0 - 1
2024-11-19,Suriname,Canada,1358,-3,3 - 0
2025-03-21,Suriname,Martinique,1376,18,1 - 0
2025-03-25,Suriname,Martinique,1403,27,0 - 1
2025-06-06,Suriname,Puerto Rico,1406,4,1 - 0
2025-06-10,Suriname,El Salvador,1411,5,1 - 1
2025-06-15,Suriname,Costa Rica,1401,-10,4 - 3
2025-06-18,Suriname,Mexico,1395,-6,2 - 0
2025-06-22,Suriname,Dominican Republic,1387,-8,0 - 0
2025-09-04,Suriname,Panama,1400,13,0 - 0
2025-09-08,Suriname,El Salvador,1425,25,1 - 2
2025-10-10,Suriname,Guatemala,1424,-1,1 - 1
2025-10-14,Suriname,Panama,1441,17,1 - 1
2025-11-13,Suriname,El Salvador,1459,18,4 - 0
2025-11-18,Suriname,Guatemala,1441,-18,3 - 1
2026-03-26,Suriname,Bolivia,1431,-9,2 - 1
2021-06-05,Sweden,Armenia,1849,3,3 - 1
2021-06-14,Sweden,Spain,1866,17,0 - 0
2021-06-18,Sweden,Slovakia,1879,13,1 - 0
2021-06-23,Sweden,Poland,1897,18,3 - 2
2021-06-29,Sweden,Ukraine,1864,-33,2 - 1
2021-09-02,Sweden,Spain,1887,23,2 - 1
2021-09-05,Sweden,Uzbekistan,1888,1,2 - 1
2021-09-08,Sweden,Greece,1861,-27,2 - 1
2021-10-09,Sweden,Kosovo,1866,5,3 - 0
2021-10-12,Sweden,Greece,1877,11,2 - 0
2021-11-11,Sweden,Georgia,1827,-50,2 - 0
2021-11-14,Sweden,Spain,1821,-6,1 - 0
2022-03-24,Sweden,Czech Republic,1836,15,1 - 0
2022-03-29,Sweden,Poland,1809,-27,2 - 0
2022-06-02,Sweden,Slovenia,1832,23,0 - 2
2022-06-05,Sweden,Norway,1804,-28,1 - 2
2022-06-09,Sweden,Serbia,1780,-24,0 - 1
2022-06-12,Sweden,Norway,1766,-14,3 - 2
2022-09-24,Sweden,Serbia,1747,-19,4 - 1
2022-09-27,Sweden,Slovenia,1736,-11,1 - 1
2022-11-16,Sweden,Mexico,1748,12,2 - 1
2022-11-19,Sweden,Algeria,1758,10,2 - 0
2023-01-09,Sweden,Finland,1770,12,2 - 0
2023-01-12,Sweden,Iceland,1774,4,2 - 1
2023-03-24,Sweden,Belgium,1746,-28,0 - 3
2023-03-27,Sweden,Azerbaijan,1752,6,5 - 0
2023-06-16,Sweden,New Zealand,1757,5,4 - 1
2023-06-20,Sweden,Austria,1737,-20,2 - 0
2023-09-09,Sweden,Estonia,1757,20,0 - 5
2023-09-12,Sweden,Austria,1721,-36,1 - 3
2023-10-12,Sweden,Moldova,1723,2,3 - 1
2023-10-16,Sweden,Belgium,1739,16,1 - 1
2023-11-16,Sweden,Azerbaijan,1687,-52,3 - 0
2023-11-19,Sweden,Estonia,1692,5,2 - 0
2024-01-12,Sweden,Estonia,1695,3,2 - 1
2024-03-21,Sweden,Portugal,1692,-3,5 - 2
2024-03-25,Sweden,Albania,1697,5,1 - 0
2024-06-05,Sweden,Denmark,1693,-4,2 - 1
2024-06-08,Sweden,Serbia,1675,-18,0 - 3
2024-09-05,Sweden,Azerbaijan,1698,23,1 - 3
2024-09-08,Sweden,Estonia,1703,5,3 - 0
2024-10-11,Sweden,Slovakia,1709,6,2 - 2
2024-10-14,Sweden,Estonia,1724,15,0 - 3
2024-11-16,Sweden,Slovakia,1738,14,2 - 1
2024-11-19,Sweden,Azerbaijan,1745,7,6 - 0
2025-03-22,Sweden,Luxembourg,1730,-15,1 - 0
2025-03-25,Sweden,Northern Ireland,1737,7,5 - 1
2025-06-06,Sweden,Hungary,1755,18,0 - 2
2025-06-10,Sweden,Algeria,1761,6,4 - 3
2025-09-05,Sweden,Slovenia,1765,5,2 - 2
2025-09-08,Sweden,Kosovo,1729,-36,2 - 0
2025-10-10,Sweden,Switzerland,1703,-26,0 - 2
2025-10-13,Sweden,Kosovo,1674,-29,0 - 1
2025-11-15,Sweden,Switzerland,1664,-10,4 - 1
2025-11-18,Sweden,Slovenia,1660,-4,1 - 1
2026-03-26,Sweden,Ukraine,1702,42,3 - 1
2026-03-31,Sweden,Poland,1719,17,3 - 2
2026-06-01,Sweden,Norway,1714,-5,3 - 1
2026-06-04,Sweden,Greece,1712,-2,2 - 2
2021-06-03,Switzerland,Liechtenstein,1890,0,7 - 0
2021-06-12,Switzerland,Wales,1886,-4,1 - 1
2021-06-16,Switzerland,Italy,1868,-18,3 - 0
2021-06-20,Switzerland,Turkey,1894,26,3 - 1
2021-06-28,Switzerland,France,1907,13,3 - 3
2021-07-02,Switzerland,Spain,1915,8,1 - 1
2021-09-01,Switzerland,Greece,1917,2,2 - 1
2021-09-05,Switzerland,Italy,1920,3,0 - 0
2021-09-08,Switzerland,Northern Ireland,1909,-11,0 - 0
2021-10-09,Switzerland,Northern Ireland,1914,5,2 - 0
2021-10-12,Switzerland,Lithuania,1918,4,0 - 4
2021-11-12,Switzerland,Italy,1930,12,1 - 1
2021-11-15,Switzerland,Bulgaria,1934,4,4 - 0
2022-03-26,Switzerland,England,1929,-5,2 - 1
2022-03-29,Switzerland,Kosovo,1920,-9,1 - 1
2022-06-02,Switzerland,Czech Republic,1900,-20,2 - 1
2022-06-05,Switzerland,Portugal,1881,-19,4 - 0
2022-06-09,Switzerland,Spain,1864,-17,0 - 1
2022-06-12,Switzerland,Portugal,1887,23,1 - 0
2022-09-24,Switzerland,Spain,1920,33,1 - 2
2022-09-27,Switzerland,Czech Republic,1929,9,2 - 1
2022-11-17,Switzerland,Ghana,1902,-27,2 - 0
2022-11-24,Switzerland,Cameroon,1911,9,1 - 0
2022-11-28,Switzerland,Brazil,1901,-10,1 - 0
2022-12-02,Switzerland,Serbia,1928,27,3 - 2
2022-12-06,Switzerland,Portugal,1879,-49,6 - 1
2023-03-25,Switzerland,Belarus,1884,5,0 - 5
2023-03-28,Switzerland,Israel,1891,7,3 - 0
2023-06-16,Switzerland,Andorra,1892,1,1 - 2
2023-06-19,Switzerland,Romania,1876,-16,2 - 2
2023-09-09,Switzerland,Kosovo,1862,-14,2 - 2
2023-09-12,Switzerland,Andorra,1863,1,3 - 0
2023-10-15,Switzerland,Belarus,1845,-18,3 - 3
2023-11-15,Switzerland,Israel,1833,-12,1 - 1
2023-11-18,Switzerland,Kosovo,1816,-17,1 - 1
2023-11-21,Switzerland,Romania,1792,-24,1 - 0
2024-03-23,Switzerland,Denmark,1796,4,0 - 0
2024-03-26,Switzerland,Republic of Ireland,1804,8,0 - 1
2024-06-04,Switzerland,Estonia,1806,2,4 - 0
2024-06-08,Switzerland,Austria,1805,-1,1 - 1
2024-06-15,Switzerland,Hungary,1845,40,3 - 1
2024-06-19,Switzerland,Scotland,1838,-7,1 - 1
2024-06-23,Switzerland,Germany,1852,14,1 - 1
2024-06-29,Switzerland,Italy,1898,46,2 - 0
2024-07-06,Switzerland,England,1904,6,1 - 1
2024-09-05,Switzerland,Denmark,1875,-29,2 - 0
2024-09-08,Switzerland,Spain,1855,-20,1 - 4
2024-10-12,Switzerland,Serbia,1827,-28,2 - 0
2024-10-15,Switzerland,Denmark,1823,-4,2 - 2
2024-11-15,Switzerland,Serbia,1817,-6,1 - 1
2024-11-18,Switzerland,Spain,1814,-3,3 - 2
2025-03-21,Switzerland,Northern Ireland,1810,-4,1 - 1
2025-03-25,Switzerland,Luxembourg,1812,2,3 - 1
2025-06-07,Switzerland,Mexico,1827,15,4 - 2
2025-06-10,Switzerland,USA,1845,18,0 - 4
2025-09-05,Switzerland,Kosovo,1854,9,4 - 0
2025-09-08,Switzerland,Slovenia,1870,16,3 - 0
2025-10-10,Switzerland,Sweden,1896,26,0 - 2
2025-10-13,Switzerland,Slovenia,1892,-4,0 - 0
2025-11-15,Switzerland,Sweden,1902,10,4 - 1
2025-11-18,Switzerland,Kosovo,1897,-5,1 - 1
2026-03-27,Switzerland,Germany,1885,-12,3 - 4
2026-03-31,Switzerland,Norway,1889,4,0 - 0
2026-05-31,Switzerland,Jordan,1894,5,4 - 1
2026-06-06,Switzerland,Australia,1891,-3,1 - 1
2021-06-04,Syria,Maldives,1477,3,4 - 0
2021-06-07,Syria,Guam,1478,1,3 - 0
2021-06-15,Syria,China,1448,-30,3 - 1
2021-09-02,Syria,Iran,1442,-3,1 - 0
2021-09-07,Syria,United Arab Emirates,1444,2,1 - 1
2021-10-07,Syria,South Korea,1441,-3,2 - 1
2021-10-12,Syria,Lebanon,1418,-23,3 - 2
2021-11-11,Syria,Iraq,1428,10,1 - 1
2021-11-16,Syria,Iran,1422,-6,3 - 0
2021-11-30,Syria,United Arab Emirates,1406,-16,2 - 1
2021-12-03,Syria,Tunisia,1454,48,2 - 0
2021-12-06,Syria,Mauritania,1427,-27,2 - 1
2022-01-27,Syria,United Arab Emirates,1410,-17,2 - 0
2022-02-01,Syria,South Korea,1404,-6,2 - 0
2022-03-24,Syria,Lebanon,1447,43,0 - 3
2022-03-29,Syria,Iraq,1454,7,1 - 1
2022-06-01,Syria,Tajikistan,1459,5,1 - 0
2022-09-23,Syria,Jordan,1449,-10,2 - 0
2022-09-26,Syria,Iraq,1439,-10,1 - 0
2022-11-17,Syria,Belarus,1428,-11,1 - 0
2022-11-20,Syria,Venezuela,1424,-4,2 - 1
2022-12-23,Syria,Oman,1418,-6,2 - 1
2022-12-30,Syria,Oman,1412,-6,1 - 0
2023-03-25,Syria,Thailand,1426,14,3 - 1
2023-03-28,Syria,Bahrain,1421,-5,1 - 0
2023-06-20,Syria,Vietnam,1413,-8,1 - 0
2023-09-06,Syria,Malaysia,1409,-4,2 - 2
2023-09-12,Syria,China,1423,14,0 - 1
2023-10-17,Syria,Kuwait,1412,-11,2 - 1
2023-11-16,Syria,North Korea,1430,18,1 - 0
2023-11-21,Syria,Japan,1425,-5,5 - 0
2024-01-05,Syria,Kyrgyzstan,1420,-5,1 - 1
2024-01-08,Syria,Malaysia,1417,-3,2 - 2
2024-01-13,Syria,Uzbekistan,1431,14,0 - 0
2024-01-18,Syria,Australia,1425,-6,1 - 0
2024-01-23,Syria,India,1438,13,1 - 0
2024-01-31,Syria,Iran,1459,21,1 - 1
2024-03-21,Syria,Myanmar,1442,-17,1 - 1
2024-03-26,Syria,Myanmar,1446,4,7 - 0
2024-06-06,Syria,North Korea,1421,-25,1 - 0
2024-06-11,Syria,Japan,1417,-4,5 - 0
2024-09-06,Syria,Mauritius,1422,5,2 - 0
2024-09-09,Syria,India,1438,16,0 - 3
2024-10-11,Syria,Tajikistan,1449,11,1 - 0
2024-10-14,Syria,Thailand,1438,-11,2 - 1
2024-11-19,Syria,Russia,1435,-3,4 - 0
2025-03-25,Syria,Pakistan,1437,2,2 - 0
2025-06-10,Syria,Afghanistan,1441,4,1 - 0
2025-09-04,Syria,United Arab Emirates,1435,-7,3 - 1
2025-09-08,Syria,Kuwait,1431,-4,2 - 2
2025-10-09,Syria,Myanmar,1435,4,5 - 1
2025-10-14,Syria,Myanmar,1445,7,0 - 3
2025-11-18,Syria,Pakistan,1449,4,0 - 5
2025-11-25,Syria,South Sudan,1458,9,2 - 0
2025-12-01,Syria,Tunisia,1488,30,1 - 0
2025-12-04,Syria,Qatar,1492,4,1 - 1
2025-12-07,Syria,Palestine,1491,-1,0 - 0
2025-12-11,Syria,Morocco,1486,-5,1 - 0
2026-03-31,Syria,Afghanistan,1491,5,5 - 1
2026-06-05,Syria,Belarus,1479,-12,4 - 1
2022-03-24,São Tomé and Príncipe,Mauritius,1088,21,0 - 1
2022-03-27,São Tomé and Príncipe,Mauritius,1087,-1,3 - 3
2022-06-09,São Tomé and Príncipe,Guinea-Bissau,1075,-12,5 - 1
2022-06-13,São Tomé and Príncipe,Nigeria,1071,-4,10 - 0
2023-03-22,São Tomé and Príncipe,Sierra Leone,1084,13,2 - 2
2023-03-26,São Tomé and Príncipe,Sierra Leone,1072,-12,2 - 0
2023-06-14,São Tomé and Príncipe,Guinea-Bissau,1069,-3,1 - 0
2023-09-10,São Tomé and Príncipe,Nigeria,1067,-2,6 - 0
2023-11-17,São Tomé and Príncipe,Tunisia,1066,-1,4 - 0
2023-11-21,São Tomé and Príncipe,Namibia,1057,-9,2 - 0
2024-03-22,São Tomé and Príncipe,South Sudan,1062,5,1 - 1
2024-03-26,São Tomé and Príncipe,South Sudan,1067,5,0 - 0
2024-06-06,São Tomé and Príncipe,Malawi,1059,-8,3 - 1
2024-06-09,São Tomé and Príncipe,Liberia,1049,-10,1 - 0
2025-03-21,São Tomé and Príncipe,Equatorial Guinea,1047,-2,2 - 0
2025-03-24,São Tomé and Príncipe,Liberia,1041,-6,2 - 1
2025-09-04,São Tomé and Príncipe,Equatorial Guinea,1037,-3,3 - 2
2025-09-09,São Tomé and Príncipe,Namibia,1027,-10,3 - 0
2025-10-10,São Tomé and Príncipe,Tunisia,1026,-1,6 - 0
2025-10-13,São Tomé and Príncipe,Malawi,1058,32,1 - 0
2026-03-27,São Tomé and Príncipe,Ethiopia,1040,-16,3 - 0
2026-03-31,São Tomé and Príncipe,Ethiopia,1035,-5,1 - 0
2022-03-24,Tahiti,Solomon Islands,1162,-32,3 - 1
2022-03-27,Tahiti,New Zealand,1158,-4,1 - 0
2023-03-20,Tahiti,New Caledonia,1139,-19,0 - 2
2023-03-23,Tahiti,New Caledonia,1148,9,2 - 1
2023-11-21,Tahiti,Fiji,1154,3,0 - 0
2023-11-24,Tahiti,Northern Mariana Islands,1155,1,5 - 0
2023-11-27,Tahiti,Samoa,1158,3,2 - 1
2023-11-30,Tahiti,Papua New Guinea,1186,28,2 - 0
2024-06-16,Tahiti,Samoa,1191,5,2 - 0
2024-06-19,Tahiti,Papua New Guinea,1182,-9,1 - 1
2024-06-22,Tahiti,Fiji,1168,-14,1 - 0
2024-06-27,Tahiti,New Zealand,1158,-10,5 - 0
2024-06-30,Tahiti,Fiji,1188,30,2 - 1
2024-10-11,Tahiti,New Zealand,1181,-7,3 - 0
2024-11-15,Tahiti,Samoa,1186,5,3 - 0
2024-11-18,Tahiti,Vanuatu,1208,22,2 - 0
2025-03-21,Tahiti,New Caledonia,1179,-29,3 - 0
2021-06-03,Taiwan,Nepal,909,-33,2 - 0
2021-06-07,Taiwan,Australia,908,-1,5 - 1
2021-06-15,Taiwan,Kuwait,907,-1,2 - 1
2021-10-07,Taiwan,Indonesia,897,-10,2 - 1
2021-10-11,Taiwan,Indonesia,881,-16,3 - 0
2022-12-14,Taiwan,Thailand,900,19,0 - 1
2023-06-16,Taiwan,Thailand,908,8,2 - 2
2023-06-19,Taiwan,Philippines,924,16,2 - 3
2023-09-12,Taiwan,Singapore,919,-5,3 - 1
2023-10-12,Taiwan,Timor-Leste,926,7,4 - 0
2023-10-17,Taiwan,Timor-Leste,932,6,3 - 0
2023-11-16,Taiwan,Oman,931,-1,3 - 0
2023-11-21,Taiwan,Malaysia,924,-7,0 - 1
2024-03-21,Taiwan,Kyrgyzstan,911,-13,0 - 2
2024-03-26,Taiwan,Kyrgyzstan,906,-5,5 - 1
2024-06-06,Taiwan,Oman,903,-3,0 - 3
2024-06-11,Taiwan,Malaysia,899,-4,3 - 1
2024-10-11,Taiwan,Cambodia,890,-9,3 - 2
2024-11-18,Taiwan,Singapore,907,17,2 - 3
2024-12-11,Taiwan,Mongolia,929,22,4 - 0
2024-12-14,Taiwan,Hong Kong,923,-6,2 - 1
2025-03-25,Taiwan,Turkmenistan,913,-10,1 - 2
2025-06-05,Taiwan,Macau,915,3,2 - 0
2025-06-10,Taiwan,Sri Lanka,879,-36,3 - 1
2025-09-05,Taiwan,Indonesia,879,-1,6 - 0
2025-10-09,Taiwan,Thailand,877,-2,2 - 0
2025-10-14,Taiwan,Thailand,870,-8,1 - 6
2025-11-18,Taiwan,Turkmenistan,866,-4,3 - 1
2026-03-31,Taiwan,Sri Lanka,822,-44,1 - 3
2021-06-07,Tajikistan,Japan,1249,-2,4 - 1
2021-06-15,Tajikistan,Myanmar,1265,16,4 - 0
2021-11-16,Tajikistan,Kazakhstan,1260,-5,1 - 0
2022-03-25,Tajikistan,Uganda,1268,8,1 - 1
2022-03-29,Tajikistan,Kyrgyzstan,1283,15,1 - 0
2022-06-01,Tajikistan,Syria,1278,-5,1 - 0
2022-06-08,Tajikistan,Myanmar,1289,11,4 - 0
2022-06-11,Tajikistan,Singapore,1300,11,1 - 0
2022-06-14,Tajikistan,Kyrgyzstan,1304,4,0 - 0
2022-09-22,Tajikistan,Trinidad and Tobago,1322,18,2 - 1
2022-09-25,Tajikistan,Malaysia,1317,-5,0 - 0
2022-11-17,Tajikistan,Russia,1325,8,0 - 0
2023-03-25,Tajikistan,United Arab Emirates,1331,6,0 - 0
2023-03-28,Tajikistan,Kuwait,1324,-7,2 - 1
2023-06-11,Tajikistan,Turkmenistan,1319,-5,1 - 1
2023-06-14,Tajikistan,Oman,1332,13,1 - 1
2023-06-17,Tajikistan,Uzbekistan,1325,-7,5 - 1
2023-09-08,Tajikistan,Singapore,1336,11,0 - 2
2023-10-17,Tajikistan,Malaysia,1363,27,0 - 2
2023-11-16,Tajikistan,Jordan,1368,5,1 - 1
2023-11-21,Tajikistan,Pakistan,1374,6,1 - 6
2024-01-04,Tajikistan,Hong Kong,1377,3,2 - 1
2024-01-13,Tajikistan,China,1381,4,0 - 0
2024-01-17,Tajikistan,Qatar,1372,-9,1 - 0
2024-01-22,Tajikistan,Lebanon,1392,20,2 - 1
2024-01-28,Tajikistan,United Arab Emirates,1400,8,1 - 1
2024-02-02,Tajikistan,Jordan,1385,-15,1 - 0
2024-03-21,Tajikistan,Saudi Arabia,1380,-5,1 - 0
2024-03-26,Tajikistan,Saudi Arabia,1388,8,1 - 1
2024-06-06,Tajikistan,Jordan,1378,-10,3 - 0
2024-06-11,Tajikistan,Pakistan,1380,2,3 - 0
2024-09-04,Tajikistan,Lebanon,1361,-19,1 - 0
2024-09-08,Tajikistan,Philippines,1350,-11,0 - 0
2024-10-11,Tajikistan,Syria,1339,-11,1 - 0
2024-10-14,Tajikistan,Philippines,1294,-45,3 - 0
2024-11-13,Tajikistan,Nepal,1297,3,4 - 0
2024-11-19,Tajikistan,Afghanistan,1304,7,3 - 1
2025-03-20,Tajikistan,Belarus,1287,-17,0 - 5
2025-03-25,Tajikistan,Timor-Leste,1288,1,1 - 0
2025-06-05,Tajikistan,Cambodia,1290,2,1 - 2
2025-06-10,Tajikistan,Philippines,1286,-4,2 - 2
2025-09-01,Tajikistan,Afghanistan,1263,9,2 - 0
2025-09-04,Tajikistan,Iran,1280,17,2 - 2
2025-10-09,Tajikistan,Maldives,1283,3,2 - 0
2025-10-14,Tajikistan,Maldives,1295,10,0 - 3
2025-11-18,Tajikistan,Timor-Leste,1297,2,5 - 0
2026-03-31,Tajikistan,Philippines,1285,-12,1 - 1
2026-06-05,Tajikistan,India,1291,6,3 - 1
2026-06-09,Tajikistan,India,1285,-6,1 - 1
2021-06-13,Tanzania,Malawi,1311,13,2 - 0
2021-09-02,Tanzania,DR Congo,1324,13,1 - 1
2021-09-07,Tanzania,Madagascar,1340,16,3 - 2
2021-10-07,Tanzania,Benin,1321,-19,0 - 1
2021-10-10,Tanzania,Benin,1354,33,0 - 1
2021-11-11,Tanzania,DR Congo,1320,-34,0 - 3
2021-11-14,Tanzania,Madagascar,1326,6,1 - 1
2021-12-09,Tanzania,Uganda,1312,-14,0 - 2
2022-03-23,Tanzania,Central African Republic,1326,14,3 - 1
2022-03-29,Tanzania,Sudan,1321,-5,1 - 1
2022-06-04,Tanzania,Niger,1316,-5,1 - 1
2022-06-08,Tanzania,Algeria,1306,-10,0 - 2
2022-09-24,Tanzania,Uganda,1326,20,1 - 0
2022-09-27,Tanzania,Libya,1315,-11,2 - 1
2023-03-24,Tanzania,Uganda,1339,24,1 - 0
2023-03-28,Tanzania,Uganda,1315,-24,0 - 1
2023-06-18,Tanzania,Niger,1326,11,1 - 0
2023-09-07,Tanzania,Algeria,1344,18,0 - 0
2023-10-15,Tanzania,Sudan,1342,-2,1 - 1
2023-11-18,Tanzania,Niger,1355,13,1 - 0
2023-11-21,Tanzania,Morocco,1349,-6,0 - 2
2023-12-27,Tanzania,Zanzibar,1351,2,0 - 0
2024-01-07,Tanzania,Egypt,1349,-2,2 - 0
2024-01-17,Tanzania,Morocco,1344,-5,3 - 0
2024-01-21,Tanzania,Zambia,1354,10,1 - 1
2024-01-24,Tanzania,DR Congo,1364,10,0 - 0
2024-03-22,Tanzania,Bulgaria,1353,-11,1 - 0
2024-03-25,Tanzania,Mongolia,1355,2,3 - 0
2024-05-15,Tanzania,Sudan,1344,-11,2 - 1
2024-05-19,Tanzania,Sudan,1343,-1,1 - 1
2024-06-02,Tanzania,Indonesia,1346,3,0 - 0
2024-06-11,Tanzania,Zambia,1378,32,0 - 1
2024-09-04,Tanzania,Ethiopia,1369,-9,0 - 0
2024-09-10,Tanzania,Guinea,1395,26,1 - 2
2024-10-10,Tanzania,DR Congo,1388,-7,1 - 0
2024-10-15,Tanzania,DR Congo,1366,-22,0 - 2
2024-11-16,Tanzania,Ethiopia,1387,21,2 - 0
2024-11-19,Tanzania,Guinea,1409,22,1 - 0
2025-03-25,Tanzania,Morocco,1406,-3,2 - 0
2025-06-06,Tanzania,South Africa,1410,6,0 - 0
2025-06-07,Tanzania,Madagascar,1384,-26,1 - 0
2025-06-11,Tanzania,Eswatini,1396,12,2 - 1
2025-09-05,Tanzania,Congo,1393,-4,1 - 1
2025-09-09,Tanzania,Niger,1364,-29,0 - 1
2025-10-08,Tanzania,Zambia,1339,-25,0 - 1
2025-10-14,Tanzania,Iran,1336,-2,2 - 0
2025-11-15,Tanzania,Kuwait,1325,-11,4 - 3
2025-12-23,Tanzania,Nigeria,1317,-8,2 - 1
2025-12-27,Tanzania,Uganda,1324,7,1 - 1
2025-12-30,Tanzania,Tunisia,1342,18,1 - 1
2026-01-04,Tanzania,Morocco,1340,-2,1 - 0
2026-03-26,Tanzania,Liechtenstein,1312,-28,1 - 0
2026-03-29,Tanzania,Macau,1313,1,6 - 0
2021-06-03,Thailand,Indonesia,1328,-12,2 - 2
2021-06-07,Thailand,United Arab Emirates,1315,-13,3 - 1
2021-06-15,Thailand,Malaysia,1287,-28,1 - 0
2021-12-05,Thailand,Timor-Leste,1288,1,2 - 0
2021-12-11,Thailand,Myanmar,1299,11,4 - 0
2021-12-14,Thailand,Philippines,1310,11,2 - 1
2021-12-18,Thailand,Singapore,1336,26,0 - 2
2021-12-23,Thailand,Vietnam,1369,33,2 - 0
2021-12-26,Thailand,Vietnam,1367,-2,0 - 0
2021-12-29,Thailand,Indonesia,1390,23,4 - 0
2022-01-01,Thailand,Indonesia,1380,-10,2 - 2
2022-03-24,Thailand,Nepal,1381,1,2 - 0
2022-03-27,Thailand,Suriname,1387,6,1 - 0
2022-05-24,Thailand,Bahrain,1403,16,3 - 1
2022-05-27,Thailand,Turkmenistan,1407,4,1 - 0
2022-05-31,Thailand,Bahrain,1397,-10,1 - 2
2022-06-08,Thailand,Maldives,1401,4,3 - 0
2022-06-11,Thailand,Sri Lanka,1402,1,2 - 0
2022-06-14,Thailand,Uzbekistan,1390,-12,2 - 0
2022-09-22,Thailand,Malaysia,1380,-10,1 - 1
2022-09-25,Thailand,Trinidad and Tobago,1390,10,2 - 1
2022-12-11,Thailand,Myanmar,1392,2,6 - 0
2022-12-14,Thailand,Taiwan,1373,-19,0 - 1
2022-12-20,Thailand,Brunei,1374,1,5 - 0
2022-12-26,Thailand,Philippines,1381,7,4 - 0
2022-12-29,Thailand,Indonesia,1381,0,1 - 1
2023-01-02,Thailand,Cambodia,1383,2,3 - 1
2023-01-07,Thailand,Malaysia,1360,-23,1 - 0
2023-01-10,Thailand,Malaysia,1377,17,3 - 0
2023-01-13,Thailand,Vietnam,1384,7,2 - 2
2023-01-16,Thailand,Vietnam,1400,16,1 - 0
2023-03-25,Thailand,Syria,1386,-14,3 - 1
2023-03-28,Thailand,United Arab Emirates,1377,-9,2 - 0
2023-06-16,Thailand,Taiwan,1369,-8,2 - 2
2023-06-19,Thailand,Hong Kong,1375,6,0 - 1
2023-09-07,Thailand,Lebanon,1383,8,2 - 1
2023-09-10,Thailand,Iraq,1388,5,2 - 2
2023-10-12,Thailand,Georgia,1382,-6,8 - 0
2023-10-17,Thailand,Estonia,1385,3,1 - 1
2023-11-16,Thailand,China,1363,-22,1 - 2
2023-11-21,Thailand,Singapore,1382,19,1 - 3
2024-01-01,Thailand,Japan,1381,-1,5 - 0
2024-01-16,Thailand,Kyrgyzstan,1407,26,2 - 0
2024-01-21,Thailand,Oman,1416,9,0 - 0
2024-01-25,Thailand,Saudi Arabia,1429,13,0 - 0
2024-01-30,Thailand,Uzbekistan,1418,-11,2 - 1
2024-03-21,Thailand,South Korea,1435,17,1 - 1
2024-03-26,Thailand,South Korea,1416,-19,0 - 3
2024-06-06,Thailand,China,1421,5,1 - 1
2024-06-11,Thailand,Singapore,1426,5,3 - 1
2024-09-10,Thailand,Vietnam,1438,12,1 - 2
2024-10-11,Thailand,Philippines,1440,2,3 - 1
2024-10-14,Thailand,Syria,1451,11,2 - 1
2024-11-14,Thailand,Lebanon,1445,-6,0 - 0
2024-11-17,Thailand,Laos,1435,-10,1 - 1
2024-12-08,Thailand,Timor-Leste,1436,1,10 - 0
2024-12-14,Thailand,Malaysia,1443,7,1 - 0
2024-12-17,Thailand,Singapore,1455,12,2 - 4
2024-12-20,Thailand,Cambodia,1456,1,3 - 2
2024-12-27,Thailand,Philippines,1423,-33,2 - 1
2024-12-30,Thailand,Philippines,1428,5,3 - 1
2025-01-02,Thailand,Vietnam,1407,-21,2 - 1
2025-01-05,Thailand,Vietnam,1377,-30,2 - 3
2025-03-21,Thailand,Afghanistan,1380,3,2 - 0
2025-03-25,Thailand,Sri Lanka,1381,1,1 - 0
2025-06-04,Thailand,India,1385,4,2 - 0
2025-06-10,Thailand,Turkmenistan,1349,-36,3 - 1
2025-09-04,Thailand,Fiji,1360,11,3 - 0
2025-09-07,Thailand,Iraq,1349,-11,0 - 1
2025-10-09,Thailand,Taiwan,1351,2,2 - 0
2025-10-14,Thailand,Taiwan,1361,8,1 - 6
2025-11-13,Thailand,Singapore,1363,2,3 - 2
2025-11-18,Thailand,Sri Lanka,1367,4,0 - 4
2026-03-31,Thailand,Turkmenistan,1376,8,2 - 1
2026-06-05,Thailand,Kuwait,1372,-4,2 - 2
2026-06-09,Thailand,China,1376,4,0 - 0
2021-12-05,Timor-Leste,Thailand,637,-1,2 - 0
2021-12-08,Timor-Leste,Myanmar,630,-7,2 - 0
2021-12-11,Timor-Leste,Philippines,625,-5,7 - 0
2021-12-14,Timor-Leste,Singapore,623,-2,2 - 0
2022-01-27,Timor-Leste,Indonesia,622,-1,4 - 1
2022-01-30,Timor-Leste,Indonesia,621,-1,3 - 0
2022-05-28,Timor-Leste,Nepal,628,7,2 - 2
2022-06-02,Timor-Leste,Cambodia,625,-3,2 - 1
2022-07-16,Timor-Leste,Philippines,623,-2,4 - 1
2022-11-05,Timor-Leste,Brunei,595,-28,6 - 2
2022-11-08,Timor-Leste,Brunei,623,28,0 - 1
2023-10-12,Timor-Leste,Taiwan,616,-7,4 - 0
2023-10-17,Timor-Leste,Taiwan,610,-6,3 - 0
2024-09-05,Timor-Leste,Mongolia,662,52,4 - 1
2024-09-10,Timor-Leste,Mongolia,646,-16,2 - 0
2024-10-08,Timor-Leste,Brunei,674,28,0 - 1
2024-10-15,Timor-Leste,Brunei,673,-1,0 - 0
2024-12-08,Timor-Leste,Thailand,672,-1,10 - 0
2024-12-11,Timor-Leste,Malaysia,671,-1,3 - 2
2024-12-14,Timor-Leste,Singapore,666,-5,3 - 0
2024-12-17,Timor-Leste,Cambodia,659,-7,2 - 1
2025-03-20,Timor-Leste,Lebanon,658,-1,4 - 0
2025-03-25,Timor-Leste,Tajikistan,657,-1,1 - 0
2025-06-10,Timor-Leste,Maldives,688,31,1 - 0
2025-10-09,Timor-Leste,Philippines,684,-5,4 - 1
2025-10-14,Timor-Leste,Philippines,684,-2,3 - 1
2025-11-18,Timor-Leste,Tajikistan,682,-2,5 - 0
2026-03-31,Timor-Leste,Maldives,673,-7,2 - 1
2026-06-02,Timor-Leste,Brunei,714,41,0 - 3
2026-06-09,Timor-Leste,Brunei,734,20,3 - 1
2021-06-05,Togo,Guinea,1299,22,2 - 0
2021-06-08,Togo,Gambia,1291,-8,1 - 0
2021-09-01,Togo,Senegal,1275,-3,2 - 0
2021-09-05,Togo,Namibia,1255,-20,0 - 1
2021-10-09,Togo,Congo,1255,0,1 - 1
2021-10-12,Togo,Congo,1285,30,1 - 2
2021-11-11,Togo,Senegal,1300,15,1 - 1
2021-11-15,Togo,Namibia,1325,25,0 - 1
2022-03-24,Togo,Sierra Leone,1344,19,3 - 0
2022-03-29,Togo,Benin,1347,3,1 - 1
2022-06-03,Togo,Eswatini,1338,-9,2 - 2
2022-06-07,Togo,Cabo Verde,1318,-20,2 - 0
2022-09-24,Togo,Côte d'Ivoire,1316,-2,2 - 1
2022-09-27,Togo,Equatorial Guinea,1319,3,2 - 2
2023-03-24,Togo,Burkina Faso,1313,-6,1 - 0
2023-03-28,Togo,Burkina Faso,1323,10,1 - 1
2023-06-14,Togo,Lesotho,1334,11,2 - 0
2023-06-18,Togo,Eswatini,1360,26,2 - 0
2023-09-10,Togo,Cabo Verde,1384,24,3 - 2
2023-11-16,Togo,Sudan,1378,-6,1 - 1
2023-11-21,Togo,Senegal,1391,13,0 - 0
2024-01-05,Togo,Algeria,1384,-7,0 - 3
2024-03-22,Togo,Niger,1390,6,2 - 1
2024-03-26,Togo,Libya,1391,1,1 - 1
2024-06-05,Togo,South Sudan,1376,-15,1 - 1
2024-06-09,Togo,DR Congo,1369,-7,1 - 0
2024-09-06,Togo,Liberia,1359,-10,1 - 1
2024-09-09,Togo,Equatorial Guinea,1372,13,2 - 2
2024-10-10,Togo,Algeria,1365,-7,5 - 1
2024-10-14,Togo,Algeria,1356,-9,0 - 1
2024-11-13,Togo,Liberia,1336,-20,1 - 0
2024-11-17,Togo,Equatorial Guinea,1382,46,3 - 0
2025-03-22,Togo,Mauritania,1376,-6,2 - 2
2025-03-25,Togo,Senegal,1372,-4,2 - 0
2025-09-05,Togo,Mauritania,1345,-25,2 - 0
2025-09-09,Togo,Sudan,1362,17,1 - 0
2025-10-10,Togo,DR Congo,1348,-14,0 - 1
2025-10-13,Togo,South Sudan,1342,-6,0 - 0
2026-03-27,Togo,Guinea,1347,4,2 - 2
2026-03-31,Togo,Niger,1359,12,1 - 0
2026-06-05,Togo,Central African Republic,1356,-3,1 - 1
2026-06-09,Togo,Benin,1379,23,5 - 1
2023-11-18,Tonga,New Caledonia,526,-2,7 - 0
2023-11-21,Tonga,Cook Islands,514,-12,2 - 1
2023-11-30,Tonga,American Samoa,525,28,6 - 2
2024-09-06,Tonga,Cook Islands,527,46,3 - 1
2024-09-09,Tonga,Samoa,521,-6,2 - 1
2021-06-05,Trinidad and Tobago,Bahamas,1336,-16,0 - 0
2021-06-08,Trinidad and Tobago,St Kitts and Nevis,1359,23,2 - 0
2021-07-02,Trinidad and Tobago,Montserrat,1366,7,6 - 1
2021-07-06,Trinidad and Tobago,French Guiana,1360,-6,1 - 1
2021-07-10,Trinidad and Tobago,Mexico,1383,23,0 - 0
2021-07-14,Trinidad and Tobago,El Salvador,1361,-22,2 - 0
2021-07-18,Trinidad and Tobago,Guatemala,1368,7,1 - 1
2022-01-21,Trinidad and Tobago,Bolivia,1365,-3,5 - 0
2022-03-25,Trinidad and Tobago,Barbados,1372,7,9 - 0
2022-03-29,Trinidad and Tobago,Guyana,1361,-11,1 - 1
2022-05-30,Trinidad and Tobago,St Lucia,1363,2,1 - 0
2022-06-03,Trinidad and Tobago,Nicaragua,1341,-22,2 - 1
2022-06-06,Trinidad and Tobago,Bahamas,1342,1,1 - 0
2022-06-10,Trinidad and Tobago,St Vincent,1360,18,0 - 2
2022-06-13,Trinidad and Tobago,St Vincent,1367,7,4 - 1
2022-09-22,Trinidad and Tobago,Tajikistan,1349,-18,2 - 1
2022-09-25,Trinidad and Tobago,Thailand,1339,-10,2 - 1
2023-01-29,Trinidad and Tobago,St Martin,1340,1,2 - 0
2023-03-11,Trinidad and Tobago,Jamaica,1357,17,0 - 1
2023-03-14,Trinidad and Tobago,Jamaica,1364,7,0 - 0
2023-03-24,Trinidad and Tobago,Bahamas,1370,6,0 - 3
2023-03-27,Trinidad and Tobago,Nicaragua,1360,-10,1 - 1
2023-06-11,Trinidad and Tobago,Guatemala,1373,13,1 - 0
2023-06-20,Trinidad and Tobago,Haiti,1378,5,0 - 0
2023-06-25,Trinidad and Tobago,St Kitts and Nevis,1402,24,3 - 0
2023-06-28,Trinidad and Tobago,Jamaica,1376,-26,4 - 1
2023-07-02,Trinidad and Tobago,USA,1372,-4,6 - 0
2023-09-07,Trinidad and Tobago,Curaçao,1385,13,1 - 0
2023-09-10,Trinidad and Tobago,El Salvador,1414,29,2 - 3
2023-10-13,Trinidad and Tobago,Guatemala,1434,20,3 - 2
2023-10-17,Trinidad and Tobago,Curaçao,1402,-32,5 - 3
2023-11-16,Trinidad and Tobago,USA,1398,-4,3 - 0
2023-11-20,Trinidad and Tobago,USA,1432,34,2 - 1
2024-03-01,Trinidad and Tobago,Jamaica,1424,-8,0 - 1
2024-03-03,Trinidad and Tobago,Jamaica,1427,3,0 - 0
2024-03-23,Trinidad and Tobago,Canada,1417,-10,2 - 0
2024-05-13,Trinidad and Tobago,Guyana,1421,4,2 - 1
2024-05-15,Trinidad and Tobago,Guyana,1427,6,2 - 0
2024-06-05,Trinidad and Tobago,Grenada,1410,-17,2 - 2
2024-06-08,Trinidad and Tobago,Bahamas,1413,3,7 - 1
2024-09-06,Trinidad and Tobago,Honduras,1395,-18,4 - 0
2024-09-10,Trinidad and Tobago,French Guiana,1383,-12,0 - 0
2024-10-10,Trinidad and Tobago,Cuba,1384,1,2 - 2
2024-10-14,Trinidad and Tobago,Cuba,1400,16,3 - 1
2024-12-17,Trinidad and Tobago,Saudi Arabia,1394,-6,3 - 1
2025-02-06,Trinidad and Tobago,Jamaica,1391,-3,1 - 0
2025-02-09,Trinidad and Tobago,Jamaica,1398,7,1 - 1
2025-03-21,Trinidad and Tobago,Cuba,1417,19,1 - 2
2025-03-25,Trinidad and Tobago,Cuba,1431,14,4 - 0
2025-05-27,Trinidad and Tobago,Jamaica,1421,-10,3 - 2
2025-05-31,Trinidad and Tobago,Ghana,1396,-25,4 - 0
2025-06-06,Trinidad and Tobago,St Kitts and Nevis,1400,6,6 - 2
2025-06-10,Trinidad and Tobago,Costa Rica,1395,-5,2 - 1
2025-06-15,Trinidad and Tobago,USA,1386,-9,5 - 0
2025-06-19,Trinidad and Tobago,Haiti,1393,7,1 - 1
2025-06-22,Trinidad and Tobago,Saudi Arabia,1406,13,1 - 1
2025-09-05,Trinidad and Tobago,Curaçao,1401,-6,0 - 0
2025-09-09,Trinidad and Tobago,Jamaica,1390,-11,2 - 0
2025-10-10,Trinidad and Tobago,Bermuda,1412,22,0 - 3
2025-10-14,Trinidad and Tobago,Curaçao,1418,7,1 - 1
2025-11-13,Trinidad and Tobago,Jamaica,1419,1,1 - 1
2025-11-18,Trinidad and Tobago,Bermuda,1402,-17,2 - 2
2026-03-15,Trinidad and Tobago,Bolivia,1399,-4,3 - 0
2026-03-27,Trinidad and Tobago,Venezuela,1392,-7,4 - 1
2026-03-30,Trinidad and Tobago,Gabon,1392,0,2 - 2
2026-05-30,Trinidad and Tobago,South Korea,1388,-4,5 - 0
2026-06-09,Trinidad and Tobago,Russia,1386,-2,3 - 0
2021-06-05,Tunisia,DR Congo,1650,4,1 - 0
2021-06-11,Tunisia,Algeria,1635,-15,0 - 2
2021-06-15,Tunisia,Mali,1640,5,1 - 0
2021-09-03,Tunisia,Equatorial Guinea,1647,7,3 - 0
2021-09-07,Tunisia,Zambia,1670,23,0 - 2
2021-10-07,Tunisia,Mauritania,1676,6,3 - 0
2021-10-10,Tunisia,Mauritania,1665,-11,0 - 0
2021-11-13,Tunisia,Equatorial Guinea,1636,-29,1 - 0
2021-11-16,Tunisia,Zambia,1645,9,3 - 1
2021-11-30,Tunisia,Mauritania,1656,11,5 - 1
2021-12-03,Tunisia,Syria,1608,-48,2 - 0
2021-12-06,Tunisia,United Arab Emirates,1623,15,1 - 0
2021-12-10,Tunisia,Oman,1638,15,2 - 1
2021-12-15,Tunisia,Egypt,1660,22,1 - 0
2021-12-18,Tunisia,Algeria,1640,-20,2 - 0
2022-01-12,Tunisia,Mali,1613,-27,1 - 0
2022-01-16,Tunisia,Mauritania,1628,15,4 - 0
2022-01-20,Tunisia,Gambia,1588,-40,1 - 0
2022-01-23,Tunisia,Nigeria,1620,32,1 - 0
2022-01-29,Tunisia,Burkina Faso,1590,-30,1 - 0
2022-03-25,Tunisia,Mali,1618,28,0 - 1
2022-03-29,Tunisia,Mali,1612,-6,0 - 0
2022-06-02,Tunisia,Equatorial Guinea,1625,13,4 - 0
2022-06-05,Tunisia,Botswana,1613,-12,0 - 0
2022-06-10,Tunisia,Chile,1644,31,2 - 0
2022-06-14,Tunisia,Japan,1687,43,0 - 3
2022-09-22,Tunisia,Comoros,1689,2,1 - 0
2022-09-27,Tunisia,Brazil,1687,-2,5 - 1
2022-11-16,Tunisia,Iran,1707,20,2 - 0
2022-11-22,Tunisia,Denmark,1726,19,0 - 0
2022-11-26,Tunisia,Australia,1694,-32,1 - 0
2022-11-30,Tunisia,France,1747,53,1 - 0
2023-03-24,Tunisia,Libya,1751,4,3 - 0
2023-03-28,Tunisia,Libya,1757,6,0 - 1
2023-06-17,Tunisia,Equatorial Guinea,1727,-30,1 - 0
2023-06-20,Tunisia,Algeria,1730,3,1 - 1
2023-09-07,Tunisia,Botswana,1734,4,3 - 0
2023-09-12,Tunisia,Egypt,1751,17,1 - 3
2023-10-13,Tunisia,South Korea,1738,-13,4 - 0
2023-10-17,Tunisia,Japan,1732,-6,2 - 0
2023-11-17,Tunisia,São Tomé and Príncipe,1733,1,4 - 0
2023-11-21,Tunisia,Malawi,1740,7,0 - 1
2024-01-06,Tunisia,Mauritania,1731,-9,0 - 0
2024-01-10,Tunisia,Cabo Verde,1735,4,2 - 0
2024-01-16,Tunisia,Namibia,1691,-44,1 - 0
2024-01-20,Tunisia,Mali,1688,-3,1 - 1
2024-01-24,Tunisia,South Africa,1676,-12,0 - 0
2024-03-23,Tunisia,Croatia,1686,10,0 - 0
2024-03-26,Tunisia,New Zealand,1679,-7,0 - 0
2024-06-05,Tunisia,Equatorial Guinea,1688,9,1 - 0
2024-06-09,Tunisia,Namibia,1673,-15,0 - 0
2024-09-05,Tunisia,Madagascar,1676,3,1 - 0
2024-09-08,Tunisia,Gambia,1681,5,1 - 2
2024-10-11,Tunisia,Comoros,1644,-37,0 - 1
2024-10-15,Tunisia,Comoros,1631,-13,1 - 1
2024-11-14,Tunisia,Madagascar,1636,5,3 - 2
2024-11-18,Tunisia,Gambia,1600,-36,0 - 1
2025-03-19,Tunisia,Liberia,1608,8,0 - 1
2025-03-24,Tunisia,Malawi,1613,5,2 - 0
2025-06-02,Tunisia,Burkina Faso,1618,7,2 - 0
2025-06-06,Tunisia,Morocco,1613,-5,2 - 0
2025-09-04,Tunisia,Liberia,1618,5,3 - 0
2025-09-08,Tunisia,Equatorial Guinea,1636,18,0 - 1
2025-10-10,Tunisia,São Tomé and Príncipe,1637,1,6 - 0
2025-10-13,Tunisia,Namibia,1643,6,3 - 0
2025-11-12,Tunisia,Mauritania,1635,-8,1 - 1
2025-11-14,Tunisia,Jordan,1642,7,3 - 2
2025-11-18,Tunisia,Brazil,1650,8,1 - 1
2025-12-01,Tunisia,Syria,1620,-30,1 - 0
2025-12-04,Tunisia,Palestine,1612,-8,2 - 2
2025-12-07,Tunisia,Qatar,1641,29,0 - 3
2025-12-18,Tunisia,Botswana,1643,2,2 - 1
2025-12-23,Tunisia,Uganda,1660,17,3 - 1
2025-12-27,Tunisia,Nigeria,1633,-27,3 - 2
2025-12-30,Tunisia,Tanzania,1615,-18,1 - 1
2026-01-03,Tunisia,Mali,1614,-1,1 - 1
2026-03-28,Tunisia,Haiti,1626,12,1 - 0
2026-03-31,Tunisia,Canada,1636,10,0 - 0
2026-06-01,Tunisia,Austria,1633,-3,1 - 0
2026-06-06,Tunisia,Belgium,1628,-5,5 - 0
2021-06-03,Turkey,Moldova,1801,1,2 - 0
2021-06-11,Turkey,Italy,1789,-12,3 - 0
2021-06-16,Turkey,Wales,1757,-32,2 - 0
2021-06-20,Turkey,Switzerland,1731,-26,3 - 1
2021-09-01,Turkey,Montenegro,1717,-14,2 - 2
2021-09-04,Turkey,Gibraltar,1720,3,0 - 3
2021-09-07,Turkey,Netherlands,1708,-12,6 - 1
2021-10-08,Turkey,Norway,1705,-3,1 - 1
2021-10-11,Turkey,Latvia,1711,6,1 - 2
2021-11-13,Turkey,Gibraltar,1712,1,6 - 0
2021-11-16,Turkey,Montenegro,1727,15,1 - 2
2022-03-24,Turkey,Portugal,1720,-7,3 - 1
2022-03-29,Turkey,Italy,1715,-5,2 - 3
2022-06-04,Turkey,Faroe Islands,1718,3,4 - 0
2022-06-07,Turkey,Lithuania,1729,11,0 - 6
2022-06-11,Turkey,Luxembourg,1744,15,0 - 2
2022-06-14,Turkey,Lithuania,1746,2,2 - 0
2022-09-22,Turkey,Luxembourg,1729,-17,3 - 3
2022-09-25,Turkey,Faroe Islands,1693,-36,2 - 1
2022-11-16,Turkey,Scotland,1702,9,2 - 1
2022-11-19,Turkey,Czech Republic,1712,10,2 - 1
2023-03-25,Turkey,Armenia,1723,11,1 - 2
2023-03-28,Turkey,Croatia,1702,-21,0 - 2
2023-06-16,Turkey,Latvia,1710,8,2 - 3
2023-06-19,Turkey,Wales,1729,19,2 - 0
2023-09-08,Turkey,Armenia,1714,-15,1 - 1
2023-09-12,Turkey,Japan,1706,-8,4 - 2
2023-10-12,Turkey,Croatia,1743,37,0 - 1
2023-10-15,Turkey,Latvia,1747,4,4 - 0
2023-11-18,Turkey,Germany,1764,17,2 - 3
2023-11-21,Turkey,Wales,1766,2,1 - 1
2024-03-22,Turkey,Hungary,1760,-6,1 - 0
2024-03-26,Turkey,Austria,1750,-10,6 - 1
2024-06-04,Turkey,Italy,1757,7,0 - 0
2024-06-10,Turkey,Poland,1749,-8,2 - 1
2024-06-18,Turkey,Georgia,1778,29,3 - 1
2024-06-22,Turkey,Portugal,1760,-18,3 - 0
2024-06-26,Turkey,Czech Republic,1785,25,2 - 1
2024-07-02,Turkey,Austria,1819,34,2 - 1
2024-07-06,Turkey,Netherlands,1805,-14,2 - 1
2024-09-06,Turkey,Wales,1804,-1,0 - 0
2024-09-09,Turkey,Iceland,1812,8,3 - 1
2024-10-11,Turkey,Montenegro,1816,4,1 - 0
2024-10-14,Turkey,Iceland,1835,19,2 - 4
2024-11-16,Turkey,Wales,1823,-12,0 - 0
2024-11-19,Turkey,Montenegro,1774,-49,3 - 1
2025-03-20,Turkey,Hungary,1796,22,3 - 1
2025-03-23,Turkey,Hungary,1837,41,0 - 3
2025-06-07,Turkey,USA,1847,10,1 - 2
2025-06-10,Turkey,Mexico,1836,-11,1 - 0
2025-09-04,Turkey,Georgia,1855,19,2 - 3
2025-09-07,Turkey,Spain,1835,-20,0 - 6
2025-10-11,Turkey,Bulgaria,1847,12,1 - 6
2025-10-14,Turkey,Georgia,1860,13,4 - 1
2025-11-15,Turkey,Bulgaria,1863,3,2 - 0
2025-11-18,Turkey,Spain,1880,17,2 - 2
2026-03-26,Turkey,Romania,1886,5,1 - 0
2026-03-31,Turkey,Kosovo,1903,17,0 - 1
2026-06-01,Turkey,North Macedonia,1906,3,4 - 0
2026-06-06,Turkey,Venezuela,1911,5,2 - 1
2021-06-05,Turkmenistan,South Korea,1261,-3,5 - 0
2021-06-09,Turkmenistan,Lebanon,1288,27,3 - 2
2022-05-27,Turkmenistan,Thailand,1284,-4,1 - 0
2022-06-08,Turkmenistan,Malaysia,1252,-32,3 - 1
2022-06-11,Turkmenistan,Bangladesh,1256,4,2 - 1
2022-06-14,Turkmenistan,Bahrain,1249,-7,1 - 0
2023-03-23,Turkmenistan,Malaysia,1242,-7,1 - 0
2023-06-11,Turkmenistan,Tajikistan,1247,5,1 - 1
2023-06-14,Turkmenistan,Uzbekistan,1243,-4,2 - 0
2023-06-17,Turkmenistan,Oman,1235,-8,2 - 0
2023-09-08,Turkmenistan,Indonesia,1226,-9,2 - 0
2023-09-12,Turkmenistan,Bahrain,1232,6,1 - 1
2023-11-16,Turkmenistan,Uzbekistan,1223,-9,1 - 3
2023-11-21,Turkmenistan,Hong Kong,1220,-3,2 - 2
2024-03-14,Turkmenistan,Kazakhstan,1215,-5,2 - 0
2024-03-21,Turkmenistan,Iran,1214,-1,5 - 0
2024-03-26,Turkmenistan,Iran,1212,-2,0 - 1
2024-06-01,Turkmenistan,Greenland,1219,7,5 - 0
2024-06-06,Turkmenistan,Uzbekistan,1217,-2,3 - 1
2024-06-11,Turkmenistan,Hong Kong,1204,-13,0 - 0
2025-03-25,Turkmenistan,Taiwan,1214,10,1 - 2
2025-06-10,Turkmenistan,Thailand,1250,36,3 - 1
2025-09-02,Turkmenistan,Uzbekistan,1253,-2,2 - 1
2025-09-05,Turkmenistan,Oman,1246,-7,2 - 1
2025-10-09,Turkmenistan,Sri Lanka,1210,-36,1 - 0
2025-10-14,Turkmenistan,Sri Lanka,1213,2,2 - 1
2025-11-18,Turkmenistan,Taiwan,1217,4,3 - 1
2026-03-31,Turkmenistan,Thailand,1209,-8,2 - 1
2021-06-05,Turks and Caicos Islands,Haiti,777,-2,0 - 10
2022-05-12,Turks and Caicos Islands,Bahamas,769,-8,4 - 2
2022-05-14,Turks and Caicos Islands,Bahamas,784,15,1 - 2
2022-06-03,Turks and Caicos Islands,Bonaire,756,-28,1 - 4
2022-06-06,Turks and Caicos Islands,United States Virgin Islands,737,-19,3 - 2
2022-06-11,Turks and Caicos Islands,Sint Maarten,699,-38,8 - 2
2022-06-14,Turks and Caicos Islands,Sint Maarten,730,31,2 - 0
2023-03-03,Turks and Caicos Islands,Bahamas,746,16,1 - 2
2023-03-04,Turks and Caicos Islands,Bahamas,739,-7,2 - 0
2023-03-25,Turks and Caicos Islands,United States Virgin Islands,750,11,1 - 0
2023-03-28,Turks and Caicos Islands,Bonaire,783,33,1 - 2
2023-09-09,Turks and Caicos Islands,British Virgin Islands,747,-36,3 - 1
2023-09-12,Turks and Caicos Islands,Dominica,724,-23,0 - 3
2023-10-16,Turks and Caicos Islands,British Virgin Islands,715,-9,2 - 2
2023-11-20,Turks and Caicos Islands,Dominica,705,-10,2 - 0
2024-03-22,Turks and Caicos Islands,Anguilla,702,-3,0 - 0
2024-03-26,Turks and Caicos Islands,Anguilla,690,-12,1 - 1
2024-09-04,Turks and Caicos Islands,Anguilla,645,-45,0 - 2
2024-09-07,Turks and Caicos Islands,Belize,633,-12,0 - 4
2024-10-12,Turks and Caicos Islands,Anguilla,654,21,2 - 1
2024-10-15,Turks and Caicos Islands,Belize,650,-4,3 - 0
2023-11-20,Tuvalu,Vanuatu,729,-9,6 - 0
2023-11-27,Tuvalu,Tonga,746,17,4 - 0
2023-11-30,Tuvalu,Northern Mariana Islands,756,10,4 - 1
2021-06-03,USA,Honduras,1769,7,1 - 0
2021-06-06,USA,Mexico,1792,23,3 - 2
2021-06-09,USA,Costa Rica,1799,7,4 - 0
2021-07-11,USA,Haiti,1805,6,1 - 0
2021-07-15,USA,Martinique,1811,6,6 - 1
2021-07-18,USA,Canada,1823,12,1 - 0
2021-07-25,USA,Jamaica,1829,6,1 - 0
2021-07-29,USA,Qatar,1840,11,1 - 0
2021-09-02,USA,El Salvador,1852,-11,0 - 0
2021-09-05,USA,Canada,1840,-12,1 - 1
2021-09-08,USA,Honduras,1862,22,1 - 4
2021-10-07,USA,Jamaica,1867,5,2 - 0
2021-10-10,USA,Panama,1837,-30,1 - 0
2021-10-13,USA,Costa Rica,1843,6,2 - 1
2021-11-12,USA,Mexico,1868,25,2 - 0
2021-11-16,USA,Jamaica,1858,-10,1 - 1
2021-12-18,USA,Bosnia and Herzegovina,1860,2,1 - 0
2022-01-27,USA,El Salvador,1863,3,1 - 0
2022-01-30,USA,Canada,1836,-27,2 - 0
2022-02-02,USA,Honduras,1840,4,3 - 0
2022-03-24,USA,Mexico,1846,6,0 - 0
2022-03-27,USA,Panama,1856,10,5 - 1
2022-03-30,USA,Costa Rica,1822,-34,2 - 0
2022-06-01,USA,Morocco,1831,9,3 - 0
2022-06-05,USA,Uruguay,1831,0,0 - 0
2022-06-10,USA,Grenada,1832,1,5 - 0
2022-06-14,USA,El Salvador,1820,-12,1 - 1
2022-09-23,USA,Japan,1803,-17,2 - 0
2022-09-27,USA,Saudi Arabia,1798,-5,0 - 0
2022-11-21,USA,Wales,1797,-1,1 - 1
2022-11-25,USA,England,1810,13,0 - 0
2022-11-29,USA,Iran,1840,30,1 - 0
2022-12-03,USA,Netherlands,1819,-21,3 - 1
2023-01-25,USA,Serbia,1807,-12,1 - 2
2023-01-28,USA,Colombia,1807,0,0 - 0
2023-03-24,USA,Grenada,1810,3,1 - 7
2023-03-27,USA,El Salvador,1813,3,1 - 0
2023-04-19,USA,Mexico,1810,-3,1 - 1
2023-06-15,USA,Mexico,1835,25,3 - 0
2023-06-18,USA,Canada,1851,16,2 - 0
2023-06-24,USA,Jamaica,1830,-21,1 - 1
2023-06-28,USA,St Kitts and Nevis,1831,1,6 - 0
2023-07-02,USA,Trinidad and Tobago,1835,4,6 - 0
2023-07-09,USA,Canada,1821,-14,2 - 2
2023-07-12,USA,Panama,1807,-14,1 - 1
2023-09-09,USA,Uzbekistan,1812,5,3 - 0
2023-09-12,USA,Oman,1817,5,4 - 0
2023-10-14,USA,Germany,1801,-16,1 - 3
2023-10-17,USA,Ghana,1806,5,4 - 0
2023-11-16,USA,Trinidad and Tobago,1810,4,3 - 0
2023-11-20,USA,Trinidad and Tobago,1776,-34,2 - 1
2024-01-20,USA,Slovenia,1762,-14,0 - 1
2024-03-21,USA,Jamaica,1774,12,3 - 1
2024-03-24,USA,Mexico,1800,26,2 - 0
2024-06-08,USA,Colombia,1786,-14,1 - 5
2024-06-12,USA,Brazil,1790,4,1 - 1
2024-06-23,USA,Bolivia,1801,11,2 - 0
2024-06-27,USA,Panama,1762,-39,1 - 2
2024-07-01,USA,Uruguay,1747,-15,0 - 1
2024-09-07,USA,Canada,1734,-13,1 - 2
2024-09-10,USA,New Zealand,1727,-7,1 - 1
2024-10-12,USA,Panama,1738,11,2 - 0
2024-10-15,USA,Mexico,1729,-9,2 - 0
2024-11-14,USA,Jamaica,1748,19,0 - 1
2024-11-18,USA,Jamaica,1759,11,4 - 2
2025-01-18,USA,Venezuela,1769,10,3 - 1
2025-01-22,USA,Costa Rica,1777,8,3 - 0
2025-03-20,USA,Panama,1748,-29,0 - 1
2025-03-23,USA,Canada,1723,-25,1 - 2
2025-06-07,USA,Turkey,1712,-10,1 - 2
2025-06-10,USA,Switzerland,1694,-18,0 - 4
2025-06-15,USA,Trinidad and Tobago,1703,9,5 - 0
2025-06-19,USA,Saudi Arabia,1715,12,1 - 0
2025-06-22,USA,Haiti,1721,6,2 - 1
2025-06-29,USA,Costa Rica,1712,-9,2 - 2
2025-07-02,USA,Guatemala,1720,8,2 - 1
2025-07-06,USA,Mexico,1696,-24,1 - 2
2025-09-06,USA,South Korea,1679,-17,0 - 2
2025-09-09,USA,Japan,1698,19,2 - 0
2025-10-10,USA,Ecuador,1702,4,1 - 1
2025-10-14,USA,Australia,1712,10,2 - 1
2025-11-15,USA,Paraguay,1723,11,2 - 1
2025-11-18,USA,Uruguay,1747,24,5 - 1
2026-03-28,USA,Belgium,1730,-17,2 - 5
2026-03-31,USA,Portugal,1721,-9,0 - 2
2026-05-31,USA,Senegal,1733,12,3 - 2
2026-06-06,USA,Germany,1726,-7,1 - 2
2021-06-10,Uganda,South Africa,1453,-7,3 - 2
2021-09-02,Uganda,Kenya,1445,3,0 - 0
2021-09-06,Uganda,Mali,1446,1,0 - 0
2021-10-07,Uganda,Rwanda,1464,18,0 - 1
2021-10-10,Uganda,Rwanda,1471,7,1 - 0
2021-11-11,Uganda,Kenya,1460,-11,1 - 1
2021-11-14,Uganda,Mali,1448,-12,1 - 0
2021-12-09,Uganda,Tanzania,1462,14,0 - 2
2022-01-12,Uganda,Iceland,1464,2,1 - 1
2022-01-18,Uganda,Moldova,1467,3,3 - 2
2022-01-21,Uganda,Iraq,1462,-5,1 - 0
2022-01-27,Uganda,Bahrain,1453,-9,3 - 1
2022-03-25,Uganda,Tajikistan,1445,-8,1 - 1
2022-03-29,Uganda,Uzbekistan,1433,-12,4 - 2
2022-06-04,Uganda,Algeria,1426,-7,2 - 0
2022-06-08,Uganda,Niger,1413,-13,1 - 1
2022-09-21,Uganda,Libya,1414,1,0 - 0
2022-09-24,Uganda,Tanzania,1394,-20,1 - 0
2023-03-24,Uganda,Tanzania,1370,-24,1 - 0
2023-03-28,Uganda,Tanzania,1394,24,0 - 1
2023-06-11,Uganda,Central African Republic,1392,-2,1 - 1
2023-06-14,Uganda,DR Congo,1384,-8,1 - 0
2023-06-18,Uganda,Algeria,1379,-5,2 - 1
2023-09-07,Uganda,Niger,1397,18,0 - 2
2023-10-13,Uganda,Mali,1394,-3,1 - 0
2023-10-17,Uganda,Zambia,1382,-12,3 - 0
2023-11-17,Uganda,Guinea,1365,-17,2 - 1
2023-11-21,Uganda,Somalia,1368,3,1 - 0
2024-01-19,Uganda,Kuwait,1383,15,2 - 0
2024-03-22,Uganda,Comoros,1359,-24,4 - 0
2024-03-26,Uganda,Ghana,1363,4,2 - 2
2024-06-07,Uganda,Botswana,1376,13,1 - 0
2024-06-10,Uganda,Algeria,1364,-12,1 - 2
2024-09-06,Uganda,South Africa,1378,14,2 - 2
2024-09-09,Uganda,Congo,1392,14,2 - 0
2024-10-11,Uganda,South Sudan,1396,4,1 - 0
2024-10-15,Uganda,South Sudan,1406,10,1 - 2
2024-11-15,Uganda,South Africa,1380,-26,0 - 2
2024-11-19,Uganda,Congo,1398,18,0 - 1
2025-03-20,Uganda,Mozambique,1372,-26,3 - 1
2025-03-25,Uganda,Guinea,1392,20,1 - 0
2025-06-06,Uganda,Cameroon,1383,-8,3 - 0
2025-06-09,Uganda,Gambia,1383,0,1 - 1
2025-09-05,Uganda,Mozambique,1415,32,4 - 0
2025-09-08,Uganda,Somalia,1417,2,2 - 0
2025-10-09,Uganda,Botswana,1438,21,0 - 1
2025-10-14,Uganda,Algeria,1432,-4,2 - 1
2025-11-14,Uganda,Chad,1435,3,2 - 1
2025-11-18,Uganda,Morocco,1433,-2,4 - 0
2025-12-23,Uganda,Tunisia,1416,-17,3 - 1
2025-12-27,Uganda,Tanzania,1409,-7,1 - 1
2025-12-30,Uganda,Nigeria,1394,-15,3 - 1
2021-06-03,Ukraine,Northern Ireland,1812,2,1 - 0
2021-06-07,Ukraine,Cyprus,1814,2,4 - 0
2021-06-13,Ukraine,Netherlands,1804,-10,3 - 2
2021-06-17,Ukraine,North Macedonia,1815,11,2 - 1
2021-06-21,Ukraine,Austria,1786,-29,1 - 0
2021-06-29,Ukraine,Sweden,1819,33,2 - 1
2021-07-03,Ukraine,England,1795,-24,4 - 0
2021-09-01,Ukraine,Kazakhstan,1780,-15,2 - 2
2021-09-04,Ukraine,France,1789,9,1 - 1
2021-09-08,Ukraine,Czech Republic,1793,4,1 - 1
2021-10-09,Ukraine,Finland,1814,21,1 - 2
2021-10-12,Ukraine,Bosnia and Herzegovina,1801,-13,1 - 1
2021-11-11,Ukraine,Bulgaria,1793,-8,1 - 1
2021-11-16,Ukraine,Bosnia and Herzegovina,1817,24,0 - 2
2022-06-01,Ukraine,Scotland,1848,31,1 - 3
2022-06-05,Ukraine,Wales,1832,-16,1 - 0
2022-06-08,Ukraine,Republic of Ireland,1848,16,0 - 1
2022-06-11,Ukraine,Armenia,1857,9,3 - 0
2022-06-14,Ukraine,Republic of Ireland,1848,-9,1 - 1
2022-09-21,Ukraine,Scotland,1809,-39,3 - 0
2022-09-24,Ukraine,Armenia,1826,17,0 - 5
2022-09-27,Ukraine,Scotland,1822,-4,0 - 0
2023-03-26,Ukraine,England,1812,-10,2 - 0
2023-06-12,Ukraine,Germany,1818,6,3 - 3
2023-06-16,Ukraine,North Macedonia,1829,11,2 - 3
2023-06-19,Ukraine,Malta,1831,2,1 - 0
2023-09-09,Ukraine,England,1840,9,1 - 1
2023-09-12,Ukraine,Italy,1831,-9,2 - 1
2023-10-14,Ukraine,North Macedonia,1841,10,2 - 0
2023-10-17,Ukraine,Malta,1844,3,1 - 3
2023-11-20,Ukraine,Italy,1850,6,0 - 0
2024-03-21,Ukraine,Bosnia and Herzegovina,1857,7,1 - 2
2024-03-26,Ukraine,Iceland,1863,6,2 - 1
2024-06-03,Ukraine,Germany,1867,4,0 - 0
2024-06-07,Ukraine,Poland,1850,-17,3 - 1
2024-06-11,Ukraine,Moldova,1853,3,0 - 4
2024-06-17,Ukraine,Romania,1786,-67,3 - 0
2024-06-21,Ukraine,Slovakia,1806,20,2 - 1
2024-06-26,Ukraine,Belgium,1816,10,0 - 0
2024-09-07,Ukraine,Albania,1786,-30,2 - 1
2024-09-10,Ukraine,Czech Republic,1767,-19,3 - 2
2024-10-11,Ukraine,Georgia,1786,19,1 - 0
2024-10-14,Ukraine,Czech Republic,1783,-3,1 - 1
2024-11-16,Ukraine,Georgia,1784,1,1 - 1
2024-11-19,Ukraine,Albania,1802,18,1 - 2
2025-03-20,Ukraine,Belgium,1836,34,3 - 1
2025-03-23,Ukraine,Belgium,1809,-27,3 - 0
2025-06-07,Ukraine,Canada,1791,-18,4 - 2
2025-06-10,Ukraine,New Zealand,1799,8,2 - 1
2025-09-05,Ukraine,France,1788,-11,2 - 0
2025-09-09,Ukraine,Azerbaijan,1773,-15,1 - 1
2025-10-10,Ukraine,Iceland,1794,21,3 - 5
2025-10-13,Ukraine,Azerbaijan,1797,3,2 - 1
2025-11-13,Ukraine,France,1788,-9,4 - 0
2025-11-16,Ukraine,Iceland,1802,14,2 - 0
2026-03-26,Ukraine,Sweden,1760,-42,3 - 1
2026-03-31,Ukraine,Albania,1767,7,1 - 0
2026-05-31,Ukraine,Poland,1785,18,0 - 2
2026-06-07,Ukraine,Denmark,1780,-5,2 - 1
2021-06-03,United Arab Emirates,Malaysia,1459,8,4 - 0
2021-06-07,United Arab Emirates,Thailand,1472,13,3 - 1
2021-06-11,United Arab Emirates,Indonesia,1477,5,5 - 0
2021-06-15,United Arab Emirates,Vietnam,1489,12,3 - 2
2021-09-02,United Arab Emirates,Lebanon,1477,-12,0 - 0
2021-09-07,United Arab Emirates,Syria,1475,-2,1 - 1
2021-10-07,United Arab Emirates,Iran,1467,-8,0 - 1
2021-10-12,United Arab Emirates,Iraq,1469,2,2 - 2
2021-11-11,United Arab Emirates,South Korea,1465,-4,1 - 0
2021-11-16,United Arab Emirates,Lebanon,1487,22,0 - 1
2021-11-30,United Arab Emirates,Syria,1503,16,2 - 1
2021-12-03,United Arab Emirates,Mauritania,1514,11,1 - 0
2021-12-06,United Arab Emirates,Tunisia,1499,-15,1 - 0
2021-12-10,United Arab Emirates,Qatar,1486,-13,5 - 0
2022-01-27,United Arab Emirates,Syria,1503,17,2 - 0
2022-02-01,United Arab Emirates,Iran,1500,-3,1 - 0
2022-03-24,United Arab Emirates,Iraq,1483,-17,1 - 0
2022-03-29,United Arab Emirates,South Korea,1515,32,1 - 0
2022-05-29,United Arab Emirates,Gambia,1510,-5,1 - 1
2022-06-07,United Arab Emirates,Australia,1499,-11,2 - 1
2022-09-23,United Arab Emirates,Paraguay,1495,-4,1 - 0
2022-09-27,United Arab Emirates,Venezuela,1485,-10,4 - 0
2022-11-16,United Arab Emirates,Argentina,1483,-2,0 - 5
2022-11-19,United Arab Emirates,Kazakhstan,1488,5,2 - 1
2022-12-30,United Arab Emirates,Lebanon,1492,4,1 - 0
2023-01-07,United Arab Emirates,Bahrain,1472,-20,2 - 1
2023-01-10,United Arab Emirates,Kuwait,1443,-29,1 - 0
2023-01-13,United Arab Emirates,Qatar,1450,7,1 - 1
2023-03-25,United Arab Emirates,Tajikistan,1444,-6,0 - 0
2023-03-28,United Arab Emirates,Thailand,1453,9,2 - 0
2023-09-12,United Arab Emirates,Costa Rica,1479,26,4 - 1
2023-10-12,United Arab Emirates,Kuwait,1484,5,1 - 0
2023-10-17,United Arab Emirates,Lebanon,1487,3,2 - 1
2023-11-16,United Arab Emirates,Nepal,1489,2,4 - 0
2023-11-21,United Arab Emirates,Bahrain,1527,38,0 - 2
2023-12-30,United Arab Emirates,Kyrgyzstan,1529,2,1 - 0
2024-01-06,United Arab Emirates,Oman,1517,-12,0 - 1
2024-01-14,United Arab Emirates,Hong Kong,1523,6,3 - 1
2024-01-18,United Arab Emirates,Palestine,1515,-8,1 - 1
2024-01-23,United Arab Emirates,Iran,1508,-7,2 - 1
2024-01-28,United Arab Emirates,Tajikistan,1500,-8,1 - 1
2024-03-21,United Arab Emirates,Yemen,1502,2,2 - 1
2024-03-26,United Arab Emirates,Yemen,1508,6,3 - 0
2024-06-06,United Arab Emirates,Nepal,1510,2,4 - 0
2024-06-11,United Arab Emirates,Bahrain,1501,-9,1 - 1
2024-09-05,United Arab Emirates,Qatar,1548,47,1 - 3
2024-09-10,United Arab Emirates,Iran,1537,-11,0 - 1
2024-10-10,United Arab Emirates,North Korea,1525,-12,1 - 1
2024-10-15,United Arab Emirates,Uzbekistan,1518,-7,1 - 0
2024-11-14,United Arab Emirates,Kyrgyzstan,1527,9,3 - 0
2024-11-19,United Arab Emirates,Qatar,1562,35,5 - 0
2024-12-21,United Arab Emirates,Qatar,1561,-1,1 - 1
2024-12-24,United Arab Emirates,Kuwait,1533,-28,2 - 1
2024-12-27,United Arab Emirates,Oman,1532,-1,1 - 1
2025-03-20,United Arab Emirates,Iran,1527,-5,2 - 0
2025-03-25,United Arab Emirates,North Korea,1540,13,2 - 1
2025-06-05,United Arab Emirates,Uzbekistan,1543,3,0 - 0
2025-06-10,United Arab Emirates,Kyrgyzstan,1536,-7,1 - 1
2025-09-04,United Arab Emirates,Syria,1543,7,3 - 1
2025-09-08,United Arab Emirates,Bahrain,1548,5,1 - 0
2025-10-11,United Arab Emirates,Oman,1566,18,2 - 1
2025-10-14,United Arab Emirates,Qatar,1549,-19,2 - 1
2025-11-13,United Arab Emirates,Iraq,1545,-4,1 - 1
2025-11-18,United Arab Emirates,Iraq,1533,-12,2 - 1
2025-12-03,United Arab Emirates,Jordan,1517,-16,2 - 1
2025-12-06,United Arab Emirates,Egypt,1523,6,1 - 1
2025-12-09,United Arab Emirates,Kuwait,1539,16,3 - 1
2025-12-12,United Arab Emirates,Algeria,1549,10,1 - 1
2025-12-15,United Arab Emirates,Morocco,1537,-12,3 - 0
2025-12-18,United Arab Emirates,Saudi Arabia,1540,3,0 - 0
2021-06-02,United States Virgin Islands,Montserrat,661,-17,4 - 0
2021-06-05,United States Virgin Islands,El Salvador,659,-2,0 - 7
2022-06-03,United States Virgin Islands,Sint Maarten,665,6,1 - 1
2022-06-06,United States Virgin Islands,Turks and Caicos Islands,684,19,3 - 2
2022-06-11,United States Virgin Islands,Bonaire,669,-15,0 - 2
2022-06-14,United States Virgin Islands,Bonaire,661,-8,2 - 0
2023-03-25,United States Virgin Islands,Turks and Caicos Islands,650,-11,1 - 0
2023-03-28,United States Virgin Islands,Sint Maarten,634,-16,1 - 2
2023-09-07,United States Virgin Islands,Cayman Islands,639,5,2 - 2
2023-10-14,United States Virgin Islands,Aruba,634,-5,3 - 1
2023-10-17,United States Virgin Islands,Cayman Islands,627,-7,2 - 1
2023-11-16,United States Virgin Islands,Aruba,613,-14,1 - 4
2024-03-22,United States Virgin Islands,British Virgin Islands,610,-3,1 - 1
2024-03-26,United States Virgin Islands,British Virgin Islands,618,8,0 - 0
2024-09-04,United States Virgin Islands,Bahamas,623,5,3 - 3
2024-09-10,United States Virgin Islands,Barbados,608,-15,0 - 3
2024-10-09,United States Virgin Islands,Barbados,602,-6,5 - 0
2024-10-12,United States Virgin Islands,Bahamas,587,-15,3 - 1
2025-11-14,United States Virgin Islands,Grenada,617,-1,4 - 1
2026-03-25,United States Virgin Islands,American Samoa,629,11,5 - 2
2026-03-28,United States Virgin Islands,Puerto Rico,628,-1,2 - 0
2021-06-03,Uruguay,Paraguay,1940,-14,0 - 0
2021-06-08,Uruguay,Venezuela,1936,-4,0 - 0
2021-06-18,Uruguay,Argentina,1913,-23,1 - 0
2021-06-21,Uruguay,Chile,1908,-5,1 - 1
2021-06-24,Uruguay,Bolivia,1919,11,2 - 0
2021-06-28,Uruguay,Paraguay,1938,19,1 - 0
2021-07-03,Uruguay,Colombia,1935,-3,0 - 0
2021-09-02,Uruguay,Peru,1934,-1,1 - 1
2021-09-05,Uruguay,Bolivia,1938,4,4 - 2
2021-09-09,Uruguay,Ecuador,1946,8,1 - 0
2021-10-07,Uruguay,Colombia,1939,-7,0 - 0
2021-10-10,Uruguay,Argentina,1924,-15,3 - 0
2021-10-14,Uruguay,Brazil,1914,-10,4 - 1
2021-11-12,Uruguay,Argentina,1898,-16,0 - 1
2021-11-16,Uruguay,Bolivia,1848,-50,3 - 0
2022-01-27,Uruguay,Paraguay,1867,19,0 - 1
2022-02-01,Uruguay,Venezuela,1880,13,4 - 1
2022-03-24,Uruguay,Peru,1893,13,1 - 0
2022-03-29,Uruguay,Chile,1923,30,0 - 2
2022-06-02,Uruguay,Mexico,1937,14,3 - 0
2022-06-05,Uruguay,USA,1937,0,0 - 0
2022-06-11,Uruguay,Panama,1941,4,5 - 0
2022-09-23,Uruguay,Iran,1927,-14,1 - 0
2022-09-27,Uruguay,Canada,1936,9,2 - 0
2022-11-24,Uruguay,South Korea,1924,-12,0 - 0
2022-11-28,Uruguay,Portugal,1890,-34,2 - 0
2022-12-02,Uruguay,Ghana,1905,15,2 - 0
2023-03-24,Uruguay,Japan,1906,1,1 - 1
2023-03-28,Uruguay,South Korea,1916,10,1 - 2
2023-06-14,Uruguay,Nicaragua,1916,0,4 - 1
2023-06-20,Uruguay,Cuba,1917,1,2 - 0
2023-09-08,Uruguay,Chile,1926,9,3 - 1
2023-09-12,Uruguay,Ecuador,1907,-19,2 - 1
2023-10-12,Uruguay,Colombia,1915,8,2 - 2
2023-10-17,Uruguay,Brazil,1951,36,2 - 0
2023-11-16,Uruguay,Argentina,2003,52,0 - 2
2023-11-21,Uruguay,Bolivia,2007,4,3 - 0
2024-03-26,Uruguay,Côte d'Ivoire,1989,-18,2 - 1
2024-05-31,Uruguay,Costa Rica,1982,-7,0 - 0
2024-06-05,Uruguay,Mexico,1992,10,4 - 0
2024-06-23,Uruguay,Panama,2004,12,3 - 1
2024-06-27,Uruguay,Bolivia,2012,8,5 - 0
2024-07-01,Uruguay,USA,2027,15,0 - 1
2024-07-06,Uruguay,Brazil,2027,0,0 - 0
2024-07-10,Uruguay,Colombia,2003,-24,1 - 0
2024-07-13,Uruguay,Canada,1987,-16,2 - 2
2024-09-01,Uruguay,Guatemala,1978,-9,1 - 1
2024-09-06,Uruguay,Paraguay,1961,-17,0 - 0
2024-09-10,Uruguay,Venezuela,1956,-5,0 - 0
2024-10-11,Uruguay,Peru,1928,-28,1 - 0
2024-10-15,Uruguay,Ecuador,1919,-9,0 - 0
2024-11-15,Uruguay,Colombia,1940,21,3 - 2
2024-11-19,Uruguay,Brazil,1949,9,1 - 1
2025-03-21,Uruguay,Argentina,1932,-17,0 - 1
2025-03-25,Uruguay,Bolivia,1922,-10,0 - 0
2025-06-05,Uruguay,Paraguay,1889,-32,2 - 0
2025-06-10,Uruguay,Venezuela,1901,12,2 - 0
2025-09-04,Uruguay,Peru,1914,13,3 - 0
2025-09-09,Uruguay,Chile,1907,-7,0 - 0
2025-10-10,Uruguay,Dominican Republic,1908,1,1 - 0
2025-10-13,Uruguay,Uzbekistan,1913,5,2 - 1
2025-11-15,Uruguay,Mexico,1914,1,0 - 0
2025-11-18,Uruguay,USA,1890,-24,5 - 1
2026-03-27,Uruguay,England,1896,6,1 - 1
2026-03-31,Uruguay,Algeria,1892,-4,0 - 0
2021-06-07,Uzbekistan,Singapore,1567,7,5 - 0
2021-06-11,Uzbekistan,Yemen,1571,4,1 - 0
2021-06-15,Uzbekistan,Saudi Arabia,1547,-24,3 - 0
2021-09-05,Uzbekistan,Sweden,1546,-1,2 - 1
2021-10-09,Uzbekistan,Malaysia,1553,7,5 - 1
2021-10-12,Uzbekistan,Jordan,1529,-24,3 - 0
2021-11-15,Uzbekistan,Georgia,1522,-7,1 - 0
2022-01-27,Uzbekistan,South Sudan,1525,3,3 - 0
2022-03-25,Uzbekistan,Kyrgyzstan,1530,5,3 - 1
2022-03-29,Uzbekistan,Uganda,1542,12,4 - 2
2022-06-08,Uzbekistan,Sri Lanka,1542,0,3 - 0
2022-06-11,Uzbekistan,Maldives,1543,1,4 - 0
2022-06-14,Uzbekistan,Thailand,1555,12,2 - 0
2022-09-23,Uzbekistan,Cameroon,1573,18,2 - 0
2022-09-27,Uzbekistan,Costa Rica,1567,-6,2 - 1
2022-11-16,Uzbekistan,Kazakhstan,1572,5,2 - 0
2022-11-20,Uzbekistan,Russia,1574,2,0 - 0
2023-03-24,Uzbekistan,Bolivia,1585,11,1 - 0
2023-03-28,Uzbekistan,Venezuela,1588,3,1 - 1
2023-06-11,Uzbekistan,Oman,1614,26,3 - 0
2023-06-14,Uzbekistan,Turkmenistan,1618,4,2 - 0
2023-06-17,Uzbekistan,Tajikistan,1625,7,5 - 1
2023-06-20,Uzbekistan,Iran,1608,-17,0 - 1
2023-09-09,Uzbekistan,USA,1603,-5,3 - 0
2023-09-12,Uzbekistan,Mexico,1609,6,3 - 3
2023-10-13,Uzbekistan,Vietnam,1616,7,2 - 0
2023-10-16,Uzbekistan,China,1625,9,1 - 2
2023-11-16,Uzbekistan,Turkmenistan,1634,9,1 - 3
2023-11-21,Uzbekistan,Iran,1639,5,2 - 2
2023-12-25,Uzbekistan,Kyrgyzstan,1642,3,4 - 1
2024-01-07,Uzbekistan,Palestine,1646,4,1 - 0
2024-01-13,Uzbekistan,Syria,1632,-14,0 - 0
2024-01-18,Uzbekistan,India,1641,9,3 - 0
2024-01-23,Uzbekistan,Australia,1651,10,1 - 1
2024-01-30,Uzbekistan,Thailand,1662,11,2 - 1
2024-02-03,Uzbekistan,Qatar,1662,0,1 - 1
2024-03-21,Uzbekistan,Hong Kong,1665,3,0 - 2
2024-03-26,Uzbekistan,Hong Kong,1666,1,3 - 0
2024-06-06,Uzbekistan,Turkmenistan,1668,2,3 - 1
2024-06-11,Uzbekistan,Iran,1680,12,0 - 0
2024-09-05,Uzbekistan,North Korea,1684,4,1 - 0
2024-09-10,Uzbekistan,Kyrgyzstan,1690,6,2 - 3
2024-10-10,Uzbekistan,Iran,1692,2,0 - 0
2024-10-15,Uzbekistan,United Arab Emirates,1699,7,1 - 0
2024-11-14,Uzbekistan,Qatar,1677,-22,3 - 2
2024-11-19,Uzbekistan,North Korea,1683,6,1 - 0
2025-01-27,Uzbekistan,Jordan,1681,-2,0 - 0
2025-03-20,Uzbekistan,Kyrgyzstan,1683,2,1 - 0
2025-03-25,Uzbekistan,Iran,1696,13,2 - 2
2025-06-05,Uzbekistan,United Arab Emirates,1693,-3,0 - 0
2025-06-10,Uzbekistan,Qatar,1706,13,3 - 0
2025-09-02,Uzbekistan,Turkmenistan,1694,2,2 - 1
2025-09-05,Uzbekistan,Kyrgyzstan,1698,4,4 - 0
2025-09-08,Uzbekistan,Iran,1717,19,1 - 0
2025-10-09,Uzbekistan,Kuwait,1718,1,2 - 0
2025-10-13,Uzbekistan,Uruguay,1713,-5,2 - 1
2025-11-14,Uzbekistan,Egypt,1734,19,2 - 0
2025-11-18,Uzbekistan,Iran,1735,1,0 - 0
2026-01-26,Uzbekistan,China,1728,-7,2 - 2
2026-03-27,Uzbekistan,Gabon,1732,4,3 - 1
2026-03-30,Uzbekistan,Venezuela,1727,-5,0 - 0
2026-06-01,Uzbekistan,Canada,1718,-9,2 - 0
2026-06-08,Uzbekistan,Netherlands,1714,-4,2 - 1
2022-03-10,Vanuatu,Fiji,1158,-15,3 - 0
2022-03-28,Vanuatu,Fiji,1150,-8,2 - 1
2022-09-24,Vanuatu,Papua New Guinea,1126,-24,0 - 1
2023-03-20,Vanuatu,Fiji,1149,23,1 - 2
2023-03-23,Vanuatu,Solomon Islands,1130,-19,2 - 0
2023-06-09,Vanuatu,Lebanon,1118,-12,3 - 1
2023-06-12,Vanuatu,India,1111,-7,1 - 0
2023-06-15,Vanuatu,Mongolia,1116,5,1 - 0
2023-10-08,Vanuatu,New Caledonia,1095,-21,4 - 0
2023-10-11,Vanuatu,Solomon Islands,1084,-11,1 - 0
2023-10-14,Vanuatu,Papua New Guinea,1108,24,0 - 1
2023-11-20,Vanuatu,Tuvalu,1117,9,6 - 0
2023-11-23,Vanuatu,Papua New Guinea,1118,1,1 - 1
2023-11-28,Vanuatu,New Caledonia,1103,-15,1 - 0
2023-12-01,Vanuatu,Fiji,1080,-23,4 - 2
2024-03-21,Vanuatu,Guinea,1074,-6,6 - 0
2024-03-26,Vanuatu,Brunei,1046,-28,3 - 2
2024-06-15,Vanuatu,Solomon Islands,1081,35,1 - 0
2024-06-21,Vanuatu,New Zealand,1071,-10,0 - 4
2024-06-27,Vanuatu,Fiji,1102,31,2 - 1
2024-06-30,Vanuatu,New Zealand,1092,-10,0 - 3
2024-10-12,Vanuatu,Samoa,1097,5,4 - 1
2024-11-15,Vanuatu,New Zealand,1094,-3,8 - 1
2024-11-18,Vanuatu,Tahiti,1072,-22,2 - 0
2024-12-09,Vanuatu,Solomon Islands,1056,-16,4 - 1
2024-12-12,Vanuatu,Fiji,1065,9,1 - 1
2024-12-21,Vanuatu,Papua New Guinea,1046,-19,2 - 1
2025-11-17,Vanuatu,Fiji,1086,40,2 - 0
2025-11-20,Vanuatu,Solomon Islands,1107,21,2 - 1
2025-11-23,Vanuatu,Papua New Guinea,1114,7,2 - 2
2026-06-06,Vanuatu,Fiji,1120,7,2 - 1
2026-06-09,Vanuatu,Fiji,1117,-3,2 - 2
2021-06-03,Venezuela,Bolivia,1762,-40,3 - 1
2021-06-08,Venezuela,Uruguay,1766,4,0 - 0
2021-06-13,Venezuela,Brazil,1761,-5,3 - 0
2021-06-17,Venezuela,Colombia,1773,12,0 - 0
2021-06-20,Venezuela,Ecuador,1773,0,2 - 2
2021-06-27,Venezuela,Peru,1751,-22,1 - 0
2021-09-02,Venezuela,Argentina,1737,-14,1 - 3
2021-09-05,Venezuela,Peru,1726,-11,1 - 0
2021-09-09,Venezuela,Paraguay,1715,-11,2 - 1
2021-10-07,Venezuela,Brazil,1707,-8,1 - 3
2021-10-10,Venezuela,Ecuador,1727,20,2 - 1
2021-10-14,Venezuela,Chile,1707,-20,3 - 0
2021-11-11,Venezuela,Ecuador,1697,-10,1 - 0
2021-11-16,Venezuela,Peru,1678,-19,1 - 2
2022-01-28,Venezuela,Bolivia,1705,27,4 - 1
2022-02-01,Venezuela,Uruguay,1692,-13,4 - 1
2022-03-25,Venezuela,Argentina,1689,-3,3 - 0
2022-03-29,Venezuela,Colombia,1674,-15,0 - 1
2022-06-01,Venezuela,Malta,1677,3,0 - 1
2022-06-09,Venezuela,Saudi Arabia,1686,9,1 - 0
2022-09-22,Venezuela,Iceland,1672,-14,1 - 0
2022-09-27,Venezuela,United Arab Emirates,1682,10,4 - 0
2022-11-15,Venezuela,Panama,1681,-1,2 - 2
2022-11-20,Venezuela,Syria,1685,4,2 - 1
2023-03-24,Venezuela,Saudi Arabia,1695,10,1 - 2
2023-03-28,Venezuela,Uzbekistan,1692,-3,1 - 1
2023-06-15,Venezuela,Honduras,1696,4,1 - 0
2023-06-18,Venezuela,Guatemala,1700,4,1 - 0
2023-09-07,Venezuela,Colombia,1695,-5,1 - 0
2023-09-12,Venezuela,Paraguay,1711,16,1 - 0
2023-10-12,Venezuela,Brazil,1729,18,1 - 1
2023-10-17,Venezuela,Chile,1755,26,3 - 0
2023-11-16,Venezuela,Ecuador,1756,1,0 - 0
2023-11-21,Venezuela,Peru,1761,5,1 - 1
2023-12-10,Venezuela,Colombia,1756,-5,1 - 0
2024-03-21,Venezuela,Italy,1751,-5,2 - 1
2024-03-24,Venezuela,Guatemala,1745,-6,0 - 0
2024-06-22,Venezuela,Ecuador,1779,34,2 - 1
2024-06-26,Venezuela,Mexico,1806,27,1 - 0
2024-06-30,Venezuela,Jamaica,1827,21,3 - 0
2024-07-05,Venezuela,Canada,1821,-6,1 - 1
2024-09-05,Venezuela,Bolivia,1766,-55,4 - 0
2024-09-10,Venezuela,Uruguay,1771,5,0 - 0
2024-10-10,Venezuela,Argentina,1784,13,1 - 1
2024-10-15,Venezuela,Paraguay,1766,-18,2 - 1
2024-11-14,Venezuela,Brazil,1774,8,1 - 1
2024-11-19,Venezuela,Chile,1745,-29,4 - 2
2025-01-18,Venezuela,USA,1735,-10,3 - 1
2025-03-21,Venezuela,Ecuador,1728,-7,2 - 1
2025-03-25,Venezuela,Peru,1743,15,1 - 0
2025-06-06,Venezuela,Bolivia,1757,15,2 - 0
2025-06-10,Venezuela,Uruguay,1745,-12,2 - 0
2025-09-04,Venezuela,Argentina,1741,-4,3 - 0
2025-09-09,Venezuela,Colombia,1717,-24,3 - 6
2025-10-10,Venezuela,Argentina,1715,-2,1 - 0
2025-11-14,Venezuela,Australia,1727,12,1 - 0
2025-11-18,Venezuela,Canada,1715,-12,2 - 0
2026-03-27,Venezuela,Trinidad and Tobago,1722,7,4 - 1
2026-03-30,Venezuela,Uzbekistan,1727,5,0 - 0
2026-06-06,Venezuela,Turkey,1722,-5,2 - 1
2026-06-09,Venezuela,Iraq,1733,11,2 - 0
2021-06-07,Vietnam,Indonesia,1422,12,4 - 0
2021-06-11,Vietnam,Malaysia,1430,8,2 - 1
2021-06-15,Vietnam,United Arab Emirates,1418,-12,3 - 2
2021-09-02,Vietnam,Saudi Arabia,1408,-10,3 - 1
2021-09-07,Vietnam,Australia,1400,-8,0 - 1
2021-10-07,Vietnam,China,1385,-15,3 - 2
2021-10-12,Vietnam,Oman,1372,-13,3 - 1
2021-11-11,Vietnam,Japan,1365,-7,0 - 1
2021-11-16,Vietnam,Saudi Arabia,1356,-9,0 - 1
2021-12-06,Vietnam,Laos,1357,1,2 - 0
2021-12-12,Vietnam,Malaysia,1377,20,3 - 0
2021-12-15,Vietnam,Indonesia,1365,-12,0 - 0
2021-12-19,Vietnam,Cambodia,1369,4,4 - 0
2021-12-23,Vietnam,Thailand,1336,-33,2 - 0
2021-12-26,Vietnam,Thailand,1338,2,0 - 0
2022-01-27,Vietnam,Australia,1334,-4,4 - 0
2022-02-01,Vietnam,China,1369,35,3 - 1
2022-03-24,Vietnam,Oman,1352,-17,0 - 1
2022-03-29,Vietnam,Japan,1370,18,1 - 1
2022-06-01,Vietnam,Afghanistan,1374,4,2 - 0
2022-09-21,Vietnam,Singapore,1381,7,4 - 0
2022-09-27,Vietnam,India,1391,10,3 - 0
2022-12-14,Vietnam,Philippines,1393,2,1 - 0
2022-12-21,Vietnam,Laos,1395,2,0 - 6
2022-12-27,Vietnam,Malaysia,1407,12,3 - 0
2022-12-30,Vietnam,Singapore,1398,-9,0 - 0
2023-01-03,Vietnam,Myanmar,1400,2,3 - 0
2023-01-06,Vietnam,Indonesia,1399,-1,0 - 0
2023-01-09,Vietnam,Indonesia,1413,14,2 - 0
2023-01-13,Vietnam,Thailand,1406,-7,2 - 2
2023-01-16,Vietnam,Thailand,1390,-16,1 - 0
2023-06-15,Vietnam,Hong Kong,1392,2,1 - 0
2023-06-20,Vietnam,Syria,1400,8,1 - 0
2023-09-11,Vietnam,Palestine,1412,12,2 - 0
2023-10-10,Vietnam,China,1403,-9,2 - 0
2023-10-13,Vietnam,Uzbekistan,1396,-7,2 - 0
2023-10-17,Vietnam,South Korea,1394,-2,6 - 0
2023-11-16,Vietnam,Philippines,1406,12,0 - 2
2023-11-21,Vietnam,Iraq,1392,-14,0 - 1
2024-01-09,Vietnam,Kyrgyzstan,1378,-14,2 - 1
2024-01-14,Vietnam,Japan,1375,-3,4 - 2
2024-01-19,Vietnam,Indonesia,1341,-34,1 - 0
2024-01-24,Vietnam,Iraq,1334,-7,3 - 2
2024-03-21,Vietnam,Indonesia,1316,-18,1 - 0
2024-03-26,Vietnam,Indonesia,1269,-47,0 - 3
2024-06-06,Vietnam,Philippines,1274,5,3 - 2
2024-06-11,Vietnam,Iraq,1270,-4,3 - 1
2024-09-05,Vietnam,Russia,1265,-5,0 - 3
2024-09-10,Vietnam,Thailand,1253,-12,1 - 2
2024-10-12,Vietnam,India,1248,-5,1 - 1
2024-12-09,Vietnam,Laos,1252,4,1 - 4
2024-12-15,Vietnam,Indonesia,1273,21,1 - 0
2024-12-18,Vietnam,Philippines,1266,-7,1 - 1
2024-12-21,Vietnam,Myanmar,1272,6,5 - 0
2024-12-26,Vietnam,Singapore,1296,24,0 - 2
2024-12-29,Vietnam,Singapore,1304,8,3 - 1
2025-01-02,Vietnam,Thailand,1325,21,2 - 1
2025-01-05,Vietnam,Thailand,1355,30,2 - 3
2025-03-19,Vietnam,Cambodia,1356,1,2 - 1
2025-03-25,Vietnam,Laos,1357,1,5 - 0
2025-06-10,Vietnam,Malaysia,1319,-38,4 - 0
2025-10-09,Vietnam,Nepal,1322,3,3 - 1
2025-10-14,Vietnam,Nepal,1326,2,1 - 0
2025-11-19,Vietnam,Laos,1329,3,0 - 2
2026-03-26,Vietnam,Bangladesh,1331,2,3 - 0
2026-03-31,Vietnam,Malaysia,1351,20,3 - 1
2021-06-02,Wales,France,1841,-4,3 - 0
2021-06-05,Wales,Albania,1833,-8,0 - 0
2021-06-12,Wales,Switzerland,1837,4,1 - 1
2021-06-16,Wales,Turkey,1869,32,2 - 0
2021-06-20,Wales,Italy,1860,-9,1 - 0
2021-06-26,Wales,Denmark,1822,-38,4 - 0
2021-09-01,Wales,Finland,1822,0,0 - 0
2021-09-05,Wales,Belarus,1827,5,3 - 2
2021-09-08,Wales,Estonia,1809,-18,0 - 0
2021-10-08,Wales,Czech Republic,1816,7,2 - 2
2021-10-11,Wales,Estonia,1823,7,0 - 1
2021-11-13,Wales,Belarus,1828,5,5 - 1
2021-11-16,Wales,Belgium,1836,8,1 - 1
2022-03-24,Wales,Austria,1845,9,2 - 1
2022-03-29,Wales,Czech Republic,1842,-3,1 - 1
2022-06-01,Wales,Poland,1825,-17,2 - 1
2022-06-05,Wales,Ukraine,1841,16,1 - 0
2022-06-08,Wales,Netherlands,1824,-17,1 - 2
2022-06-11,Wales,Belgium,1830,6,1 - 1
2022-06-14,Wales,Netherlands,1823,-7,3 - 2
2022-09-22,Wales,Belgium,1817,-6,2 - 1
2022-09-25,Wales,Poland,1790,-27,0 - 1
2022-11-21,Wales,USA,1791,1,1 - 1
2022-11-25,Wales,Iran,1742,-49,2 - 0
2022-11-29,Wales,England,1717,-25,3 - 0
2023-03-25,Wales,Croatia,1732,15,1 - 1
2023-03-28,Wales,Latvia,1734,2,1 - 0
2023-06-16,Wales,Armenia,1680,-54,2 - 4
2023-06-19,Wales,Turkey,1661,-19,2 - 0
2023-09-07,Wales,South Korea,1661,0,0 - 0
2023-09-11,Wales,Latvia,1674,13,0 - 2
2023-10-11,Wales,Gibraltar,1675,1,4 - 0
2023-10-15,Wales,Croatia,1706,31,2 - 1
2023-11-18,Wales,Armenia,1698,-8,1 - 1
2023-11-21,Wales,Turkey,1696,-2,1 - 1
2024-03-21,Wales,Finland,1716,20,4 - 1
2024-03-26,Wales,Poland,1710,-6,0 - 0
2024-06-06,Wales,Gibraltar,1700,-10,0 - 0
2024-06-09,Wales,Slovakia,1684,-16,4 - 0
2024-09-06,Wales,Turkey,1685,1,0 - 0
2024-09-09,Wales,Montenegro,1702,17,1 - 2
2024-10-11,Wales,Iceland,1700,-2,2 - 2
2024-10-14,Wales,Montenegro,1706,6,1 - 0
2024-11-16,Wales,Turkey,1718,12,0 - 0
2024-11-19,Wales,Iceland,1733,15,4 - 1
2025-03-22,Wales,Kazakhstan,1738,5,3 - 1
2025-03-25,Wales,North Macedonia,1737,-1,1 - 1
2025-06-06,Wales,Liechtenstein,1736,0,3 - 0
2025-06-09,Wales,Belgium,1726,-10,4 - 3
2025-09-04,Wales,Kazakhstan,1735,9,0 - 1
2025-09-09,Wales,Canada,1724,-11,0 - 1
2025-10-09,Wales,England,1721,-3,3 - 0
2025-10-13,Wales,Belgium,1692,-29,2 - 4
2025-11-15,Wales,Liechtenstein,1693,1,0 - 1
2025-11-18,Wales,North Macedonia,1715,22,7 - 1
2026-03-26,Wales,Bosnia and Herzegovina,1703,-12,1 - 1
2026-03-31,Wales,Northern Ireland,1698,-5,1 - 1
2026-06-02,Wales,Ghana,1691,-7,1 - 1
2026-06-06,Wales,Romania,1682,-9,2 - 1
2021-06-05,Yemen,Saudi Arabia,1203,-4,3 - 0
2021-06-11,Yemen,Uzbekistan,1199,-4,1 - 0
2021-06-15,Yemen,Palestine,1183,-16,3 - 0
2021-06-22,Yemen,Mauritania,1169,-14,2 - 0
2022-06-08,Yemen,Philippines,1165,-4,0 - 0
2022-06-11,Yemen,Palestine,1149,-16,5 - 0
2022-06-14,Yemen,Mongolia,1098,-51,2 - 0
2023-01-06,Yemen,Saudi Arabia,1096,-2,2 - 0
2023-01-09,Yemen,Oman,1094,-2,3 - 2
2023-01-12,Yemen,Iraq,1092,-2,5 - 0
2023-10-12,Yemen,Sri Lanka,1098,6,3 - 0
2023-10-17,Yemen,Sri Lanka,1083,-15,1 - 1
2023-11-16,Yemen,Bahrain,1077,-6,2 - 0
2023-11-21,Yemen,Nepal,1102,25,0 - 2
2024-03-21,Yemen,United Arab Emirates,1100,-2,2 - 1
2024-03-26,Yemen,United Arab Emirates,1094,-6,3 - 0
2024-06-06,Yemen,Bahrain,1111,17,0 - 0
2024-06-11,Yemen,Nepal,1100,-11,2 - 2
2024-11-16,Yemen,Sri Lanka,1082,-18,1 - 0
2024-11-19,Yemen,Sri Lanka,1085,3,2 - 0
2024-12-09,Yemen,Kuwait,1091,6,1 - 1
2024-12-16,Yemen,Oman,1090,-1,1 - 0
2024-12-22,Yemen,Iraq,1089,-1,1 - 0
2024-12-25,Yemen,Saudi Arabia,1086,-3,3 - 2
2024-12-28,Yemen,Bahrain,1123,37,2 - 1
2025-03-25,Yemen,Bhutan,1107,-16,0 - 0
2025-06-10,Yemen,Lebanon,1118,12,0 - 0
2025-10-09,Yemen,Brunei,1126,7,0 - 2
2025-10-14,Yemen,Brunei,1134,6,9 - 0
2025-11-18,Yemen,Bhutan,1138,4,7 - 1
2025-11-26,Yemen,Comoros,1151,13,4 - 4
2026-06-04,Yemen,Lebanon,1195,44,2 - 0
2021-06-05,Zambia,Senegal,1487,-4,3 - 1
2021-06-08,Zambia,Benin,1489,2,2 - 2
2021-06-11,Zambia,Sudan,1479,-10,3 - 2
2021-06-13,Zambia,Sudan,1489,10,0 - 1
2021-07-08,Zambia,Lesotho,1456,-33,2 - 1
2021-07-10,Zambia,Eswatini,1423,-33,1 - 0
2021-07-13,Zambia,Botswana,1437,14,2 - 1
2021-07-14,Zambia,South Africa,1446,9,0 - 0
2021-09-03,Zambia,Mauritania,1469,23,1 - 2
2021-09-07,Zambia,Tunisia,1446,-23,0 - 2
2021-10-07,Zambia,Equatorial Guinea,1418,-28,2 - 0
2021-10-10,Zambia,Equatorial Guinea,1411,-7,1 - 1
2021-11-13,Zambia,Mauritania,1434,23,4 - 0
2021-11-16,Zambia,Tunisia,1425,-9,3 - 1
2022-03-18,Zambia,Iraq,1418,-7,3 - 1
2022-03-25,Zambia,Congo,1429,11,3 - 1
2022-03-27,Zambia,Benin,1420,-9,2 - 1
2022-06-03,Zambia,Côte d'Ivoire,1413,-7,3 - 1
2022-06-07,Zambia,Comoros,1422,9,2 - 1
2022-07-12,Zambia,Botswana,1418,-4,1 - 1
2022-07-15,Zambia,Senegal,1452,34,4 - 3
2022-07-17,Zambia,Namibia,1468,16,1 - 0
2022-09-23,Zambia,Mali,1464,-4,1 - 0
2022-09-26,Zambia,Mali,1470,6,0 - 0
2022-11-17,Zambia,Israel,1465,-5,4 - 2
2023-03-23,Zambia,Lesotho,1473,8,3 - 1
2023-03-26,Zambia,Lesotho,1485,12,0 - 2
2023-06-12,Zambia,Kuwait,1461,-24,3 - 0
2023-06-17,Zambia,Côte d'Ivoire,1508,47,3 - 0
2023-07-06,Zambia,Malawi,1476,-32,1 - 0
2023-07-09,Zambia,Comoros,1485,9,2 - 1
2023-07-11,Zambia,Seychelles,1487,2,4 - 2
2023-07-14,Zambia,South Africa,1517,30,1 - 2
2023-07-16,Zambia,Lesotho,1523,6,1 - 0
2023-09-09,Zambia,Comoros,1511,-12,1 - 1
2023-10-12,Zambia,Egypt,1505,-6,1 - 0
2023-10-17,Zambia,Uganda,1517,12,3 - 0
2023-11-17,Zambia,Congo,1524,7,4 - 2
2023-11-21,Zambia,Niger,1489,-35,2 - 1
2024-01-09,Zambia,Cameroon,1493,4,1 - 1
2024-01-17,Zambia,DR Congo,1493,0,1 - 1
2024-01-21,Zambia,Tanzania,1483,-10,1 - 1
2024-01-24,Zambia,Morocco,1477,-6,1 - 0
2024-03-23,Zambia,Zimbabwe,1471,-6,2 - 2
2024-03-26,Zambia,Malawi,1484,13,1 - 2
2024-06-07,Zambia,Morocco,1480,-4,2 - 1
2024-06-11,Zambia,Tanzania,1448,-32,0 - 1
2024-06-27,Zambia,Kenya,1415,-33,2 - 0
2024-06-30,Zambia,Zimbabwe,1375,-40,2 - 0
2024-07-02,Zambia,Comoros,1352,-23,1 - 0
2024-09-06,Zambia,Côte d'Ivoire,1346,-6,2 - 0
2024-09-10,Zambia,Sierra Leone,1359,13,3 - 2
2024-10-11,Zambia,Chad,1345,-14,0 - 0
2024-10-15,Zambia,Chad,1356,11,1 - 0
2024-11-15,Zambia,Côte d'Ivoire,1384,28,1 - 0
2024-11-19,Zambia,Sierra Leone,1409,25,2 - 0
2025-03-25,Zambia,Russia,1407,-2,5 - 0
2025-06-06,Zambia,Comoros,1386,-20,1 - 0
2025-06-11,Zambia,Botswana,1384,-2,3 - 3
2025-09-08,Zambia,Morocco,1376,-8,0 - 2
2025-10-08,Zambia,Tanzania,1401,25,0 - 1
2025-10-12,Zambia,Niger,1374,-27,0 - 1
2025-11-15,Zambia,South Africa,1367,-6,3 - 1
2025-11-18,Zambia,Angola,1364,-3,3 - 2
2025-12-16,Zambia,DR Congo,1358,-6,2 - 0
2025-12-22,Zambia,Mali,1374,16,1 - 1
2025-12-26,Zambia,Comoros,1373,-1,0 - 0
2025-12-29,Zambia,Morocco,1370,-3,3 - 0
2026-03-31,Zambia,Argentina,1371,0,5 - 0
2023-12-27,Zanzibar,Tanzania,1326,-2,0 - 0
2021-07-07,Zimbabwe,Mozambique,1397,-7,0 - 0
2021-07-09,Zimbabwe,Malawi,1394,-3,2 - 2
2021-07-11,Zimbabwe,Namibia,1362,-32,2 - 0
2021-07-13,Zimbabwe,Senegal,1357,-5,2 - 1
2021-09-03,Zimbabwe,South Africa,1360,3,0 - 0
2021-09-07,Zimbabwe,Ethiopia,1344,-16,1 - 0
2021-10-09,Zimbabwe,Ghana,1337,-7,3 - 1
2021-10-12,Zimbabwe,Ghana,1325,-12,0 - 1
2021-11-11,Zimbabwe,South Africa,1320,-5,1 - 0
2021-11-14,Zimbabwe,Ethiopia,1315,-5,1 - 1
2022-01-02,Zimbabwe,Sudan,1315,0,0 - 0
2022-01-10,Zimbabwe,Senegal,1310,-5,1 - 0
2022-01-14,Zimbabwe,Malawi,1282,-28,2 - 1
2022-01-18,Zimbabwe,Guinea,1317,35,2 - 1
2023-09-04,Zimbabwe,Namibia,1316,-1,2 - 2
2023-09-30,Zimbabwe,Botswana,1320,4,1 - 1
2023-11-15,Zimbabwe,Rwanda,1323,3,0 - 0
2023-11-19,Zimbabwe,Nigeria,1336,13,1 - 1
2024-03-23,Zimbabwe,Zambia,1342,6,2 - 2
2024-03-26,Zimbabwe,Kenya,1322,-20,3 - 1
2024-06-07,Zimbabwe,Lesotho,1286,-36,2 - 0
2024-06-11,Zimbabwe,South Africa,1280,-6,3 - 1
2024-06-27,Zimbabwe,Comoros,1301,21,1 - 0
2024-06-30,Zimbabwe,Zambia,1341,40,2 - 0
2024-07-02,Zimbabwe,Kenya,1316,-25,2 - 0
2024-09-06,Zimbabwe,Kenya,1322,6,0 - 0
2024-09-10,Zimbabwe,Cameroon,1335,13,0 - 0
2024-10-10,Zimbabwe,Namibia,1356,21,1 - 0
2024-10-14,Zimbabwe,Namibia,1384,28,3 - 1
2024-11-15,Zimbabwe,Kenya,1386,2,1 - 1
2024-11-19,Zimbabwe,Cameroon,1380,-6,2 - 1
2025-03-20,Zimbabwe,Benin,1383,3,2 - 2
2025-03-25,Zimbabwe,Nigeria,1397,14,1 - 1
2025-06-04,Zimbabwe,Mauritius,1380,-15,0 - 0
2025-06-06,Zimbabwe,Burkina Faso,1370,-10,2 - 0
2025-06-07,Zimbabwe,South Africa,1361,-9,2 - 0
2025-06-10,Zimbabwe,Niger,1360,-1,1 - 1
2025-06-10,Zimbabwe,Mozambique,1399,39,3 - 1
2025-09-05,Zimbabwe,Benin,1380,-19,1 - 0
2025-09-09,Zimbabwe,Rwanda,1356,-24,1 - 0
2025-10-10,Zimbabwe,South Africa,1369,13,0 - 0
2025-10-13,Zimbabwe,Lesotho,1340,-29,1 - 0
2025-11-13,Zimbabwe,Algeria,1336,-3,3 - 1
2025-11-17,Zimbabwe,Qatar,1352,16,1 - 2
2025-12-22,Zimbabwe,Egypt,1342,-10,2 - 1
2025-12-26,Zimbabwe,Angola,1355,13,1 - 1
2025-12-29,Zimbabwe,South Africa,1342,-13,3 - 2
2026-03-28,Zimbabwe,Botswana,1371,29,0 - 3
2026-05-26,Zimbabwe,Nigeria,1366,-5,2 - 0
2026-05-30,Zimbabwe,India,1372,6,1 - 0
